Control_compuerta_1_maq_24,datetime,Control_compuerta_2_maq_92,Control_compuerta_3_maq_280,Control_modo_func_instalacion_382,Control_modo_func_instalacion_428,Control_compuerta_4_maq_786,Control_modo_func_instalacion_955,potencia_electrica_activa_1_maq_1,potencia_electrica_activa_2_maq_27,potencia_electrica_activa_3_maq_48,potencia_electrica_activa_4_maq_49,presiones_alta_c1_1_maq_9,presiones_baja_c1_1_maq_10,presiones_alta_c2_1_maq_11,presiones_baja_c2_1_maq_12,presiones_alta_c1_2_maq_32,presiones_alta_c2_2_maq_33,presiones_baja_c1_2_maq_34,presiones_baja_c2_2_maq_35,presiones_alta_c1_3_maq_189,presiones_alta_c2_3_maq_190,presiones_baja_c1_3_maq_191,presiones_baja_c2_3_maq_192,presiones_alta_c1_4_maq_451,presiones_alta_c2_4_maq_452,presiones_baja_c2_4_maq_453,presiones_baja_c1_4_maq_454,temperaturas_exterior_instalacion_13,temperaturas_impulsion_1_maq_15,temperaturas_retorno_1_maq_16,temperaturas_impulsion_2_maq_36,temperaturas_retorno_2_maq_37,temperaturas_exterior_instalacion_47,temperaturas_impulsion_3_maq_187,temperaturas_retorno_3_maq_188,temperaturas_retorno_4_maq_287,temperaturas_impulsion_4_maq_384
0.00,2020-02-01 00:00:00,0.00,0.00,4.00,0.00,0.00,0.00,0.04,0.00,0.16,0.16,11.37,11.42,11.09,11.09,11.55,10.98,11.61,11.01,11.30,11.53,11.53,11.32,10.80,10.91,10.91,10.83,13.80,12.90,15.10,14.50,12.80,13.90,13.90,14.60,14.00,15.80
0.00,2020-02-01 00:05:00,0.00,0.00,,,0.00,,0.04,0.00,0.16,0.16,11.26,11.31,11.09,11.09,11.43,10.90,11.50,11.02,11.16,11.46,11.50,11.23,10.81,10.84,10.86,10.83,13.60,13.00,15.00,14.40,12.80,13.80,14.00,14.70,14.00,15.80
0.00,2020-02-01 00:10:00,0.00,0.00,,,0.00,0.00,0.04,0.00,0.16,0.16,11.26,11.31,11.09,11.09,11.43,10.93,11.51,10.91,11.21,11.37,11.54,11.14,10.77,10.91,10.87,10.79,14.00,13.00,15.00,14.50,12.90,14.00,14.10,14.80,14.00,15.80
0.00,2020-02-01 00:15:00,0.00,0.00,4.00,0.00,0.00,,0.04,0.00,0.16,0.16,11.20,11.26,11.03,11.09,11.39,10.83,11.33,10.97,11.11,11.34,11.50,11.04,10.77,10.84,10.76,10.75,13.60,13.10,15.00,14.40,12.90,13.90,14.10,14.90,14.10,15.90
0.00,2020-02-01 00:20:00,0.00,0.00,,,0.00,0.00,0.08,0.00,0.16,0.16,11.20,11.26,11.03,11.03,11.36,10.79,11.34,10.91,11.01,11.40,11.40,11.00,10.73,10.77,10.77,10.75,13.10,13.20,15.10,14.40,13.00,13.50,14.10,14.90,14.20,16.00
0.00,2020-02-01 00:25:00,0.00,0.00,,,0.00,,0.08,0.00,0.16,0.16,11.15,11.20,11.03,11.03,11.29,10.80,11.33,10.83,11.01,11.36,11.40,11.01,10.75,10.86,10.73,10.68,13.50,13.20,15.10,14.40,13.00,13.90,14.10,15.10,14.20,16.00
0.00,2020-02-01 00:30:00,0.00,0.00,4.00,0.00,0.00,0.00,0.04,0.00,0.16,0.16,11.09,11.15,11.03,11.03,11.27,10.77,11.29,10.86,10.95,11.27,11.41,11.02,10.73,10.72,10.72,10.75,13.60,13.10,15.10,14.40,13.00,13.90,14.10,15.30,14.30,15.90
0.00,2020-02-01 00:35:00,0.00,0.00,,,0.00,,0.04,0.00,0.16,0.16,11.09,11.15,11.03,11.03,11.27,10.77,11.34,10.86,11.00,11.39,11.43,11.05,10.80,10.79,10.76,10.69,13.20,13.10,15.10,14.40,13.00,13.40,14.10,15.20,14.30,15.90
0.00,2020-02-01 00:40:00,0.00,0.00,,,0.00,0.00,0.04,0.00,0.16,0.16,11.03,11.09,11.09,11.09,11.25,10.87,11.29,10.84,11.09,11.46,11.47,11.16,10.83,10.87,10.77,10.75,13.00,13.10,15.00,14.40,13.00,13.30,14.10,15.10,14.30,15.80
0.00,2020-02-01 00:45:00,0.00,0.00,4.00,0.00,0.00,,0.04,0.00,0.16,0.16,11.03,11.09,11.15,11.15,11.18,10.86,11.25,11.00,11.14,11.60,11.60,11.08,10.90,10.83,10.77,10.90,13.10,13.00,14.80,14.30,12.90,13.20,14.10,15.20,14.20,15.70
0.00,2020-02-01 00:50:00,0.00,0.00,,,0.00,0.00,0.04,0.00,0.16,0.16,11.09,11.15,11.26,11.26,11.29,11.04,11.23,11.12,11.11,11.66,11.69,11.18,10.88,10.77,10.77,10.88,13.40,13.00,14.70,14.30,12.90,13.50,14.10,15.40,14.20,15.70
0.00,2020-02-01 00:55:00,0.00,0.00,,,0.00,,0.04,0.00,0.16,0.16,11.09,11.15,11.26,11.26,11.29,11.05,11.22,11.05,11.18,11.66,11.65,11.12,11.02,10.84,10.83,10.98,13.30,13.00,14.70,14.30,13.00,13.40,14.10,15.40,14.20,15.80
0.00,2020-02-01 01:00:00,0.00,0.00,4.00,0.00,0.00,,0.04,0.00,0.16,0.16,11.09,11.15,11.31,11.31,11.30,11.08,11.34,11.16,11.19,11.83,11.83,11.22,11.11,10.88,10.81,11.07,13.40,13.00,14.60,14.50,13.10,13.90,14.20,15.60,14.30,15.80
0.00,2020-02-01 01:05:00,0.00,0.00,,,0.00,,0.04,0.00,0.16,0.16,11.15,11.20,11.37,11.37,11.37,11.11,11.43,11.14,11.32,11.73,11.90,11.23,11.15,11.01,10.94,11.04,13.80,13.10,14.60,14.50,13.30,13.90,14.20,15.20,14.30,15.70
0.00,2020-02-01 01:10:00,0.00,0.00,,,0.00,0.00,0.04,0.00,0.16,0.20,11.37,11.42,11.70,11.75,11.58,11.39,11.63,11.39,11.60,12.11,12.28,11.66,11.51,11.29,11.30,11.39,14.90,13.30,14.60,14.50,13.50,14.90,14.30,15.30,14.30,15.70
0.00,2020-02-01 01:15:00,0.00,0.00,4.00,0.00,0.00,,0.04,0.00,0.16,0.16,11.42,11.48,11.75,11.81,11.69,11.37,11.69,11.50,11.70,12.25,12.40,11.65,11.63,11.40,11.44,11.51,15.00,13.60,14.80,14.70,13.80,15.00,14.50,15.80,14.60,15.80
0.00,2020-02-01 01:20:00,0.00,0.00,,,0.00,,0.04,0.00,0.16,0.16,11.86,11.92,12.14,12.14,12.14,11.91,12.09,12.01,12.00,12.69,12.71,12.03,11.93,11.69,11.68,11.84,16.00,13.80,15.00,15.00,14.20,15.90,14.80,16.20,15.00,15.90
0.00,2020-02-01 01:25:00,0.00,0.00,,,0.00,,0.04,0.00,0.16,0.16,11.97,12.03,12.30,12.30,12.25,12.11,12.33,12.12,12.16,12.66,12.79,12.22,11.98,11.84,11.77,11.96,16.30,14.20,15.30,15.30,14.50,16.70,15.20,16.40,15.30,16.10
0.00,2020-02-01 01:30:00,0.00,0.00,4.00,0.00,0.00,0.00,0.04,0.00,0.16,0.16,12.30,12.36,12.69,12.69,12.61,12.54,12.69,12.51,12.52,13.08,13.08,12.47,12.29,12.12,12.16,12.32,17.90,14.50,15.60,15.60,15.10,18.50,15.60,17.00,15.90,16.20
0.00,2020-02-01 01:35:00,0.00,0.00,,,0.00,,0.04,0.00,0.16,0.16,12.52,12.58,12.86,12.86,12.89,12.80,12.93,12.80,12.66,13.28,13.39,12.72,12.55,12.42,12.30,12.50,18.70,14.90,16.00,16.00,15.70,18.60,16.00,17.50,16.40,16.40
0.00,2020-02-01 01:40:00,0.00,0.00,,,0.00,0.00,0.04,0.00,0.16,0.16,12.75,12.80,12.91,12.91,13.11,12.82,13.04,12.87,12.79,13.46,13.46,12.79,12.62,12.50,12.46,12.61,18.80,15.40,16.20,16.30,16.30,19.20,16.40,17.80,16.90,16.80
0.00,2020-02-01 01:45:00,0.00,0.00,4.00,0.00,0.00,,0.04,0.00,0.16,0.20,12.86,12.91,12.97,12.97,13.07,12.87,13.15,12.93,12.87,13.49,13.49,12.80,12.72,12.58,12.61,12.64,19.20,15.70,16.50,16.70,16.90,19.20,16.90,18.00,17.40,17.10
0.00,2020-02-01 01:50:00,0.00,0.00,,,0.00,0.00,0.04,0.00,0.16,0.20,12.86,12.91,13.02,13.02,13.19,12.90,13.14,12.87,12.85,13.50,13.47,12.85,12.75,12.59,12.64,12.68,19.00,16.10,16.70,17.00,17.30,19.30,17.20,18.20,17.60,17.30
0.00,2020-02-01 01:55:00,0.00,0.00,,,0.00,,0.04,0.00,0.16,0.20,12.86,12.91,12.97,12.97,13.18,12.85,13.18,12.93,12.90,13.44,13.51,12.91,12.76,12.65,12.64,12.65,18.80,16.20,16.90,17.10,17.50,19.00,17.40,18.40,17.80,17.40
0.00,2020-02-01 02:00:00,0.00,0.00,4.00,0.00,0.00,0.00,0.04,0.00,0.16,0.16,12.97,13.02,13.02,13.02,13.26,12.93,13.32,12.91,13.05,13.56,13.53,13.04,12.82,12.73,12.73,12.71,18.90,16.50,17.10,17.20,17.60,19.20,17.60,18.70,18.00,17.40
0.00,2020-02-01 02:05:00,0.00,0.00,,,0.00,,0.04,0.00,0.16,0.16,13.08,13.08,13.08,13.08,13.37,12.94,13.32,12.96,13.11,13.53,13.64,13.03,12.83,12.79,12.79,12.83,19.20,17.00,17.40,17.40,17.80,19.40,17.90,19.10,18.40,17.70
0.00,2020-02-01 02:10:00,0.00,0.00,,,0.00,0.00,0.04,0.00,0.16,0.16,13.08,13.08,13.08,13.08,13.40,12.93,13.35,12.93,13.07,13.56,13.56,13.10,12.79,12.82,12.75,12.76,19.20,17.30,17.60,17.50,17.90,19.40,17.90,19.20,18.40,17.70
0.00,2020-02-01 02:15:00,0.00,0.00,4.00,0.00,0.00,,0.04,0.00,0.16,0.16,13.08,13.13,13.13,13.13,13.37,12.91,13.36,12.98,13.05,13.56,13.56,13.05,12.85,12.83,12.85,12.73,19.40,17.50,17.80,17.60,17.90,19.50,18.00,19.30,18.70,17.80
0.00,2020-02-01 02:20:00,0.00,0.00,,,0.00,0.00,0.04,0.00,0.16,0.16,13.08,13.08,13.13,13.13,13.31,12.91,13.31,12.97,13.01,13.56,13.51,13.01,12.80,12.75,12.75,12.82,19.40,17.50,17.80,17.70,18.00,19.40,18.00,19.20,18.70,17.80
0.00,2020-02-01 02:25:00,0.00,0.00,,,0.00,,0.04,0.00,0.16,0.16,13.08,13.08,13.13,13.13,13.32,12.90,13.32,12.97,13.04,13.58,13.57,12.98,12.78,12.78,12.75,12.79,19.20,17.60,17.90,17.80,18.00,19.30,18.00,19.20,18.70,17.80
0.00,2020-02-01 02:30:00,0.00,0.00,4.00,0.00,0.00,0.00,0.04,0.00,0.16,0.16,13.02,13.08,13.08,13.08,13.33,12.90,13.29,12.93,12.98,13.50,13.60,13.04,12.79,12.82,12.79,12.75,19.10,17.60,17.90,17.80,18.10,19.30,18.00,19.20,18.70,17.80
0.00,2020-02-01 02:35:00,0.00,0.00,,,0.00,,0.04,0.00,0.16,0.16,13.08,13.08,13.08,13.08,13.31,12.91,13.35,12.87,13.07,13.56,13.57,13.03,12.78,12.80,12.82,12.78,19.20,17.60,17.90,17.90,18.10,19.30,18.10,19.20,18.70,17.90
0.00,2020-02-01 02:40:00,0.00,0.00,,,0.00,0.00,0.04,0.00,0.16,0.16,13.02,13.02,13.08,13.08,13.28,12.85,13.29,12.90,13.03,13.50,13.51,12.97,12.80,12.82,12.76,12.72,19.10,17.50,17.90,17.90,18.10,19.30,18.10,19.20,18.70,17.90
0.00,2020-02-01 02:45:00,0.00,0.00,4.00,0.00,0.00,,0.04,0.00,0.16,0.16,13.08,13.08,13.13,13.08,13.24,12.91,13.26,12.90,12.98,13.50,13.60,12.98,12.79,12.85,12.73,12.75,19.20,17.50,17.90,18.00,18.20,19.40,18.10,19.10,18.70,17.90
0.00,2020-02-01 02:50:00,0.00,0.00,,,0.00,0.00,0.04,0.00,0.16,0.16,13.08,13.08,13.13,13.08,13.26,12.96,13.26,12.94,13.00,13.57,13.54,13.03,12.83,12.80,12.80,12.75,17.70,17.60,18.00,18.00,18.30,18.30,18.10,19.20,18.70,18.00
0.00,2020-02-01 02:55:00,0.00,0.00,,,0.00,,0.04,0.00,0.16,0.16,12.97,12.97,13.02,13.02,13.21,12.85,13.18,12.83,12.85,13.46,13.56,12.90,12.75,12.66,12.65,12.75,18.10,17.60,18.10,18.10,18.40,16.40,18.00,19.20,18.70,17.90
0.00,2020-02-01 03:00:00,0.00,0.00,4.00,0.00,0.00,0.00,0.04,0.00,0.16,0.16,12.91,12.97,12.97,13.02,13.14,12.85,13.14,12.80,12.86,13.42,13.51,12.89,12.71,12.68,12.55,12.72,18.30,17.60,18.10,18.10,18.30,18.40,18.00,19.00,18.60,17.80
0.00,2020-02-01 03:05:00,0.00,0.00,,,0.00,,0.04,0.00,0.16,0.16,12.86,12.91,12.97,12.97,13.08,12.72,13.01,12.72,12.80,13.33,13.39,12.76,12.68,12.57,12.54,12.57,17.00,17.50,18.10,18.10,18.30,17.40,17.90,18.90,18.40,17.80
0.00,2020-02-01 03:10:00,0.00,0.00,,,0.00,0.00,0.04,0.00,0.16,0.16,12.86,12.91,12.91,12.91,13.07,12.68,13.10,12.66,12.80,13.35,13.32,12.80,12.66,12.58,12.50,12.55,17.10,17.50,18.10,18.10,18.20,17.70,17.90,18.80,18.30,17.70
0.00,2020-02-01 03:15:00,0.00,0.00,4.00,0.00,0.00,,0.04,0.00,0.16,0.16,12.86,12.91,12.91,12.91,13.10,12.73,13.04,12.72,12.82,13.31,13.40,12.79,12.65,12.64,12.51,12.59,18.20,17.60,18.20,18.20,18.10,18.50,17.80,18.70,18.20,17.60
0.00,2020-02-01 03:20:00,0.00,0.00,,,0.00,0.00,0.04,0.00,0.16,0.16,12.91,12.91,12.91,12.91,13.08,12.75,13.11,12.72,12.76,13.29,13.40,12.82,12.64,12.58,12.59,12.64,18.30,17.70,18.20,18.20,18.10,17.30,17.80,18.70,18.20,17.60
0.00,2020-02-01 03:25:00,0.00,0.00,,,0.00,,0.04,0.00,0.16,0.16,12.80,12.86,12.86,12.86,12.93,12.61,12.96,12.64,12.69,13.22,13.31,12.73,12.61,12.47,12.44,12.50,17.00,17.70,18.20,18.10,18.10,15.50,17.80,18.70,18.20,17.60
0.00,2020-02-01 03:30:00,0.00,0.00,4.00,0.00,0.00,0.00,0.04,0.00,0.16,0.16,12.58,12.63,12.69,12.69,12.78,12.42,12.75,12.46,12.52,13.04,13.10,12.54,12.43,12.37,12.25,12.37,14.70,17.60,18.20,18.20,18.00,15.10,17.80,18.60,18.10,17.60
0.00,2020-02-01 03:35:00,0.00,0.00,,,0.00,,0.04,0.00,0.16,0.16,12.47,12.47,12.47,12.52,12.62,12.28,12.57,12.33,12.35,12.94,12.93,12.33,12.25,12.18,12.16,12.14,14.40,17.40,18.20,18.00,17.80,14.90,17.70,18.30,17.90,17.50
0.00,2020-02-01 03:40:00,,0.00,,,0.00,0.00,0.04,0.00,0.16,0.16,12.41,12.47,12.47,12.47,12.55,12.26,12.59,12.26,12.36,12.80,12.90,12.30,12.19,12.18,12.09,12.19,15.60,17.20,18.10,17.90,17.60,15.60,17.60,18.20,17.80,17.40
0.00,2020-02-01 03:45:00,0.00,0.00,4.00,0.00,0.00,,0.04,0.00,0.16,0.16,12.47,12.52,12.47,12.47,12.62,12.25,12.65,12.33,12.36,12.85,12.96,12.42,12.23,12.18,12.12,12.14,17.00,17.10,18.10,17.80,17.50,15.90,17.50,18.00,17.60,17.20
0.00,2020-02-01 03:50:00,0.00,0.00,,,0.00,0.00,0.04,0.00,0.16,0.20,12.47,12.52,12.52,12.52,12.64,12.37,12.62,12.35,12.42,12.93,12.90,12.43,12.28,12.23,12.21,12.16,16.90,16.90,18.00,17.80,17.40,16.60,17.40,17.90,17.50,17.10
0.00,2020-02-01 03:55:00,0.00,0.00,,,0.00,,0.04,0.00,0.16,0.20,12.41,12.47,12.58,12.58,12.54,12.36,12.59,12.46,12.39,12.98,13.00,12.42,12.26,12.16,12.15,12.29,16.90,16.80,17.90,17.60,17.40,16.90,17.30,17.90,17.40,17.00
0.00,2020-02-01 04:00:00,0.00,0.00,4.00,0.00,0.00,0.00,0.04,0.00,0.16,0.16,12.41,12.47,12.52,12.52,12.57,12.40,12.51,12.36,12.40,12.90,12.96,12.37,12.30,12.18,12.07,12.21,17.10,16.70,17.80,17.60,17.40,17.30,17.30,17.90,17.40,17.00
0.00,2020-02-01 04:05:00,0.00,0.00,,,0.00,,0.04,0.00,0.16,0.16,12.36,12.41,12.41,12.41,12.47,12.23,12.52,12.26,12.35,12.82,12.89,12.28,12.14,12.14,12.05,12.12,16.30,16.70,17.80,17.50,17.30,16.90,17.20,17.90,17.30,17.00
0.00,2020-02-01 04:10:00,0.00,0.00,,,0.00,0.00,0.04,0.00,0.16,0.16,12.30,12.36,12.41,12.41,12.42,12.21,12.43,12.23,12.22,12.82,12.79,12.25,12.15,12.05,12.00,12.11,16.50,16.70,17.70,17.40,17.30,16.70,17.20,17.80,17.20,16.90
0.00,2020-02-01 04:15:00,0.00,0.00,4.00,0.00,0.00,,0.04,0.00,0.16,0.16,12.25,12.36,12.41,12.41,12.43,12.23,12.43,12.19,12.19,12.72,12.82,12.23,12.05,12.11,11.98,12.07,16.10,16.60,17.60,17.40,17.20,16.80,17.10,17.70,17.10,16.90
0.00,2020-02-01 04:20:00,0.00,0.00,,,0.00,0.00,0.04,0.00,0.16,0.16,12.25,12.30,12.36,12.36,12.39,12.15,12.39,12.11,12.21,12.66,12.75,12.25,12.03,11.98,11.94,11.98,15.10,16.50,17.60,17.30,17.10,15.90,17.10,17.70,17.00,16.90
0.00,2020-02-01 04:25:00,0.00,0.00,,,0.00,,0.04,0.00,0.16,0.16,12.19,12.25,12.30,12.30,12.33,12.03,12.36,12.07,12.16,12.69,12.65,12.09,12.01,12.00,11.84,11.90,15.40,16.40,17.50,17.20,17.00,15.50,17.00,17.60,17.00,16.80
0.00,2020-02-01 04:30:00,0.00,0.00,4.00,0.00,0.00,0.00,0.04,0.00,0.16,0.20,12.14,12.19,12.19,12.19,12.26,11.98,12.30,11.93,12.08,12.57,12.64,12.03,11.86,11.91,11.86,11.87,15.20,16.40,17.50,17.10,16.80,15.30,16.90,17.60,16.90,16.70
0.00,2020-02-01 04:35:00,0.00,0.00,,,0.00,,0.04,0.00,0.16,0.16,12.08,12.08,12.14,12.14,12.16,11.96,12.22,11.89,11.96,12.47,12.57,12.00,11.82,11.84,11.80,11.79,14.90,16.30,17.40,17.10,16.70,14.80,16.80,17.60,16.80,16.60
0.00,2020-02-01 04:40:00,0.00,0.00,,,0.00,0.00,0.04,0.00,0.16,0.16,12.03,12.03,12.14,12.14,12.19,11.89,12.15,11.96,11.97,12.48,12.57,12.01,11.84,11.79,11.73,11.77,14.90,16.20,17.30,17.10,16.60,14.50,16.70,17.60,16.70,16.50
0.00,2020-02-01 04:45:00,0.00,0.00,4.00,0.00,0.00,,0.04,0.00,0.16,0.16,11.97,12.03,12.08,12.08,12.08,11.79,12.11,11.84,11.94,12.40,12.48,11.96,11.86,11.82,11.66,11.76,14.20,16.10,17.20,17.00,16.50,14.40,16.60,17.50,16.80,16.40
0.00,2020-02-01 04:50:00,0.00,0.00,,,0.00,0.00,0.04,0.00,0.16,0.16,11.97,12.03,12.03,12.08,12.14,11.93,12.07,11.86,11.94,12.51,12.51,11.89,11.83,11.79,11.72,11.72,14.10,16.00,17.10,16.90,16.40,14.70,16.50,17.40,16.70,16.40
0.00,2020-02-01 04:55:00,0.00,0.00,,,0.00,,0.04,0.00,0.16,0.20,11.92,11.97,12.03,12.03,12.04,11.83,12.09,11.90,11.87,12.50,12.48,11.89,11.84,11.77,11.63,11.73,14.60,16.00,17.10,16.80,16.30,14.80,16.50,17.40,16.60,16.30
0.00,2020-02-01 05:00:00,0.00,0.00,4.00,0.00,0.00,0.00,0.04,0.00,0.16,0.20,11.92,11.92,11.97,11.97,12.07,11.86,12.05,11.82,11.89,12.36,12.44,11.89,11.73,11.69,11.63,11.70,14.90,15.90,17.00,16.70,16.20,14.90,16.40,17.20,16.50,16.30
0.00,2020-02-01 05:05:00,0.00,0.00,,,0.00,,0.04,0.00,0.16,0.16,11.86,11.86,11.97,11.97,11.96,11.76,12.01,11.75,11.80,12.35,12.40,11.76,11.72,11.68,11.57,11.73,14.80,15.90,17.00,16.70,16.20,14.90,16.40,17.20,16.50,16.20
0.00,2020-02-01 05:10:00,0.00,0.00,,,0.00,0.00,0.04,0.00,0.16,0.16,11.86,11.86,11.92,11.97,12.00,11.70,11.94,11.69,11.77,12.33,12.30,11.80,11.66,11.61,11.58,11.68,15.00,15.80,16.90,16.60,16.10,14.90,16.30,17.00,16.30,16.20
0.00,2020-02-01 05:15:00,0.00,0.00,4.00,0.00,0.00,,0.04,0.00,0.16,0.16,11.81,11.86,11.86,11.86,11.94,11.70,11.89,11.65,11.75,12.32,12.29,11.70,11.60,11.60,11.51,11.58,14.80,15.80,16.80,16.60,16.00,14.80,16.30,17.00,16.20,16.20
0.00,2020-02-01 05:20:00,0.00,0.00,,,0.00,0.00,0.04,0.00,0.16,0.16,11.75,11.75,11.81,11.81,11.87,11.55,11.91,11.57,11.72,12.25,12.19,11.69,11.58,11.55,11.41,11.51,14.60,15.70,16.80,16.60,15.90,14.70,16.20,17.00,16.20,16.10
0.00,2020-02-01 05:25:00,0.00,0.00,,,0.00,,0.04,0.00,0.16,0.16,11.75,11.70,11.81,11.75,11.80,11.54,11.86,11.50,11.62,12.09,12.15,11.68,11.50,11.51,11.44,11.40,14.30,15.70,16.70,16.50,15.80,14.70,16.20,16.90,16.10,16.00
0.00,2020-02-01 05:30:00,0.00,0.00,4.00,0.00,0.00,0.00,0.04,0.00,0.16,0.16,11.64,11.64,11.75,11.75,11.75,11.54,11.80,11.46,11.61,12.12,12.09,11.60,11.40,11.46,11.30,11.43,14.40,15.60,16.70,16.40,15.60,14.70,16.20,16.90,16.10,15.90
0.00,2020-02-01 05:35:00,0.00,0.00,,,0.00,,0.04,0.00,0.16,0.16,11.64,11.70,11.75,11.75,11.76,11.46,11.75,11.46,11.55,12.08,12.08,11.53,11.46,11.46,11.29,11.39,14.40,15.50,16.60,16.40,15.50,14.60,16.10,16.80,16.00,15.90
0.00,2020-02-01 05:40:00,0.00,0.00,,,0.00,0.00,0.04,0.00,0.16,0.16,11.70,11.70,11.75,11.75,11.83,11.53,11.87,11.54,11.63,12.09,12.18,11.58,11.44,11.51,11.40,11.36,15.60,15.40,16.50,16.40,15.50,15.70,16.10,16.70,15.90,15.80
0.00,2020-02-01 05:45:00,0.00,0.00,4.00,0.00,0.00,,0.04,0.00,0.16,0.16,11.70,11.70,11.81,11.81,11.80,11.51,11.80,11.50,11.60,12.12,12.18,11.57,11.46,11.43,11.41,11.44,15.50,15.40,16.50,16.30,15.40,15.60,16.00,16.60,15.90,15.80
0.00,2020-02-01 05:50:00,0.00,0.00,,,0.00,0.00,0.04,0.00,0.16,0.20,11.75,11.75,11.75,11.81,11.86,11.50,11.79,11.53,11.61,12.16,12.14,11.60,11.46,11.48,11.40,11.47,15.00,15.40,16.40,16.30,15.40,15.60,15.90,16.50,15.80,15.80
0.00,2020-02-01 05:55:00,0.00,0.00,,,0.00,,0.04,0.00,0.16,0.16,11.75,11.75,11.81,11.81,11.83,11.60,11.84,11.50,11.65,12.14,12.16,11.60,11.51,11.47,11.44,11.40,15.20,15.40,16.40,16.20,15.40,15.60,15.90,16.40,15.80,15.80
0.00,2020-02-01 06:00:00,0.00,0.00,4.00,0.00,0.00,0.00,0.04,0.00,0.16,0.16,11.75,11.81,11.81,11.81,11.84,11.53,11.90,11.54,11.68,12.09,12.15,11.61,11.51,11.53,11.43,11.40,15.40,15.40,16.30,16.20,15.40,15.60,15.90,16.40,15.80,15.80
0.00,2020-02-01 06:05:00,0.00,0.00,,,0.00,,0.04,0.00,0.16,0.20,11.92,11.97,11.97,11.97,12.07,11.77,12.08,11.79,11.82,12.39,12.37,11.86,11.75,11.73,11.62,11.63,16.50,15.40,16.40,16.30,15.40,16.80,15.80,16.50,15.90,15.80
0.00,2020-02-01 06:10:00,0.00,0.00,,,0.00,0.00,0.04,0.00,0.16,0.16,12.08,12.14,12.03,12.03,12.25,11.82,12.22,11.90,12.03,12.43,12.48,12.08,11.77,11.79,11.80,11.72,16.60,15.40,16.40,16.20,15.50,16.70,15.90,16.60,16.00,15.90
0.00,2020-02-01 06:15:00,0.00,0.00,4.00,0.00,0.00,,0.04,0.00,0.16,0.16,12.14,12.25,12.14,12.14,12.39,11.89,12.50,11.96,12.15,12.48,12.61,12.22,11.93,11.98,11.97,11.83,16.70,15.60,16.70,16.30,15.70,16.70,16.00,16.90,16.20,16.00
0.00,2020-02-01 06:20:00,0.00,0.00,,,0.00,0.00,0.04,0.00,0.16,0.16,12.25,12.30,12.19,12.19,12.50,12.05,12.50,12.04,12.25,12.62,12.68,12.29,11.97,12.04,12.03,11.97,17.20,15.80,16.80,16.40,15.80,17.40,16.10,17.10,16.30,16.00
0.00,2020-02-01 06:25:00,0.00,0.00,,,0.00,,0.04,0.00,0.16,0.16,12.25,12.30,12.25,12.25,12.47,12.14,12.58,12.11,12.32,12.66,12.79,12.25,12.07,12.04,12.04,11.96,17.40,15.80,16.80,16.40,16.00,17.60,16.20,17.10,16.40,16.20
0.00,2020-02-01 06:30:00,0.00,0.00,4.00,0.00,0.00,0.00,0.04,0.00,0.16,0.16,12.25,12.30,12.25,12.25,12.44,12.14,12.48,12.11,12.30,12.66,12.75,12.25,12.07,12.03,12.05,12.01,17.10,15.90,16.80,16.40,16.10,17.40,16.20,17.20,16.50,16.30
0.00,2020-02-01 06:35:00,0.00,0.00,,,0.00,,0.04,0.00,0.16,0.16,12.19,12.25,12.25,12.25,12.40,12.05,12.39,12.07,12.23,12.62,12.65,12.19,11.96,12.03,11.90,11.98,16.30,15.90,16.80,16.50,16.20,16.50,16.30,17.20,16.50,16.30
0.00,2020-02-01 06:40:00,0.00,0.00,,,0.00,0.00,0.04,0.00,0.16,0.16,12.19,12.25,12.19,12.19,12.32,11.91,12.36,11.96,12.14,12.48,12.61,12.08,11.91,11.86,11.84,11.83,16.50,15.90,16.80,16.50,16.30,16.20,16.30,17.20,16.50,16.30
0.00,2020-02-01 06:45:00,0.00,0.00,4.00,0.00,0.00,,0.04,0.00,0.16,0.16,12.14,12.19,12.14,12.14,12.30,11.91,12.33,11.90,12.08,12.50,12.57,12.11,11.86,11.84,11.84,11.75,16.40,16.00,16.80,16.50,16.30,16.20,16.30,17.10,16.40,16.20
0.00,2020-02-01 06:50:00,0.00,0.00,,,0.00,0.00,0.04,0.00,0.16,0.16,12.08,12.14,12.08,12.08,12.21,11.86,12.21,11.89,12.01,12.46,12.44,12.01,11.75,11.76,11.77,11.77,16.10,16.00,16.80,16.40,16.20,16.30,16.30,17.00,16.30,16.20
0.00,2020-02-01 06:55:00,0.00,0.00,,,0.00,,0.04,0.00,0.16,0.16,12.03,12.08,12.03,12.03,12.18,11.84,12.23,11.79,12.00,12.43,12.46,11.96,11.75,11.70,11.70,11.75,16.10,15.90,16.70,16.40,16.10,16.20,16.20,16.90,16.10,16.20
0.00,2020-02-01 07:00:00,0.00,0.00,4.00,0.00,0.00,0.00,0.08,0.00,0.16,0.16,12.03,12.03,12.03,12.03,12.15,11.87,12.21,11.90,11.94,12.40,12.47,11.91,11.72,11.77,11.69,11.70,16.30,15.80,16.70,16.30,16.10,16.50,16.20,16.80,16.10,16.20
0.00,2020-02-01 07:05:00,0.00,0.00,,,0.00,,0.04,0.00,0.16,0.16,11.97,12.03,11.97,11.97,12.09,11.82,12.16,11.90,11.91,12.37,12.40,11.94,11.76,11.72,11.68,11.66,15.70,15.80,16.60,16.30,16.10,15.90,16.20,16.80,16.10,16.20
0.00,2020-02-01 07:10:00,0.00,0.00,,,0.00,0.00,0.04,0.00,0.16,0.16,11.97,12.03,11.97,11.97,12.12,11.75,12.11,11.77,11.89,12.30,12.40,11.87,11.72,11.68,11.57,11.62,15.70,15.80,16.60,16.30,16.00,15.80,16.20,16.80,16.00,16.20
0.00,2020-02-01 07:15:00,0.00,0.00,4.00,0.00,0.00,,0.04,0.00,0.16,0.16,11.97,11.97,11.97,11.97,12.03,11.73,12.07,11.77,11.80,12.29,12.40,11.83,11.68,11.70,11.57,11.58,15.90,15.80,16.50,16.20,16.00,15.90,16.10,16.90,16.10,16.10
0.00,2020-02-01 07:20:00,0.00,0.00,,,0.00,0.00,0.04,0.00,0.16,0.20,11.97,11.97,12.03,12.03,12.07,11.83,12.14,11.91,11.84,12.40,12.43,11.86,11.79,11.66,11.66,11.68,16.30,15.80,16.50,16.20,16.00,16.20,16.20,17.00,16.20,16.10
0.00,2020-02-01 07:25:00,0.00,0.00,,,0.00,,0.04,0.00,0.16,0.20,11.92,11.97,11.92,11.92,12.04,11.79,12.11,11.77,11.83,12.40,12.37,11.90,11.76,11.69,11.61,11.68,15.20,15.70,16.50,16.20,16.00,15.50,16.20,17.10,16.20,16.10
0.00,2020-02-01 07:30:00,0.00,0.00,4.00,0.00,0.00,0.00,0.04,0.00,0.16,0.16,11.92,11.92,11.92,11.92,12.05,11.76,12.03,11.83,11.83,12.33,12.44,11.82,11.70,11.63,11.57,11.70,15.50,15.70,16.50,16.20,16.00,15.80,16.10,17.10,16.20,16.10
0.00,2020-02-01 07:35:00,0.00,0.00,,,0.00,,0.04,0.00,0.16,0.16,11.86,11.92,11.86,11.86,12.04,11.63,11.97,11.63,11.79,12.23,12.35,11.84,11.61,11.68,11.55,11.57,15.20,15.70,16.50,16.20,16.00,15.60,16.20,17.00,16.20,16.10
0.00,2020-02-01 07:40:00,0.00,0.00,,,0.00,0.00,0.04,0.00,0.16,0.16,11.75,11.81,11.81,11.81,11.94,11.61,11.84,11.58,11.69,12.25,12.23,11.65,11.54,11.58,11.47,11.55,14.20,15.70,16.50,16.30,15.90,14.40,16.10,17.00,16.20,16.00
0.00,2020-02-01 07:45:00,0.00,0.00,4.00,0.00,0.00,,0.04,0.00,0.16,0.16,11.75,11.75,11.81,11.81,11.86,11.60,11.84,11.50,11.63,12.15,12.18,11.63,11.54,11.51,11.43,11.43,14.00,15.50,16.50,16.20,15.80,14.30,16.10,16.80,16.00,16.00
0.00,2020-02-01 07:50:00,0.00,0.00,,,0.00,0.00,0.04,0.00,0.16,0.20,11.75,11.75,11.75,11.75,11.91,11.53,11.84,11.47,11.63,12.12,12.12,11.61,11.50,11.53,11.36,11.44,14.10,15.50,16.40,16.10,15.70,14.40,16.10,16.50,15.90,15.90
0.00,2020-02-01 07:55:00,0.00,0.00,,,0.00,,0.04,0.00,0.16,0.16,11.70,11.70,11.70,11.64,11.79,11.47,11.83,11.37,11.60,12.08,12.08,11.61,11.39,11.50,11.33,11.40,14.10,15.40,16.40,16.10,15.70,14.30,16.00,16.50,15.90,15.80
0.00,2020-02-01 08:00:00,0.00,0.00,4.00,0.00,0.00,0.00,0.04,0.00,0.16,0.16,11.64,11.64,11.59,11.59,11.79,11.40,11.72,11.33,11.57,12.08,12.03,11.51,11.36,11.44,11.27,11.30,14.40,15.30,16.30,16.00,15.60,14.30,15.90,16.50,15.90,15.80
0.00,2020-02-01 08:05:00,0.00,0.00,,,0.00,,0.04,0.00,0.16,0.16,11.64,11.64,11.64,11.64,11.82,11.46,11.73,11.40,11.48,12.00,12.04,11.54,11.34,11.36,11.32,11.37,14.90,15.20,16.30,16.00,15.50,14.90,15.90,16.40,15.80,15.70
0.00,2020-02-01 08:10:00,0.00,0.00,,,0.00,0.00,0.04,0.00,0.16,0.16,11.59,11.59,11.59,11.59,11.73,11.36,11.70,11.40,11.51,12.01,11.96,11.54,11.27,11.37,11.30,11.29,14.60,15.20,16.20,15.90,15.40,14.60,15.80,16.40,15.80,15.70
0.00,2020-02-01 08:15:00,0.00,0.00,4.00,0.00,0.00,,0.04,0.00,0.16,0.16,11.59,11.59,11.59,11.59,11.77,11.34,11.66,11.37,11.47,12.01,12.01,11.47,11.33,11.40,11.23,11.32,14.60,15.10,16.10,15.90,15.30,14.70,15.80,16.20,15.70,15.60
0.00,2020-02-01 08:20:00,0.00,0.00,,,0.00,0.00,0.04,0.00,0.16,0.16,11.53,11.53,11.48,11.48,11.76,11.36,11.63,11.27,11.48,11.96,11.91,11.43,11.27,11.32,11.27,11.25,14.10,15.10,16.10,15.80,15.30,14.40,15.80,16.30,15.70,15.60
0.00,2020-02-01 08:25:00,0.00,0.00,,,0.00,,0.04,0.00,0.16,0.16,11.53,11.59,11.53,11.53,11.76,11.33,11.80,11.32,11.47,11.98,11.91,11.50,11.23,11.37,11.21,11.21,13.80,15.00,16.10,15.80,15.20,14.30,15.70,16.30,15.70,15.60
0.00,2020-02-01 08:30:00,0.00,0.00,4.00,0.00,0.00,0.00,0.04,0.00,0.16,0.20,11.64,11.70,11.59,11.59,11.84,11.39,11.77,11.30,11.60,12.03,11.93,11.57,11.30,11.37,11.33,11.21,13.80,15.00,16.10,15.80,15.20,15.00,15.70,16.20,15.60,15.50
0.00,2020-02-01 08:35:00,0.00,0.00,,,0.00,,0.04,0.00,0.16,0.16,11.64,11.70,11.64,11.64,11.82,11.37,11.77,11.41,11.55,11.98,12.00,11.60,11.27,11.36,11.33,11.27,15.00,15.00,16.20,15.70,15.20,15.20,15.60,16.00,15.50,15.50
0.00,2020-02-01 08:40:00,0.00,0.00,,,0.00,0.00,0.04,0.00,0.16,0.20,11.64,11.70,11.64,11.64,11.76,11.43,11.83,11.40,11.53,12.03,11.96,11.58,11.37,11.44,11.29,11.27,15.00,15.00,16.20,15.80,15.20,15.20,15.60,15.90,15.40,15.50
0.00,2020-02-01 08:45:00,0.00,0.00,4.00,0.00,0.00,,0.04,0.00,0.16,0.16,11.64,11.70,11.59,11.53,11.83,11.40,11.79,11.33,11.53,12.03,11.97,11.54,11.30,11.37,11.34,11.22,14.60,15.00,16.20,15.70,15.20,14.90,15.60,16.00,15.40,15.50
0.00,2020-02-01 08:50:00,0.00,0.00,,,0.00,0.00,0.08,0.00,0.16,0.16,11.59,11.64,11.59,11.53,11.70,11.39,11.75,11.32,11.54,11.97,11.96,11.50,11.23,11.33,11.25,11.23,14.60,15.00,16.10,15.70,15.20,14.80,15.60,16.10,15.50,15.50
0.00,2020-02-01 08:55:00,0.00,0.00,,,0.00,,0.04,0.00,0.16,0.16,11.59,11.64,11.59,11.59,11.75,11.34,11.76,11.33,11.46,11.94,11.97,11.53,11.25,11.29,11.26,11.23,14.70,15.00,16.10,15.70,15.10,14.90,15.60,16.00,15.40,15.50
,2020-02-01 09:00:00,,,,,,0.00,,,,,,,,,,,,,,,,,,,,,,,,,,,,,,
0.00,2020-02-01 09:00:01,0.00,0.00,4.00,0.00,0.00,,0.04,0.00,0.16,0.16,11.53,11.59,11.53,11.53,11.76,11.33,11.70,11.33,11.48,12.00,11.91,11.48,11.30,11.26,11.26,11.19,14.20,15.00,16.00,15.60,15.10,14.40,15.60,16.10,15.50,15.50
0.00,2020-02-01 09:05:00,0.00,0.00,,,0.00,,49.24,49.00,50.52,51.44,31.12,7.39,34.70,7.83,31.86,30.66,7.57,6.98,28.16,29.48,7.55,7.37,29.84,29.83,6.95,6.94,14.20,47.50,20.70,47.00,18.90,14.10,43.00,19.70,19.90,44.50
0.00,2020-02-01 09:10:00,0.00,0.00,,,0.00,0.00,31.92,50.88,52.36,26.52,22.68,10.59,32.83,7.56,33.26,32.25,7.34,7.06,30.17,30.69,7.48,7.34,20.19,25.84,7.13,10.30,14.80,48.20,23.50,48.10,21.90,14.90,45.70,22.00,23.20,38.20
35.00,2020-02-01 09:15:00,0.00,0.00,4.00,0.00,1.00,,5.76,24.72,27.08,26.92,14.40,11.20,14.68,10.92,21.23,27.25,10.65,7.10,26.46,20.99,11.07,7.53,26.86,20.55,10.12,7.10,14.70,24.90,25.10,40.30,23.50,14.80,38.90,23.60,24.70,38.60
35.00,2020-02-01 09:20:00,0.00,0.00,,,1.00,0.00,5.76,24.32,26.28,26.48,13.96,12.36,14.46,11.03,20.44,26.24,10.83,7.06,25.22,19.37,11.33,7.24,25.84,19.67,10.23,7.01,14.50,23.00,25.50,39.80,23.40,14.90,35.70,23.40,24.10,37.50
35.00,2020-02-01 09:25:00,0.00,0.00,,,1.00,,5.80,24.32,26.24,26.44,13.68,12.69,14.35,11.09,20.08,26.46,10.86,7.03,25.22,19.03,11.48,7.24,26.03,19.27,10.29,6.95,15.10,23.10,25.50,39.70,23.30,15.30,36.00,23.30,24.00,37.60
35.00,2020-02-01 09:30:00,0.00,0.00,4.00,0.00,1.00,0.00,5.80,24.44,26.40,26.60,13.46,12.63,14.35,11.09,20.10,26.68,10.91,7.10,24.71,18.67,11.46,7.31,26.13,18.85,10.37,6.99,15.00,23.40,25.60,39.70,23.30,15.00,35.80,23.40,24.10,37.50
35.00,2020-02-01 09:35:00,0.00,0.00,,,1.00,,7.44,24.36,26.24,26.44,15.28,10.98,15.17,11.15,20.05,26.95,11.01,7.06,25.38,18.73,11.53,7.24,26.11,18.75,10.45,7.03,14.60,29.30,25.70,39.80,23.40,14.90,35.90,23.70,24.20,37.70
35.00,2020-02-01 09:40:00,0.00,0.00,,,1.00,0.00,5.72,24.44,26.40,26.48,14.57,11.15,14.51,11.20,19.94,26.60,11.15,7.06,25.00,18.63,11.53,7.40,26.29,18.82,10.48,6.99,15.00,23.70,26.10,40.00,23.70,15.70,36.30,23.90,24.60,38.00
35.00,2020-02-01 09:45:00,0.00,0.00,4.00,0.00,1.00,,5.72,24.48,26.32,26.48,14.35,11.75,14.29,11.20,19.83,26.71,11.21,7.09,25.04,18.46,11.61,7.34,26.18,18.75,10.56,6.95,15.20,24.00,26.20,40.10,23.80,15.40,36.20,23.80,24.80,37.90
35.00,2020-02-01 09:50:00,0.00,0.00,,,1.00,0.00,5.72,24.44,26.40,26.52,13.96,12.08,14.23,11.20,19.87,27.12,11.14,7.12,25.32,18.31,11.54,7.35,26.47,18.77,10.54,6.99,15.10,24.40,26.30,40.30,23.90,15.50,36.20,24.00,24.90,38.00
35.00,2020-02-01 09:55:00,0.00,0.00,,,1.00,,5.72,5.24,8.28,26.56,13.74,12.03,14.12,11.20,17.25,16.67,11.15,10.62,15.92,16.25,11.58,10.87,26.40,18.80,10.55,7.05,15.20,24.70,26.50,32.20,24.10,15.40,29.60,24.10,25.00,38.30
5.00,2020-02-01 10:00:00,0.00,0.00,4.00,0.00,1.00,0.00,5.24,0.00,0.16,26.48,13.52,12.36,13.90,11.26,16.17,15.92,11.66,10.87,15.14,15.54,11.70,11.51,26.50,18.75,10.77,7.06,15.20,23.20,24.60,30.50,23.10,15.30,27.80,23.30,24.60,38.10
0.00,2020-02-01 10:05:00,0.00,0.00,,,1.00,,5.24,0.00,0.16,26.48,14.57,11.26,14.35,11.26,16.04,15.89,11.41,10.98,15.11,15.57,11.90,11.62,26.25,18.63,10.84,7.05,15.80,23.60,24.00,30.50,22.40,15.90,28.10,23.20,24.50,38.00
0.00,2020-02-01 10:10:00,0.00,0.00,,,1.00,0.00,0.04,0.00,0.16,26.48,14.57,11.48,14.46,11.37,15.96,15.75,11.39,11.11,15.10,15.64,11.94,11.68,26.45,18.66,10.94,7.16,15.90,24.40,23.60,30.40,22.00,16.10,27.80,23.30,24.50,38.00
0.00,2020-02-01 10:15:00,0.00,0.00,4.00,0.00,1.00,,0.08,0.00,0.16,26.52,14.40,11.86,14.40,11.48,15.81,15.60,11.83,11.25,15.04,15.60,12.05,12.16,26.40,18.74,11.08,7.19,16.10,25.40,23.30,29.90,21.80,16.40,27.30,23.90,24.60,38.10
0.00,2020-02-01 10:20:00,0.00,0.00,,,1.00,0.00,0.04,0.00,0.16,26.52,14.07,11.97,14.18,11.48,15.73,15.57,11.48,11.19,14.97,15.50,12.07,11.69,26.23,18.73,10.90,7.16,16.50,25.80,23.10,29.60,21.60,16.70,26.80,24.50,24.50,38.00
0.00,2020-02-01 10:25:00,0.00,0.00,,,1.00,,0.04,0.00,0.16,26.48,13.96,12.30,13.96,11.53,15.74,15.49,11.69,11.36,14.88,15.40,12.14,11.77,26.35,18.72,11.07,7.20,16.60,25.60,22.90,29.30,21.40,16.70,26.30,24.80,24.50,38.10
0.00,2020-02-01 10:30:00,0.00,0.00,4.00,0.00,1.00,0.00,0.08,0.00,0.16,26.52,14.01,12.52,13.96,11.64,15.63,15.43,11.83,11.43,14.85,15.36,12.25,12.09,26.27,18.69,11.21,7.21,16.80,25.50,22.70,29.00,21.30,16.90,26.00,24.80,24.50,38.20
0.00,2020-02-01 10:35:00,0.00,0.00,,,1.00,,0.04,0.00,0.16,26.44,14.01,12.25,14.01,11.70,15.59,15.34,11.72,11.50,14.76,15.34,12.23,11.69,26.42,18.63,11.01,7.21,17.20,25.60,22.50,28.80,21.30,17.40,25.60,25.00,24.30,38.20
0.00,2020-02-01 10:40:00,0.00,0.00,,,1.00,0.00,0.08,0.00,0.16,26.40,14.07,12.52,14.01,11.70,15.50,15.28,12.11,11.53,14.64,15.24,12.30,12.15,26.21,18.65,11.19,7.17,17.20,25.60,22.40,28.50,21.30,17.40,25.30,25.00,24.60,38.10
0.00,2020-02-01 10:45:00,0.00,0.00,4.00,0.00,0.00,,0.08,0.00,0.16,7.96,14.01,12.25,14.01,11.64,15.43,15.15,11.58,11.62,14.65,15.18,12.19,11.58,16.41,15.53,10.98,10.79,17.30,25.30,22.30,28.10,21.30,17.50,25.10,25.00,24.50,30.30
0.00,2020-02-01 10:50:00,0.00,0.00,,,0.00,0.00,0.04,0.00,0.16,0.16,14.01,12.25,14.01,11.70,15.32,15.04,11.76,11.58,14.57,15.07,12.25,11.76,15.66,15.38,11.25,11.01,17.40,25.10,22.20,27.70,21.20,17.60,24.80,24.70,23.70,29.10
0.00,2020-02-01 10:55:00,0.00,0.00,,,0.00,,0.08,0.00,0.16,0.16,13.96,12.25,14.01,11.64,15.21,15.00,11.62,11.62,14.46,15.06,12.28,11.66,15.63,15.40,11.19,11.18,17.50,24.60,22.00,27.20,20.90,17.60,24.50,24.20,23.20,28.80
0.00,2020-02-01 11:00:00,0.00,0.00,4.00,0.00,0.00,0.00,0.04,0.00,0.16,0.16,13.68,11.75,13.79,11.70,15.13,14.86,11.50,11.53,14.33,14.99,12.18,11.36,15.46,15.34,11.12,11.26,17.50,24.40,21.80,26.60,20.80,17.60,24.30,23.10,22.70,28.80
0.00,2020-02-01 11:05:00,0.00,0.00,,,0.00,,0.08,0.00,0.16,0.16,13.63,11.75,13.63,11.70,15.06,14.78,11.54,11.50,14.28,14.90,12.12,11.47,15.40,15.27,11.18,11.32,17.40,24.10,21.70,26.20,20.70,17.60,24.00,22.70,22.30,28.20
0.00,2020-02-01 11:10:00,0.00,0.00,,,0.00,0.00,0.04,0.00,0.16,0.16,13.57,12.25,13.63,11.81,14.90,14.71,11.98,11.61,14.28,14.76,12.22,11.86,15.25,15.17,11.50,11.47,17.60,23.80,21.50,25.80,20.60,17.70,23.70,22.10,22.00,27.50
0.00,2020-02-01 11:15:00,0.00,0.00,4.00,0.00,0.00,,0.04,0.00,0.16,0.16,13.57,13.30,13.63,11.81,14.89,14.62,12.59,11.65,14.24,14.79,12.28,12.68,15.22,15.13,12.09,11.41,18.00,24.20,21.40,25.70,20.50,17.90,23.60,22.80,22.50,27.10
0.00,2020-02-01 11:20:00,0.00,0.00,,,0.00,0.00,0.04,0.00,0.16,0.16,13.57,12.30,13.68,11.75,14.86,14.56,11.82,11.63,14.25,14.75,12.23,11.91,15.15,15.10,11.61,11.46,17.50,24.70,21.40,25.80,20.50,17.80,23.60,23.10,23.10,27.00
0.00,2020-02-01 11:25:00,0.00,0.00,,,0.00,,0.04,0.00,0.16,0.16,13.68,12.63,13.74,11.81,14.82,14.53,12.18,11.66,14.25,14.75,12.28,12.35,15.10,14.99,12.01,11.57,17.80,25.10,21.40,25.80,20.50,17.90,23.40,23.70,23.70,26.60
0.00,2020-02-01 11:30:00,0.00,0.00,4.00,0.00,0.00,0.00,0.04,0.00,0.16,0.16,13.68,13.02,13.79,11.81,14.78,14.49,12.65,11.47,14.22,14.72,12.09,12.73,15.01,14.97,12.23,11.47,18.30,25.10,21.30,25.70,20.50,18.20,23.20,24.00,23.90,26.10
0.00,2020-02-01 11:35:00,0.00,0.00,,,0.00,,0.04,0.00,0.16,0.16,13.63,13.46,13.57,11.53,14.79,14.49,12.71,11.21,14.19,14.69,11.97,12.94,14.97,14.92,12.43,11.26,18.20,25.50,21.30,25.90,20.50,17.90,23.20,24.40,24.40,25.80
0.00,2020-02-01 11:40:00,0.00,0.00,,,0.00,0.00,0.04,0.00,0.16,0.16,13.63,13.68,13.52,11.86,14.75,14.42,12.94,11.43,14.19,14.69,12.18,12.97,14.88,14.81,12.47,11.41,18.20,25.60,21.20,25.80,20.40,18.10,23.00,24.80,24.70,25.40
0.00,2020-02-01 11:45:00,0.00,0.00,4.00,0.00,0.00,,0.04,0.00,0.16,0.16,13.13,13.19,13.46,12.03,14.71,14.45,12.25,11.66,14.17,14.74,12.36,12.62,14.85,14.81,12.25,11.65,18.60,25.80,21.20,26.00,20.40,18.80,23.00,25.40,25.20,25.30
0.00,2020-02-01 11:50:00,0.00,0.00,,,0.00,0.00,0.04,0.00,0.16,0.16,12.75,12.75,12.86,12.08,14.69,14.42,11.83,11.75,14.15,14.65,12.42,11.91,14.71,14.45,12.11,11.62,18.50,25.60,21.20,26.10,20.40,18.60,23.00,25.30,25.40,25.20
0.00,2020-02-01 11:55:00,0.00,0.00,,,0.00,,0.04,0.00,0.16,0.16,12.97,12.97,12.97,12.08,14.65,14.42,11.96,11.93,14.13,14.61,12.54,11.84,14.53,14.47,12.18,11.73,19.00,25.20,21.20,25.80,20.40,18.70,22.90,25.10,25.10,25.00
0.00,2020-02-01 12:00:00,0.00,0.00,4.00,0.00,0.00,0.00,0.04,0.00,0.16,0.16,13.13,13.08,13.08,11.92,14.71,14.40,12.11,11.61,14.04,14.56,12.33,12.09,14.56,14.43,12.46,11.57,19.00,24.60,21.10,25.50,20.40,19.20,22.80,24.70,24.60,24.80
0.00,2020-02-01 12:05:00,0.00,0.00,,,0.00,,0.04,0.00,0.16,0.20,13.13,13.08,13.08,11.81,14.62,14.39,12.15,11.57,14.06,14.54,12.29,12.25,14.43,14.32,12.58,11.62,19.00,24.10,21.10,25.20,20.40,18.60,22.70,24.20,24.10,24.60
0.00,2020-02-01 12:10:00,0.00,0.00,,,0.00,0.00,0.08,0.00,0.16,0.16,13.19,13.19,13.13,11.70,14.53,14.26,12.35,11.44,14.01,14.46,12.21,12.28,14.35,14.22,12.85,11.60,19.10,23.80,21.10,24.90,20.40,19.00,22.60,23.80,23.60,24.30
0.00,2020-02-01 12:15:00,0.00,0.00,4.00,0.00,0.00,,0.04,0.00,0.16,0.16,13.19,13.13,13.13,11.86,14.49,14.25,12.40,11.63,13.99,14.49,12.33,12.48,14.29,14.22,13.04,11.60,19.10,23.70,21.10,24.60,20.40,19.30,22.50,23.60,23.40,24.10
0.00,2020-02-01 12:20:00,0.00,0.00,,,0.00,0.00,0.04,0.00,0.16,0.16,13.46,13.41,13.24,11.92,14.46,14.25,12.61,11.50,14.01,14.47,12.32,12.68,14.31,14.18,13.36,11.58,20.00,23.60,21.10,24.50,20.50,19.80,22.40,23.50,23.20,24.00
0.00,2020-02-01 12:25:00,0.00,0.00,,,0.00,,0.04,0.00,0.16,0.16,13.74,13.74,13.52,11.75,14.49,14.18,13.00,11.39,14.00,14.45,12.25,13.21,14.24,14.31,14.25,11.58,19.80,23.90,21.10,24.60,20.60,19.50,22.40,23.60,23.30,23.90
0.00,2020-02-01 12:30:00,0.00,0.00,4.00,0.00,0.00,0.00,0.08,0.00,0.16,0.16,13.96,13.96,13.74,11.81,14.39,14.18,13.24,11.50,13.97,14.47,12.29,13.67,14.42,14.58,14.53,11.61,19.40,24.50,21.10,24.70,20.60,19.50,22.50,23.90,23.80,23.90
0.00,2020-02-01 12:35:00,0.00,0.00,,,0.00,,0.04,0.00,0.16,0.16,14.07,14.12,13.85,11.81,14.50,14.18,13.33,11.66,14.07,14.50,12.39,13.97,14.50,14.65,14.64,11.84,20.60,25.10,21.10,25.00,20.70,20.00,22.50,24.50,24.40,23.80
0.00,2020-02-01 12:40:00,0.00,0.00,,,0.00,0.00,0.08,0.00,0.16,0.16,14.07,14.07,13.85,11.70,14.43,14.18,13.31,11.44,13.99,14.43,12.30,13.93,14.56,14.69,14.68,11.60,20.60,25.70,21.10,25.40,20.80,20.50,22.50,25.00,25.00,23.90
0.00,2020-02-01 12:45:00,0.00,0.00,4.00,0.00,0.00,,0.04,0.00,0.16,0.16,13.96,13.96,13.79,11.75,14.39,14.17,13.14,11.47,13.85,14.35,12.23,13.71,14.50,14.60,14.52,11.57,19.50,25.70,21.10,25.50,20.80,19.40,22.50,25.10,25.10,23.80
0.00,2020-02-01 12:50:00,0.00,0.00,,,0.00,0.00,0.04,0.00,0.16,0.16,13.96,13.90,13.79,11.92,14.32,14.10,13.05,11.46,13.70,14.22,12.25,13.64,14.45,14.56,14.43,11.58,19.60,25.50,21.10,25.40,20.60,19.40,22.40,25.10,25.00,23.70
0.00,2020-02-01 12:55:00,0.00,0.00,,,0.00,,0.04,0.00,0.16,0.16,13.96,13.90,13.74,11.86,14.33,14.11,13.01,11.51,13.75,14.17,12.32,13.64,14.42,14.45,14.42,11.65,19.50,25.30,21.10,25.20,20.50,19.30,22.30,25.00,24.70,23.70
0.00,2020-02-01 13:00:00,0.00,0.00,4.00,0.00,0.00,0.00,0.04,0.00,0.16,0.16,13.96,13.90,13.74,11.97,14.35,14.07,13.01,11.62,13.73,14.21,12.42,13.71,14.39,14.43,14.40,11.82,19.80,25.10,21.20,25.00,20.60,19.90,22.20,24.90,24.50,23.60
0.00,2020-02-01 13:05:00,0.00,0.00,,,0.00,,0.08,0.00,0.16,0.16,13.74,13.68,13.57,12.14,14.28,14.06,12.83,11.58,13.75,14.15,12.54,13.63,14.28,14.25,14.21,11.83,19.40,24.80,21.20,24.90,20.60,19.60,22.20,24.60,24.20,23.50
0.00,2020-02-01 13:10:00,0.00,0.00,,,0.00,0.00,0.04,0.00,0.16,0.16,13.79,13.79,13.57,12.08,14.24,13.99,12.93,11.61,13.65,14.13,12.44,13.63,14.22,14.28,14.19,11.65,19.70,24.60,21.20,24.80,20.60,19.50,22.20,24.30,24.00,23.50
0.00,2020-02-01 13:15:00,0.00,0.00,4.00,0.00,0.00,,0.04,0.00,0.16,0.16,13.85,13.85,13.63,12.08,14.21,13.94,13.00,11.70,13.61,14.07,12.43,13.56,14.15,14.32,14.17,11.72,19.70,24.50,21.20,24.70,20.60,19.60,22.10,24.20,23.80,23.40
0.00,2020-02-01 13:20:00,0.00,0.00,,,0.00,0.00,0.04,0.00,0.16,0.16,13.90,13.85,13.63,12.14,14.22,13.99,13.05,11.66,13.75,14.04,12.55,13.65,14.17,14.38,14.24,11.87,20.10,24.40,21.20,24.60,20.50,19.90,22.00,24.10,23.70,23.30
0.00,2020-02-01 13:25:00,0.00,0.00,,,0.00,,0.04,0.00,0.16,0.16,13.90,13.85,13.63,12.30,14.15,13.94,13.28,11.76,13.79,14.08,12.61,13.78,14.15,14.36,14.33,11.79,19.70,24.30,21.30,24.50,20.60,20.20,22.10,24.10,23.80,23.20
0.00,2020-02-01 13:30:00,0.00,0.00,4.00,0.00,0.00,,0.04,0.00,0.16,0.16,14.12,14.12,13.74,12.41,14.21,13.99,13.79,11.98,14.03,14.17,12.71,14.01,14.32,14.54,14.52,11.76,22.60,24.70,21.30,24.60,20.70,22.20,22.00,24.30,24.00,23.20
0.00,2020-02-01 13:35:00,0.00,0.00,,,0.00,,0.04,0.00,0.16,0.16,14.29,14.23,13.96,12.41,14.17,14.00,14.19,12.08,14.01,14.24,12.65,14.00,14.38,14.26,14.14,11.79,23.20,25.30,21.40,24.80,20.80,23.70,22.20,24.70,24.50,23.30
0.00,2020-02-01 13:40:00,0.00,0.00,,,0.00,0.00,0.04,0.00,0.16,0.16,14.12,14.07,13.85,12.36,13.93,13.76,13.93,12.05,13.37,13.73,12.72,13.31,13.89,13.83,13.71,11.86,22.90,25.30,21.50,24.90,20.90,23.00,22.20,24.90,24.80,23.20
0.00,2020-02-01 13:45:00,0.00,0.00,4.00,0.00,0.00,,0.04,0.00,0.16,0.16,14.12,14.12,13.85,12.25,14.10,13.75,14.13,11.98,13.37,13.76,12.57,13.26,13.83,14.00,13.92,11.70,21.50,25.10,21.40,24.80,20.80,21.90,22.10,24.50,24.40,23.10
0.00,2020-02-01 13:50:00,0.00,0.00,,,0.00,0.00,0.04,0.00,0.16,0.16,14.18,14.12,13.79,12.19,14.19,13.78,14.17,11.98,13.40,13.67,12.51,13.28,13.83,14.06,13.94,11.66,21.60,24.80,21.40,24.60,20.70,21.80,22.10,24.20,24.20,23.00
0.00,2020-02-01 13:55:00,0.00,0.00,,,0.00,,0.04,0.00,0.16,0.16,14.12,14.12,13.79,12.25,14.22,13.80,14.25,12.01,13.32,13.64,12.57,13.29,13.85,13.94,13.92,11.69,21.50,24.60,21.30,24.50,20.50,21.80,22.00,24.00,24.00,22.90
0.00,2020-02-01 14:00:00,0.00,0.00,4.00,0.00,0.00,0.00,0.04,0.00,0.16,0.16,14.18,14.18,13.79,12.25,14.32,13.82,14.26,12.05,13.44,13.56,12.59,13.44,13.90,14.07,13.96,11.72,22.10,24.40,21.20,24.30,20.40,22.30,22.00,23.80,23.80,22.80
0.00,2020-02-01 14:05:00,0.00,0.00,,,0.00,,0.04,0.00,0.16,0.16,14.40,14.35,13.96,12.41,14.54,13.94,14.47,12.25,13.73,13.78,12.73,13.68,14.03,14.18,14.13,11.87,23.10,24.50,21.20,24.40,20.40,23.30,22.10,23.80,23.80,22.60
0.00,2020-02-01 14:10:00,0.00,0.00,,,0.00,0.00,0.04,0.00,0.16,0.16,14.51,14.51,14.01,12.36,14.67,14.11,14.71,12.28,13.96,13.94,12.71,14.00,14.07,14.33,14.25,11.84,24.00,24.90,21.10,24.60,20.50,24.10,22.20,24.00,24.10,22.70
0.00,2020-02-01 14:15:00,0.00,0.00,4.00,0.00,0.00,,0.04,0.00,0.16,0.16,14.57,14.51,14.07,12.36,14.71,14.19,14.74,12.25,14.06,13.94,12.73,14.06,14.10,14.26,14.17,11.70,24.50,25.20,21.20,24.80,20.60,24.80,22.30,24.30,24.20,22.60
0.00,2020-02-01 14:20:00,0.00,0.00,,,0.00,0.00,0.04,0.00,0.16,0.16,14.51,14.46,14.07,12.52,14.69,14.18,14.69,12.40,14.00,13.99,12.85,13.96,14.01,14.18,14.11,11.91,24.10,25.20,21.30,24.80,20.60,24.40,22.40,24.50,24.40,22.60
0.00,2020-02-01 14:25:00,0.00,0.00,,,0.00,,0.04,0.00,0.16,0.16,14.57,14.51,14.07,12.52,14.81,14.24,14.72,12.43,14.00,13.92,12.97,14.04,14.01,14.15,14.17,11.94,24.60,25.10,21.40,24.90,20.60,24.80,22.50,24.50,24.40,22.60
0.00,2020-02-01 14:30:00,0.00,0.00,4.00,0.00,0.00,0.00,0.04,0.00,0.16,0.16,14.57,14.57,14.12,12.47,14.82,14.24,14.78,12.44,14.06,13.85,12.91,14.10,13.99,14.11,14.14,11.94,25.00,25.20,21.30,24.90,20.60,24.80,22.50,24.50,24.50,22.70
0.00,2020-02-01 14:35:00,0.00,0.00,,,0.00,,0.04,0.00,0.16,0.16,14.62,14.57,14.12,12.52,14.85,14.29,14.86,12.47,14.13,13.75,12.97,14.08,14.01,14.10,14.11,11.89,25.40,25.30,21.30,25.00,20.60,25.10,22.60,24.60,24.60,22.70
0.00,2020-02-01 14:40:00,0.00,0.00,,,0.00,0.00,0.04,0.00,0.16,0.16,14.68,14.68,14.12,12.58,14.92,14.38,14.95,12.47,14.17,13.68,13.01,14.22,14.01,14.25,14.18,11.93,25.10,25.50,21.30,25.10,20.60,26.10,22.60,24.70,24.60,22.70
0.00,2020-02-01 14:45:00,0.00,0.00,4.00,0.00,0.00,,0.04,0.00,0.16,0.16,14.62,14.57,14.12,12.52,14.82,14.35,14.83,12.40,14.19,13.60,13.04,14.15,14.01,14.11,14.08,11.83,25.10,25.70,21.30,25.30,20.60,25.10,22.60,24.80,24.80,22.80
0.00,2020-02-01 14:50:00,0.00,0.00,,,0.00,0.00,0.08,0.00,0.16,0.20,14.57,14.57,14.07,12.52,14.88,14.32,14.79,12.36,14.06,13.47,13.00,14.11,13.97,14.07,14.13,11.80,24.30,25.60,21.20,25.30,20.60,24.60,22.60,24.70,24.70,22.70
0.00,2020-02-01 14:55:00,0.00,0.00,,,0.00,,0.04,0.00,0.16,0.16,14.46,14.46,14.07,12.63,14.69,14.19,14.69,12.40,13.87,13.42,13.05,13.82,13.83,13.80,13.85,11.82,23.70,25.40,21.20,25.20,20.50,24.10,22.70,24.60,24.50,22.70
0.00,2020-02-01 15:00:00,0.00,0.00,4.00,0.00,0.00,0.00,0.04,0.00,0.16,0.16,14.01,13.96,13.79,12.75,14.15,13.90,14.08,12.54,13.58,13.33,13.12,13.56,13.67,13.61,13.56,11.91,24.50,25.10,21.40,25.00,20.50,25.10,22.80,24.40,24.30,22.60
0.00,2020-02-01 15:05:00,0.00,0.00,,,0.00,,0.04,0.00,0.16,0.16,14.12,14.07,13.63,12.86,14.53,13.80,14.45,12.75,13.85,13.29,13.24,13.83,13.58,13.80,13.79,12.03,25.30,25.00,21.30,25.00,20.40,25.30,22.70,24.30,24.20,22.60
0.00,2020-02-01 15:10:00,0.00,0.00,,,0.00,0.00,0.04,0.00,0.16,0.16,13.90,13.90,13.52,12.97,14.15,13.70,14.11,12.94,13.54,13.37,13.25,13.54,13.51,13.40,13.26,12.11,25.10,24.80,21.40,24.90,20.40,25.50,22.80,24.30,24.20,22.70
0.00,2020-02-01 15:15:00,0.00,0.00,4.00,0.00,0.00,,0.04,0.00,0.16,0.16,14.18,14.12,13.57,12.91,14.29,13.63,14.26,12.93,13.73,13.29,13.22,13.78,13.47,13.63,13.63,12.05,25.40,24.70,21.30,24.80,20.40,26.00,22.90,24.20,24.10,22.70
0.00,2020-02-01 15:20:00,0.00,0.00,,,0.00,0.00,0.04,0.00,0.16,0.16,14.12,14.12,13.46,12.86,14.25,13.53,14.17,12.83,13.73,13.31,13.05,13.78,13.43,13.63,13.54,11.93,26.10,24.70,21.20,24.80,20.30,26.30,22.90,24.20,24.00,22.70
0.00,2020-02-01 15:25:00,0.00,0.00,,,0.00,,0.04,0.00,0.16,0.16,14.18,14.18,13.46,12.69,14.28,13.57,14.21,12.69,13.71,13.22,12.98,13.68,13.44,13.63,13.51,11.89,25.30,24.70,21.10,24.70,20.20,25.00,22.90,24.10,23.90,22.70
0.00,2020-02-01 15:30:00,0.00,0.00,4.00,0.00,0.00,0.00,0.04,0.00,0.16,0.16,14.01,14.01,13.35,12.75,14.18,13.58,14.22,12.75,13.60,13.14,13.03,13.64,13.43,13.57,13.51,12.00,25.40,24.60,21.10,24.70,20.10,26.50,22.90,24.10,23.90,22.70
0.00,2020-02-01 15:35:00,0.00,0.00,,,0.00,,0.04,0.00,0.16,0.16,14.18,14.18,13.19,12.63,14.25,13.51,14.29,12.69,13.80,13.12,12.89,13.78,13.44,13.68,13.60,11.89,26.20,24.60,21.00,24.60,20.00,25.60,22.80,24.00,23.80,22.70
0.00,2020-02-01 15:40:00,0.00,0.00,,,0.00,0.00,0.04,0.00,0.16,0.16,14.12,14.12,12.91,12.75,14.19,13.50,14.15,12.83,13.63,13.10,13.00,13.70,13.43,13.49,13.42,12.05,24.70,24.50,20.90,24.50,19.90,25.70,22.90,23.90,23.80,22.60
0.00,2020-02-01 15:45:00,0.00,0.00,4.00,0.00,0.00,,0.04,0.00,0.16,0.16,14.23,14.23,12.86,12.80,14.19,13.39,14.22,13.04,13.78,13.17,13.04,13.78,13.40,13.46,13.47,12.15,26.10,24.50,20.90,24.50,19.90,26.80,22.90,23.90,23.80,22.70
0.00,2020-02-01 15:50:00,0.00,0.00,,,0.00,0.00,0.04,0.00,0.16,0.16,14.29,14.29,12.86,12.80,14.25,13.36,14.22,13.10,13.92,13.21,13.07,13.97,13.47,13.65,13.68,12.18,26.20,24.50,20.80,24.50,19.80,27.30,22.80,24.00,23.80,22.80
0.00,2020-02-01 15:55:00,,0.00,,,0.00,,0.04,,0.16,0.16,14.35,14.35,12.75,12.69,14.22,13.31,14.17,12.90,13.93,13.10,13.04,13.99,13.49,13.65,13.68,12.12,25.70,24.50,20.70,,,,22.90,24.00,23.80,22.80
0.00,2020-02-01 16:00:00,,0.00,,0.00,0.00,0.00,0.04,,0.16,0.16,14.40,14.35,12.80,12.69,14.14,13.21,14.19,12.89,14.00,13.10,13.00,14.08,13.50,13.71,13.70,12.04,26.70,24.50,20.70,,,,22.90,24.00,23.80,22.70
0.00,2020-02-01 16:05:00,,0.00,,,0.00,,0.04,,0.16,0.16,14.29,14.29,12.80,12.69,14.01,13.10,14.07,12.89,13.80,13.14,12.98,13.76,13.37,13.43,13.44,12.08,26.10,24.40,20.70,,,,23.00,23.90,23.70,22.70
0.00,2020-02-01 16:10:00,0.00,0.00,,,0.00,0.00,0.08,0.00,0.16,0.20,14.01,13.96,12.80,12.69,13.85,13.03,13.87,12.91,13.68,13.08,13.04,13.73,13.35,13.32,13.36,12.05,25.20,24.20,20.70,,,,23.00,23.90,23.70,22.70
0.00,2020-02-01 16:15:00,0.00,0.00,4.00,0.00,0.00,,0.04,0.00,0.16,0.16,14.01,13.96,12.75,12.69,13.72,12.98,13.76,12.83,13.49,13.11,12.98,13.44,13.14,13.22,13.15,12.14,24.80,24.00,20.70,24.20,19.80,24.60,23.00,23.70,23.40,22.60
0.00,2020-02-01 16:20:00,0.00,0.00,,,0.00,0.00,0.04,0.00,0.16,0.16,14.01,14.01,12.58,12.52,13.78,12.82,13.83,12.65,13.54,12.94,12.89,13.49,13.15,13.33,13.25,11.97,25.10,23.90,20.60,24.00,19.70,25.50,22.90,23.40,23.30,22.60
0.00,2020-02-01 16:25:00,0.00,0.00,,,0.00,,0.04,0.00,0.16,0.16,13.96,13.96,12.47,12.41,13.76,12.76,13.80,12.59,13.46,12.86,12.76,13.56,13.07,13.21,13.24,11.96,24.00,23.70,20.40,23.90,19.60,24.50,22.70,23.30,23.10,22.50
0.00,2020-02-01 16:30:00,0.00,0.00,4.00,0.00,0.00,0.00,0.04,0.00,0.16,0.16,13.79,13.85,12.47,12.36,13.71,12.68,13.72,12.58,13.44,12.82,12.72,13.43,13.01,13.11,13.12,11.97,23.40,23.60,20.30,23.70,19.50,24.00,22.80,23.10,23.00,22.40
0.00,2020-02-01 16:35:00,0.00,0.00,,,0.00,,0.04,0.00,0.16,0.16,13.68,13.63,12.41,12.30,13.58,12.62,13.61,12.47,13.32,12.76,12.75,13.31,12.97,12.94,12.89,11.96,23.20,23.30,20.20,23.50,19.40,24.20,22.80,22.90,22.90,22.40
0.00,2020-02-01 16:40:00,0.00,0.00,,,0.00,0.00,0.04,0.00,0.16,0.20,13.52,13.52,12.30,12.19,13.43,12.47,13.44,12.26,13.19,12.61,12.61,13.26,12.83,12.86,12.85,11.86,21.90,23.10,20.10,23.40,19.20,22.90,22.60,22.60,22.60,22.20
0.00,2020-02-01 16:45:00,0.00,0.00,4.00,0.00,0.00,,0.04,0.00,0.16,0.16,13.52,13.46,12.30,12.19,13.42,12.35,13.43,12.29,13.17,12.55,12.55,13.26,12.72,12.87,12.78,11.84,21.30,22.80,19.90,23.10,19.10,21.30,22.50,22.30,22.10,22.00
0.00,2020-02-01 16:50:00,0.00,0.00,,,0.00,0.00,0.04,0.00,0.16,0.16,13.41,13.35,12.25,12.14,13.31,12.32,13.29,12.18,13.12,12.54,12.57,13.22,12.64,12.82,12.71,11.93,20.50,22.60,19.80,23.00,18.90,21.40,22.20,22.00,21.80,21.90
0.00,2020-02-01 16:55:00,0.00,0.00,,,0.00,,0.04,0.00,0.16,0.16,13.24,13.24,12.25,12.14,13.10,12.35,13.14,12.19,13.00,12.58,12.59,13.08,12.57,12.64,12.66,12.00,19.70,22.30,19.80,22.80,18.80,20.20,22.20,21.70,21.50,21.80
0.00,2020-02-01 17:00:00,0.00,0.00,4.00,0.00,0.00,0.00,0.04,0.00,0.16,0.20,13.08,13.08,12.19,12.08,13.00,12.28,12.96,12.12,12.90,12.50,12.51,12.89,12.51,12.57,12.52,11.96,19.00,22.00,19.70,22.60,18.80,19.50,22.00,21.50,21.30,21.60
0.00,2020-02-01 17:05:00,0.00,0.00,,,0.00,,0.04,0.00,0.16,0.16,12.91,12.91,12.19,12.14,12.80,12.22,12.86,12.16,12.80,12.48,12.50,12.83,12.44,12.43,12.46,11.94,18.30,21.70,19.70,22.40,18.70,18.90,21.90,21.40,21.00,21.50
0.00,2020-02-01 17:10:00,0.00,0.00,,,0.00,0.00,0.04,0.00,0.16,0.16,12.80,12.86,12.19,12.08,12.80,12.18,12.75,12.11,12.65,12.47,12.51,12.75,12.32,12.37,12.33,12.01,18.10,21.50,19.80,22.20,18.60,18.60,21.80,21.30,20.80,21.40
0.00,2020-02-01 17:15:00,0.00,0.00,4.00,0.00,0.00,,0.04,0.00,0.16,0.16,12.80,12.80,12.14,12.08,12.80,12.21,12.78,12.08,12.66,12.51,12.46,12.73,12.29,12.29,12.28,11.87,18.30,21.20,19.80,22.00,18.60,18.80,21.80,21.20,20.50,21.40
0.00,2020-02-01 17:20:00,0.00,0.00,,,0.00,0.00,0.04,0.00,0.16,0.16,12.75,12.75,12.08,11.97,12.69,12.05,12.76,12.01,12.62,12.39,12.43,12.65,12.19,12.35,12.23,11.73,18.20,21.00,19.70,21.80,18.50,18.50,21.60,21.10,20.30,21.30
0.00,2020-02-01 17:25:00,0.00,0.00,,,0.00,,0.04,0.00,0.16,0.16,12.75,12.75,12.03,11.97,12.72,12.07,12.75,11.93,12.65,12.43,12.35,12.69,12.19,12.25,12.25,11.79,19.10,20.80,19.60,21.50,18.40,18.80,21.60,20.90,20.20,21.30
0.00,2020-02-01 17:30:00,0.00,0.00,4.00,0.00,0.00,0.00,0.04,0.00,0.16,0.16,12.63,12.69,12.03,11.97,12.61,11.97,12.64,11.84,12.62,12.35,12.40,12.62,12.12,12.21,12.11,11.68,18.70,20.60,19.50,21.50,18.20,18.50,21.60,20.90,20.00,21.20
0.00,2020-02-01 17:35:00,0.00,0.00,,,0.00,,0.04,0.00,0.16,0.16,12.58,12.58,11.97,11.92,12.57,11.96,12.57,11.82,12.52,12.29,12.32,12.54,12.03,12.12,12.05,11.70,18.00,20.20,19.40,21.20,18.00,18.00,21.50,20.80,19.90,21.10
0.00,2020-02-01 17:40:00,0.00,0.00,,,0.00,0.00,0.04,0.00,0.16,0.16,12.47,12.47,11.92,11.86,12.48,11.86,12.47,11.84,12.42,12.32,12.29,12.42,11.91,12.03,12.03,11.72,17.30,19.90,19.30,21.10,18.00,17.50,21.40,20.60,19.70,21.00
0.00,2020-02-01 17:45:00,0.00,0.00,4.00,0.00,0.00,,0.04,0.00,0.16,0.16,12.41,12.41,11.92,11.86,12.43,11.83,12.44,11.77,12.33,12.23,12.26,12.42,11.93,11.97,11.96,11.72,16.90,19.80,19.30,21.00,17.90,16.90,21.30,20.40,19.60,20.80
0.00,2020-02-01 17:50:00,0.00,0.00,,,0.00,0.00,0.04,0.00,0.16,0.16,12.25,12.30,11.92,11.86,12.28,11.82,12.23,11.75,12.21,12.26,12.26,12.23,11.79,11.86,11.82,11.72,16.50,19.30,19.40,20.80,17.90,16.70,21.20,20.30,19.40,20.60
0.00,2020-02-01 17:55:00,0.00,0.00,,,0.00,,0.04,0.00,0.16,0.16,12.19,12.25,11.86,11.81,12.19,11.76,12.23,11.72,12.18,12.19,12.14,12.25,11.75,11.87,11.70,11.61,16.20,19.00,19.30,20.70,17.80,16.50,20.90,20.10,19.20,20.50
0.00,2020-02-01 18:00:00,0.00,0.00,4.00,0.00,0.00,0.00,0.04,0.00,0.16,0.20,12.14,12.19,11.81,11.75,12.16,11.70,12.22,11.68,12.16,12.16,12.15,12.12,11.66,11.77,11.73,11.60,16.00,18.70,19.40,20.50,17.70,16.20,20.90,20.00,19.00,20.30
0.00,2020-02-01 18:05:00,0.00,0.00,,,0.00,,0.04,0.00,0.16,0.16,12.08,12.08,11.75,11.70,12.12,11.68,12.16,11.55,12.05,12.12,12.04,12.05,11.60,11.69,11.58,11.53,15.70,18.40,19.20,20.30,17.50,15.80,20.50,19.70,18.90,20.20
0.00,2020-02-01 18:10:00,0.00,0.00,,,0.00,0.00,0.04,0.00,0.16,0.16,11.97,12.03,11.70,11.64,12.05,11.61,12.09,11.50,12.00,12.00,12.03,12.03,11.58,11.61,11.58,11.44,15.40,18.20,19.20,20.10,17.20,15.70,20.30,19.60,18.70,20.00
0.00,2020-02-01 18:15:00,0.00,0.00,4.00,0.00,0.00,,0.04,0.00,0.16,0.16,11.92,11.97,11.64,11.59,11.98,11.51,12.04,11.41,11.96,11.98,12.00,11.96,11.53,11.54,11.50,11.37,15.20,17.90,19.20,19.80,17.00,15.30,20.00,19.50,18.50,19.90
0.00,2020-02-01 18:20:00,0.00,0.00,,,0.00,0.00,0.04,0.00,0.16,0.16,11.86,11.86,11.59,11.53,11.89,11.48,11.96,11.40,11.86,11.90,11.96,11.93,11.47,11.53,11.46,11.40,14.90,17.70,19.20,19.60,16.80,15.00,19.90,19.40,18.30,19.80
0.00,2020-02-01 18:25:00,0.00,0.00,,,0.00,,0.04,0.00,0.16,0.16,11.81,11.81,11.59,11.48,11.90,11.40,11.83,11.30,11.83,11.87,11.89,11.79,11.43,11.50,11.37,11.26,14.70,17.50,19.20,19.70,16.60,14.90,19.80,19.30,18.10,19.70
0.00,2020-02-01 18:30:00,0.00,0.00,4.00,0.00,0.00,0.00,0.04,0.00,0.16,0.16,11.75,11.75,11.53,11.42,11.84,11.39,11.79,11.27,11.72,11.77,11.82,11.80,11.34,11.40,11.32,11.25,14.50,17.30,19.20,19.50,16.50,14.50,19.60,19.20,17.90,19.60
0.00,2020-02-01 18:35:00,0.00,0.00,,,0.00,,0.08,0.00,0.16,0.16,11.53,11.59,11.48,11.37,11.65,11.23,11.58,11.25,11.66,11.80,11.73,11.66,11.27,11.30,11.23,11.22,13.90,17.10,19.20,19.40,16.30,14.10,19.50,19.00,17.80,19.50
0.00,2020-02-01 18:40:00,0.00,0.00,,,0.00,0.00,0.04,0.00,0.16,0.16,11.48,11.48,11.42,11.37,11.53,11.15,11.58,11.15,11.51,11.72,11.70,11.57,11.27,11.30,11.14,11.11,13.70,17.00,19.20,19.20,16.20,14.00,19.40,18.90,17.70,19.40
0.00,2020-02-01 18:45:00,0.00,0.00,4.00,0.00,0.00,,0.04,0.00,0.16,0.16,11.37,11.37,11.37,11.26,11.50,11.12,11.47,11.05,11.51,11.63,11.63,11.47,11.16,11.22,11.09,11.07,13.60,16.70,19.10,19.10,16.00,13.90,19.20,18.80,17.60,19.30
0.00,2020-02-01 18:50:00,0.00,0.00,,,0.00,0.00,0.04,0.00,0.16,0.16,11.31,11.37,11.26,11.15,11.40,10.98,11.43,10.95,11.46,11.57,11.55,11.43,11.07,11.14,11.00,10.95,13.10,16.60,19.10,19.00,15.90,13.40,19.20,18.70,17.50,19.20
0.00,2020-02-01 18:55:00,0.00,0.00,,,0.00,,0.04,0.00,0.16,0.16,11.26,11.31,11.09,11.03,11.34,10.86,11.30,10.86,11.32,11.44,11.48,11.37,11.04,11.05,10.98,10.87,12.90,16.40,19.00,18.90,15.70,13.10,19.00,18.70,17.40,19.00
0.00,2020-02-01 19:00:00,0.00,0.00,4.00,0.00,0.00,0.00,0.08,0.00,0.16,0.16,11.20,11.20,11.03,10.98,11.23,10.80,11.26,10.79,11.29,11.44,11.36,11.29,10.94,11.02,10.87,10.86,12.80,16.20,19.00,18.80,15.50,12.90,18.90,18.60,17.20,18.70
0.00,2020-02-01 19:05:00,0.00,0.00,,,0.00,,0.08,0.00,0.16,0.16,11.15,11.15,10.98,10.92,11.21,10.76,11.16,10.69,11.25,11.32,11.30,11.21,10.86,10.91,10.84,10.76,12.80,16.10,19.00,18.70,15.40,12.70,18.70,18.50,17.20,18.50
0.00,2020-02-01 19:10:00,0.00,0.00,,,0.00,0.00,0.08,0.00,0.16,0.16,11.09,11.15,10.98,10.87,11.21,10.69,11.14,10.70,11.21,11.30,11.23,11.22,10.80,10.84,10.76,10.63,12.60,16.00,19.00,18.60,15.30,12.60,18.60,18.40,17.00,18.20
0.00,2020-02-01 19:15:00,0.00,0.00,4.00,0.00,0.00,,0.08,0.00,0.16,0.16,11.09,11.09,10.87,10.81,11.07,10.62,11.15,10.63,11.15,11.15,11.19,11.12,10.79,10.76,10.72,10.61,12.30,15.80,18.90,18.50,15.20,12.50,18.40,18.40,16.90,18.10
0.00,2020-02-01 19:20:00,0.00,0.00,,,0.00,,0.04,0.00,0.16,0.16,11.03,11.03,10.81,10.76,11.12,10.54,11.07,10.51,11.12,11.16,11.08,11.11,10.75,10.73,10.66,10.58,12.20,15.70,18.80,18.40,15.00,12.50,18.30,18.20,16.90,17.90
0.00,2020-02-01 19:25:00,0.00,0.00,,,0.00,,0.04,0.00,0.16,0.16,10.98,11.03,10.81,10.76,11.09,10.55,11.02,10.54,11.09,11.18,11.11,11.08,10.63,10.70,10.62,10.59,12.30,15.70,18.70,18.20,14.90,12.50,18.20,18.10,16.80,17.70
0.00,2020-02-01 19:30:00,0.00,0.00,4.00,0.00,0.00,,0.04,0.00,0.16,0.16,10.92,10.98,10.81,10.76,11.05,10.55,11.05,10.47,11.01,11.09,11.14,11.07,10.63,10.68,10.66,10.51,12.30,15.50,18.60,18.20,14.80,12.50,18.00,18.10,16.70,17.50
0.00,2020-02-01 19:35:00,0.00,0.00,,,0.00,,0.08,0.00,0.16,0.16,10.92,10.92,10.70,10.65,10.98,10.51,11.04,10.45,11.00,11.05,11.05,11.01,10.56,10.69,10.55,10.48,12.10,15.40,18.50,18.20,14.50,12.40,18.00,18.00,16.80,17.60
0.00,2020-02-01 19:40:00,0.00,0.00,,,0.00,0.00,0.04,0.00,0.16,0.16,10.87,10.87,10.70,10.59,10.95,10.45,11.00,10.38,10.91,11.04,11.02,10.95,10.62,10.62,10.51,10.48,12.00,15.30,18.40,18.10,14.40,12.20,17.80,18.00,16.70,17.50
0.00,2020-02-01 19:45:00,0.00,0.00,4.00,0.00,0.00,,0.04,0.00,0.16,0.16,10.87,10.87,10.70,10.65,10.93,10.49,11.01,10.41,10.93,11.01,11.07,11.00,10.58,10.55,10.54,10.42,12.00,15.20,18.40,18.00,14.40,12.30,17.80,18.00,16.60,17.40
0.00,2020-02-01 19:50:00,0.00,0.00,,,0.00,0.00,0.04,0.00,0.16,0.16,10.87,10.87,10.70,10.65,10.97,10.42,10.95,10.47,10.86,11.02,11.07,10.91,10.54,10.55,10.56,10.45,12.20,15.10,18.40,18.00,14.30,12.40,17.60,17.90,16.60,17.30
0.00,2020-02-01 19:55:00,0.00,0.00,,,0.00,,0.08,0.00,0.16,0.16,10.87,10.87,10.70,10.65,10.93,10.45,10.93,10.40,10.88,10.98,11.02,10.81,10.49,10.56,10.44,10.47,12.10,14.90,18.30,17.90,14.30,12.40,17.50,17.80,16.50,17.20
0.00,2020-02-01 20:00:00,0.00,0.00,4.00,0.00,0.00,0.00,0.04,0.00,0.16,0.16,10.81,10.81,10.65,10.59,10.94,10.44,10.93,10.40,10.83,11.00,11.01,10.88,10.51,10.54,10.42,10.37,11.90,14.80,18.30,17.60,14.30,12.10,17.50,17.70,16.50,17.10
0.00,2020-02-01 20:05:00,0.00,0.00,,,0.00,,0.08,0.00,0.16,0.16,10.76,10.76,10.65,10.59,10.83,10.40,10.93,10.40,10.83,10.94,10.98,10.79,10.44,10.52,10.40,10.32,11.70,14.70,18.20,17.80,14.00,12.00,17.40,17.70,16.50,16.80
0.00,2020-02-01 20:10:00,0.00,0.00,,,0.00,0.00,0.08,0.00,0.16,0.16,10.70,10.70,10.59,10.59,10.81,10.41,10.81,10.34,10.80,10.94,10.94,10.76,10.48,10.45,10.40,10.36,11.70,14.70,18.10,17.90,13.80,12.00,17.30,17.70,16.40,16.50
0.00,2020-02-01 20:15:00,0.00,0.00,4.00,0.00,0.00,,0.08,0.00,0.16,0.16,10.65,10.70,10.59,10.59,10.79,10.34,10.75,10.40,10.76,10.93,10.93,10.72,10.44,10.45,10.36,10.34,11.70,14.60,18.20,18.00,13.90,11.90,17.30,17.60,16.40,16.50
0.00,2020-02-01 20:20:00,0.00,0.00,,,0.00,0.00,0.04,0.00,0.16,0.16,10.70,10.70,10.54,10.59,10.80,10.33,10.84,10.36,10.68,10.93,10.90,10.75,10.36,10.40,10.40,10.36,12.00,14.50,18.20,17.80,13.90,12.30,17.10,17.50,16.20,16.30
0.00,2020-02-01 20:25:00,0.00,0.00,,,0.00,,0.04,0.00,0.16,0.16,10.65,10.65,10.54,10.54,10.80,10.30,10.76,10.32,10.70,10.93,10.83,10.63,10.32,10.37,10.32,10.27,11.50,14.40,18.10,17.80,13.80,11.70,17.10,17.50,16.10,16.30
0.00,2020-02-01 20:30:00,0.00,0.00,4.00,0.00,0.00,0.00,0.08,0.00,0.16,0.16,10.59,10.59,10.48,10.48,10.73,10.32,10.72,10.26,10.61,10.84,10.90,10.66,10.29,10.33,10.29,10.29,11.40,14.30,18.10,17.70,13.70,11.60,17.10,17.50,16.10,16.20
0.00,2020-02-01 20:35:00,0.00,0.00,,,0.00,,0.08,0.00,0.16,0.16,10.54,10.54,10.48,10.43,10.72,10.23,10.72,10.30,10.63,10.90,10.84,10.66,10.37,10.37,10.26,10.25,11.30,14.20,18.10,17.70,13.70,11.40,17.10,17.50,16.20,16.30
0.00,2020-02-01 20:40:00,0.00,0.00,,,0.00,0.00,0.04,0.00,0.16,0.16,10.48,10.48,10.43,10.43,10.62,10.23,10.68,10.22,10.59,10.83,10.76,10.63,10.32,10.32,10.19,10.18,11.10,14.10,18.00,17.60,13.60,11.40,16.80,17.40,16.10,15.90
0.00,2020-02-01 20:45:00,0.00,0.00,4.00,0.00,0.00,,0.04,0.00,0.16,0.16,10.43,10.43,10.37,10.43,10.58,10.15,10.69,10.16,10.58,10.76,10.76,10.54,10.30,10.32,10.23,10.15,11.00,14.00,17.80,17.50,13.50,11.20,16.70,17.30,16.10,16.00
0.00,2020-02-01 20:50:00,0.00,0.00,,,0.00,0.00,0.04,0.00,0.16,0.16,10.43,10.43,10.43,10.43,10.56,10.15,10.65,10.22,10.59,10.79,10.73,10.54,10.26,10.26,10.16,10.23,11.00,14.00,17.90,17.50,13.50,11.10,16.50,17.30,16.00,15.80
0.00,2020-02-01 20:55:00,0.00,0.00,,,0.00,,0.08,0.00,0.16,0.16,10.37,10.37,10.37,10.37,10.52,10.13,10.63,10.22,10.51,10.79,10.75,10.51,10.23,10.26,10.13,10.22,11.00,13.80,17.60,17.40,13.30,11.10,16.40,17.20,15.90,15.80
0.00,2020-02-01 21:00:00,0.00,0.00,4.00,0.00,0.00,,0.04,0.00,0.16,0.16,10.37,10.37,10.32,10.37,10.52,10.15,10.62,10.18,10.51,10.68,10.73,10.47,10.23,10.25,10.19,10.12,11.00,13.80,17.60,17.30,13.20,11.10,16.20,17.20,15.90,15.60
0.00,2020-02-01 21:05:00,0.00,0.00,,,0.00,,0.04,0.00,0.16,0.16,10.32,10.37,10.32,10.37,10.48,10.18,10.55,10.13,10.54,10.69,10.79,10.45,10.26,10.23,10.11,10.18,11.10,13.70,17.50,17.20,13.10,11.10,16.20,17.10,15.80,15.50
0.00,2020-02-01 21:10:00,0.00,0.00,,,0.00,0.00,0.04,0.00,0.16,0.16,10.32,10.32,10.32,10.37,10.54,10.18,10.49,10.13,10.47,10.65,10.75,10.44,10.18,10.19,10.18,10.15,10.90,13.60,17.40,17.20,13.00,11.10,16.10,17.00,15.80,15.40
0.00,2020-02-01 21:15:00,0.00,0.00,4.00,0.00,0.00,,0.08,0.00,0.16,0.16,10.32,10.32,10.37,10.37,10.47,10.13,10.49,10.13,10.41,10.72,10.76,10.45,10.19,10.16,10.19,10.20,11.10,13.60,17.30,17.00,13.00,11.10,16.00,17.10,15.80,15.30
0.00,2020-02-01 21:20:00,0.00,0.00,,,0.00,0.00,0.04,0.00,0.16,0.16,10.32,10.32,10.32,10.37,10.47,10.12,10.51,10.22,10.45,10.69,10.75,10.40,10.25,10.19,10.18,10.13,10.90,13.60,17.30,17.00,13.10,11.10,16.10,17.10,15.80,15.40
0.00,2020-02-01 21:25:00,0.00,0.00,,,0.00,,0.04,0.00,0.16,0.16,10.26,10.26,10.32,10.37,10.41,10.18,10.51,10.18,10.38,10.73,10.72,10.44,10.23,10.13,10.19,10.13,10.90,13.60,17.20,16.90,13.10,11.00,15.90,17.10,15.70,15.30
,2020-02-01 21:30:00,,,,,,0.00,,,,,,,,,,,,,,,,,,,,,,,,,,,,,,
0.00,2020-02-01 21:30:01,0.00,0.00,4.00,0.00,0.00,,0.04,0.00,0.16,0.16,10.26,10.26,10.32,10.32,10.38,10.12,10.49,10.20,10.44,10.72,10.68,10.42,10.16,10.19,10.13,10.18,10.80,13.50,17.30,16.90,13.10,11.00,15.90,17.20,15.80,15.20
0.00,2020-02-01 21:35:01,0.00,0.00,,,0.00,,0.04,0.00,0.16,0.16,10.26,10.26,10.32,10.37,10.44,10.18,10.44,10.18,10.48,10.68,10.79,10.40,10.25,10.15,10.12,10.11,11.30,13.40,17.20,16.90,13.10,11.40,15.80,17.10,15.70,15.10
0.00,2020-02-01 21:40:00,0.00,0.00,,,0.00,0.00,0.04,0.00,0.16,0.16,10.32,10.32,10.32,10.37,10.38,10.12,10.48,10.25,10.42,10.72,10.76,10.41,10.25,10.16,10.12,10.16,11.20,13.40,17.30,16.80,13.10,11.20,15.60,17.10,15.70,15.50
0.00,2020-02-01 21:45:00,0.00,0.00,4.00,0.00,0.00,,0.04,0.00,0.16,0.16,10.32,10.32,10.37,10.37,10.42,10.20,10.42,10.19,10.38,10.72,10.69,10.44,10.19,10.19,10.08,10.12,11.20,13.30,17.00,16.50,12.90,11.20,15.40,16.90,15.50,16.00
0.00,2020-02-01 21:50:00,0.00,0.00,,,0.00,0.00,0.04,0.00,0.16,0.16,10.32,10.32,10.37,10.37,10.45,10.18,10.42,10.16,10.37,10.70,10.80,10.41,10.22,10.19,10.08,10.09,11.10,13.30,16.80,16.50,12.80,11.20,15.20,16.80,15.40,16.20
0.00,2020-02-01 21:55:00,0.00,0.00,,,0.00,,0.04,0.00,0.16,0.20,10.32,10.37,10.37,10.43,10.44,10.18,10.52,10.22,10.44,10.69,10.84,10.37,10.19,10.20,10.13,10.20,11.40,13.30,16.70,16.40,12.70,11.50,14.90,16.70,15.30,16.30
0.00,2020-02-01 22:00:00,0.00,0.00,4.00,0.00,0.00,0.00,0.04,0.00,0.16,0.16,10.43,10.43,10.37,10.43,10.58,10.12,10.58,10.25,10.49,10.76,10.77,10.45,10.22,10.20,10.09,10.18,11.60,13.20,16.50,16.20,12.60,11.70,14.60,16.50,15.20,16.20
0.00,2020-02-01 22:05:00,0.00,0.00,,,0.00,,0.04,0.00,0.16,0.16,10.43,10.43,10.37,10.43,10.54,10.18,10.65,10.23,10.40,10.69,10.84,10.42,10.22,10.13,10.16,10.20,11.30,13.20,16.50,16.00,12.60,11.40,14.40,16.30,15.00,16.10
0.00,2020-02-01 22:10:00,0.00,0.00,,,0.00,0.00,0.04,0.00,0.16,0.16,10.43,10.43,10.43,10.48,10.55,10.22,10.56,10.20,10.41,10.77,10.77,10.47,10.29,10.23,10.15,10.18,11.30,13.20,16.40,15.90,12.50,11.40,14.50,16.30,15.00,15.90
0.00,2020-02-01 22:15:00,0.00,0.00,4.00,0.00,0.00,,0.04,0.00,0.16,0.16,10.37,10.37,10.43,10.48,10.56,10.25,10.61,10.20,10.45,10.72,10.87,10.44,10.25,10.20,10.11,10.18,11.40,13.10,16.30,15.90,12.50,11.60,14.40,16.30,15.00,16.00
0.00,2020-02-01 22:20:00,0.00,0.00,,,0.00,0.00,0.04,0.00,0.16,0.16,10.37,10.37,10.43,10.48,10.55,10.25,10.66,10.27,10.44,10.75,10.90,10.37,10.22,10.23,10.12,10.19,11.60,13.10,16.30,16.00,12.50,11.80,14.30,16.30,15.10,16.30
0.00,2020-02-01 22:25:00,0.00,0.00,,,0.00,,0.04,0.00,0.16,0.16,10.37,10.37,10.48,10.54,10.52,10.22,10.65,10.34,10.44,10.81,10.81,10.40,10.27,10.26,10.15,10.19,11.50,13.00,16.30,16.00,12.50,11.70,14.40,16.40,15.10,16.30
0.00,2020-02-01 22:30:00,0.00,0.00,4.00,0.00,0.00,0.00,0.04,0.00,0.16,0.16,10.43,10.43,10.54,10.54,10.61,10.30,10.61,10.27,10.40,10.79,10.93,10.47,10.32,10.27,10.19,10.25,11.70,13.00,16.30,16.00,12.50,11.70,14.30,16.40,15.10,16.40
0.00,2020-02-01 22:35:00,0.00,0.00,,,0.00,,0.04,0.00,0.16,0.20,10.43,10.48,10.54,10.59,10.63,10.25,10.61,10.33,10.51,10.83,10.93,10.45,10.30,10.25,10.22,10.23,12.10,13.00,16.20,16.10,12.50,12.10,14.30,16.30,15.00,16.30
0.00,2020-02-01 22:40:00,0.00,0.00,,,0.00,0.00,0.04,0.00,0.16,0.16,10.43,10.48,10.54,10.59,10.63,10.29,10.59,10.41,10.49,10.88,10.91,10.48,10.34,10.26,10.16,10.23,12.00,13.10,16.10,15.90,12.50,12.20,14.40,16.30,15.00,16.30
0.00,2020-02-01 22:45:00,0.00,0.00,4.00,0.00,0.00,,0.04,0.00,0.16,0.16,10.43,10.48,10.59,10.59,10.61,10.33,10.61,10.42,10.47,10.94,11.04,10.52,10.36,10.29,10.22,10.32,12.30,13.10,16.00,15.80,12.50,12.40,14.50,16.20,14.90,16.20
0.00,2020-02-01 22:50:00,0.00,0.00,,,0.00,0.00,0.04,0.00,0.16,0.20,10.48,10.48,10.65,10.65,10.68,10.41,10.65,10.40,10.56,10.95,11.02,10.51,10.36,10.27,10.30,10.36,12.60,13.10,15.90,15.70,12.60,12.30,14.30,16.20,14.80,16.10
0.00,2020-02-01 22:55:00,0.00,0.00,,,0.00,,0.08,0.00,0.16,0.20,10.48,10.48,10.59,10.65,10.69,10.34,10.68,10.44,10.51,10.94,11.07,10.49,10.36,10.27,10.30,10.30,12.10,13.10,15.80,15.30,12.60,12.10,14.30,16.20,14.90,16.10
0.00,2020-02-01 23:00:00,0.00,0.00,4.00,0.00,0.00,0.00,0.04,0.00,0.16,0.20,10.48,10.48,10.59,10.65,10.61,10.38,10.72,10.47,10.49,10.93,11.08,10.56,10.38,10.33,10.22,10.38,12.00,13.10,15.80,15.40,12.60,12.20,14.30,16.30,14.90,16.10
0.00,2020-02-01 23:05:00,0.00,0.00,,,0.00,,0.04,0.00,0.16,0.16,10.48,10.54,10.65,10.65,10.70,10.38,10.73,10.49,10.52,11.04,11.05,10.58,10.38,10.33,10.25,10.40,12.40,13.00,15.70,15.30,12.60,12.30,14.10,16.10,14.80,16.10
0.00,2020-02-01 23:10:00,0.00,0.00,,,0.00,0.00,0.04,0.00,0.16,0.20,10.54,10.54,10.70,10.70,10.72,10.40,10.70,10.52,10.58,11.00,11.11,10.52,10.44,10.32,10.34,10.34,12.50,13.00,15.70,15.30,12.70,12.50,14.10,16.20,14.70,16.00
0.00,2020-02-01 23:15:00,0.00,0.00,4.00,0.00,0.00,,0.04,0.00,0.16,0.16,10.54,10.59,10.70,10.76,10.73,10.42,10.72,10.54,10.59,10.98,11.12,10.62,10.44,10.33,10.34,10.42,12.50,13.00,15.70,15.30,12.70,12.50,14.10,16.20,14.80,16.00
0.00,2020-02-01 23:20:00,0.00,0.00,,,0.00,0.00,0.04,0.00,0.16,0.16,10.54,10.59,10.76,10.76,10.69,10.47,10.79,10.47,10.62,11.09,11.12,10.62,10.41,10.40,10.27,10.41,12.70,13.00,15.70,15.40,12.70,12.50,14.10,16.30,14.90,16.10
0.00,2020-02-01 23:25:00,0.00,0.00,,,0.00,,0.04,0.00,0.16,0.16,10.54,10.59,10.76,10.81,10.76,10.42,10.73,10.52,10.66,11.04,11.19,10.62,10.49,10.37,10.34,10.40,12.70,13.00,15.70,15.50,12.70,12.50,14.10,16.30,14.90,16.10
0.00,2020-02-01 23:30:00,0.00,0.00,4.00,0.00,0.00,0.00,0.04,0.00,0.16,0.16,10.59,10.59,10.76,10.81,10.80,10.51,10.79,10.52,10.66,11.08,11.15,10.63,10.44,10.36,10.38,10.44,12.70,13.00,15.80,15.30,12.70,12.50,14.20,16.20,14.90,16.10
0.00,2020-02-01 23:35:00,0.00,0.00,,,0.00,,0.04,0.00,0.16,0.16,10.59,10.59,10.76,10.81,10.70,10.45,10.79,10.52,10.62,11.12,11.14,10.59,10.54,10.38,10.34,10.42,12.60,13.00,15.80,15.30,12.70,12.50,14.20,16.20,14.90,16.20
0.00,2020-02-01 23:40:00,0.00,0.00,,,0.00,0.00,0.04,0.00,0.16,0.16,10.59,10.59,10.81,10.87,10.81,10.56,10.79,10.54,10.68,11.07,11.21,10.65,10.58,10.42,10.38,10.49,12.60,13.00,15.70,15.20,12.80,12.60,14.20,16.30,14.90,16.20
0.00,2020-02-01 23:45:00,0.00,0.00,4.00,0.00,0.00,,0.04,0.00,0.16,0.20,10.65,10.65,10.81,10.92,10.73,10.59,10.86,10.59,10.61,11.14,11.29,10.66,10.58,10.44,10.38,10.52,12.60,13.00,15.70,15.00,12.80,12.60,14.10,16.10,14.80,16.10
0.00,2020-02-01 23:50:00,0.00,0.00,,,0.00,0.00,0.04,0.00,0.16,0.16,10.65,10.70,10.87,10.92,10.80,10.54,10.88,10.56,10.70,11.14,11.23,10.63,10.52,10.40,10.38,10.54,12.90,13.00,15.60,15.20,12.80,12.70,14.10,16.10,14.60,16.00
0.00,2020-02-01 23:55:00,0.00,0.00,,,0.00,,0.04,0.00,0.16,0.16,10.76,10.76,10.92,10.98,10.80,10.52,10.90,10.62,10.66,11.23,11.25,10.72,10.59,10.48,10.36,10.55,13.30,13.00,15.50,15.10,12.80,13.10,14.10,16.00,14.60,16.10
