DT_U1,DT_U2,DT_U3,DT_ext-int,DT_ext4-int4,DP_U1_c1,DP_U1_c2,DP_U2_c1,DP_U2_c2,DP_U3_c1,DP_U3_c2,Q_U1,Q_U2,Q_U3,P30,DT30
-5.0,0.0,-4.699999999999999,10.471233333333332,1053744672.2240076,18.7,19.1,2.0,1.299999999999999,20.1,19.5,-447.5,0.0,-433.80999999999995,144.55833333333334,-2.5299999999999994
-4.800000000000001,-0.09999999999999787,-0.7000000000000011,11.484266666666667,1161410408.274352,18.599999999999998,19.3,1.6999999999999993,1.299999999999999,0.7999999999999998,23.4,-428.64000000000004,-0.03999999999999915,-16.135000000000026,111.96666666666665,-2.040000000000001
-4.899999999999999,-0.09999999999999787,-1.3000000000000007,11.329166666666667,1151019414.9666061,18.8,19.4,1.700000000000001,0.40000000000000036,0.7000000000000002,9.799999999999999,-439.03999999999985,-0.03999999999999915,-39.19500000000002,116.68333333333334,-3.5700000000000003
-3.700000000000001,-0.10000000000000142,-2.0999999999999996,13.397133333333333,1330088233.373702,13.899999999999999,17.4,2.0999999999999996,0.8000000000000007,0.6999999999999997,15.600000000000001,-242.9050000000001,-0.04000000000000057,-101.84999999999998,90.76666666666665,-1.4000000000000004
-4.899999999999999,0.0,-0.5999999999999996,12.125066666666665,1226900445.4720917,18.2,18.9,1.8000000000000007,0.6999999999999993,-91.5,27.900000000000002,-428.5049999999999,0.0,-29.27999999999998,105.00833333333334,-2.2300000000000004
-3.799999999999999,0.0,-1.5999999999999996,16.544666666666664,1666349792.6880503,13.899999999999999,17.2,2.1999999999999993,0.8999999999999986,-145.4,-135.8,-246.99999999999994,0.0,-80.32,95.05833333333334,-1.0
-3.299999999999999,0.0,-0.9000000000000004,16.8859,1704268405.308053,13.399999999999999,16.9,2.1999999999999993,1.0,-144.3,-130.39999999999998,-211.52999999999992,0.0,-45.40500000000002,91.14166666666667,-1.0600000000000005
-3.799999999999999,0.0,-1.9000000000000004,13.417966666666667,1328606118.172124,13.700000000000001,17.299999999999997,2.5,1.1999999999999993,-145.5,-137.0,-247.56999999999996,0.0,-92.91000000000001,92.2,-0.7999999999999989
-3.8000000000000007,-0.09999999999999964,-1.9000000000000004,14.438766666666668,1434964432.213811,277.0,345.8,1.0999999999999996,-0.09999999999999964,-91.6,15.799999999999999,-247.57000000000008,-0.03999999999999986,-92.62500000000001,94.15833333333335,-1.0399999999999991
-5.000000000000002,0.0,-2.0999999999999996,9.985899999999999,1001046522.0419312,18.2,18.799999999999997,1.5999999999999996,0.1999999999999993,-91.6,15.299999999999999,-438.0000000000001,0.0,-101.74499999999999,108.58762458471762,-2.6400000000000006
-4.999999999999998,-0.10000000000000142,-1.9999999999999982,11.079199999999997,1119929089.3137016,18.700000000000003,19.4,2.3999999999999986,1.5,-91.6,15.7,-445.7499999999999,-0.04000000000000057,-98.29999999999991,120.05,-2.7300000000000004
-5.199999999999999,-0.09999999999999787,-2.0,3.9346666666666685,389643991.6762142,17.0,17.700000000000003,1.4000000000000004,0.5,-91.6,14.3,-448.23999999999995,-0.03999999999999915,-96.1,120.33333333333333,-3.2299999999999986
-5.300000000000001,-0.09999999999999787,-2.0,3.3246666666666673,326511830.4971876,16.6,17.4,1.0999999999999996,0.1999999999999993,-91.6,14.1,-448.38000000000005,-0.03999999999999915,-94.9,109.125,-2.83
-5.199999999999999,0.0,-1.7999999999999972,4.244666666666667,420757118.535594,16.9,17.5,1.700000000000001,0.9000000000000004,-91.6,14.299999999999999,-442.5199999999999,0.0,-85.58999999999986,120.55855481727576,-3.2699999999999996
-5.0,0.0,-2.0,8.495066666666668,850520879.7589512,18.7,19.400000000000002,1.5,0.7000000000000011,-91.5,15.7,-446.25,0.0,-98.5,134.15,-2.5
-4.6,-0.10000000000000142,-1.799999999999999,18.6234,1918065013.2751493,21.200000000000003,21.9,4.0,2.799999999999999,-91.5,18.1,-431.24999999999994,-0.04000000000000057,-92.15999999999995,115.00833333333334,-2.080000000000002
-3.5999999999999996,-0.10000000000000142,-1.9000000000000004,20.671633333333332,2120743328.8571167,16.299999999999997,19.700000000000003,4.299999999999999,2.9000000000000004,-91.5,18.7,-247.49999999999997,-0.04000000000000057,-98.13500000000002,113.6000276854928,-0.33000000000000007
-3.5999999999999996,-0.10000000000000142,-2.0,19.853299999999997,2039927586.1403303,19.1,16.700000000000003,4.0,2.6999999999999993,-91.5,18.3,-248.57999999999996,-0.04000000000000057,-102.6,120.62560963455151,-1.67
-4.300000000000001,-0.09999999999999964,-1.9000000000000004,19.655366666666666,2021619138.4456482,20.599999999999998,21.2,4.0,2.6999999999999993,-91.3,18.099999999999998,-393.45000000000005,-0.03999999999999986,-96.90000000000002,130.8416943521595,-1.8399999999999999
-3.9000000000000004,0.0,-2.0,13.0359,1301513120.4872952,17.200000000000003,14.9,2.5,1.5,-91.5,15.7,-257.595,0.0,-97.0,101.75,-2.459999999999999
-4.0,0.0,-2.0,12.5463,1263612169.894535,17.799999999999997,15.5,1.6999999999999993,0.5,-91.5,16.3,-268.0,0.0,-99.1,112.75833333333334,-3.16
-4.700000000000001,-0.10000000000000142,-1.9000000000000004,21.549999999999997,2270958974.008094,21.6,22.400000000000002,3.0,1.4000000000000021,-91.6,18.2,-444.85500000000013,-0.04000000000000057,-98.42000000000002,126.94166666666666,-3.0299999999999994
-5.0,-0.09999999999999787,-2.0999999999999996,11.8471,1203546631.4834185,19.0,19.799999999999997,1.5,0.3999999999999986,-91.5,15.3,-447.0,-0.03999999999999915,-102.79499999999999,130.475,-3.5600000000000005
-3.799999999999999,0.0,-2.0999999999999996,14.555466666666666,1454894881.6853313,14.3,17.799999999999997,2.0999999999999996,0.9000000000000004,-91.5,15.400000000000002,-250.2299999999999,0.0,-101.53499999999998,94.59166666666665,-0.7999999999999989
-3.8000000000000007,0.0,-2.0,14.814666666666668,1480678248.3395004,14.299999999999999,17.9,2.4000000000000004,1.0999999999999996,-91.5,15.600000000000001,-250.61000000000007,0.0,-97.1,95.14166666666667,-0.7599999999999998
-5.100000000000001,-0.09999999999999787,-2.1000000000000014,9.4955,960224162.0872726,18.700000000000003,19.4,2.5999999999999996,1.799999999999999,-91.6,15.5,-455.1750000000001,-0.03999999999999915,-103.21500000000006,130.1705149501661,-4.07
-5.1,-0.10000000000000142,-2.0999999999999996,10.213833333333334,1027839654.723568,18.599999999999998,19.4,2.3000000000000007,1.3000000000000007,-91.5,15.700000000000001,-451.60499999999996,-0.04000000000000057,-102.58499999999998,129.69122369878184,-2.960000000000001
-4.900000000000002,-0.10000000000000142,-2.1000000000000014,11.215322480620157,1131554113.7171364,18.7,19.6,2.8000000000000007,2.0,-91.6,15.900000000000002,-432.1800000000002,-0.04000000000000057,-103.53000000000006,129.31666666666666,-1.8467441860465108
-3.799999999999999,-0.09999999999999964,-2.0999999999999996,12.3096,1221089121.3449821,13.799999999999999,17.5,3.1999999999999993,2.9000000000000004,-91.39999999999999,15.7,-247.1899999999999,-0.03999999999999986,-102.26999999999998,100.69166666666666,-0.6999999999999993
-3.8000000000000007,-0.09999999999999964,-2.200000000000001,12.496333333333332,1244652019.5587797,13.9,17.5,2.5,2.299999999999999,-91.39999999999999,15.999999999999998,-248.14000000000004,-0.03999999999999986,-108.24000000000005,101.25833333333333,-0.9000000000000004
-4.899999999999999,0.0,-1.1999999999999993,9.575899999999999,966778111.0645561,18.4,19.200000000000003,2.4000000000000004,1.200000000000001,-91.7,9.3,-431.1999999999999,0.0,-35.879999999999974,114.11666666666667,-2.9399999999999995
-3.8000000000000007,0.0,-2.0,13.268333333333334,1323196675.4742498,13.7,17.4,2.6000000000000014,1.799999999999999,-91.5,15.7,-246.62000000000006,0.0,-97.5,99.35545404208194,-1.5700000000000003
-3.6999999999999993,-0.10000000000000142,-1.5,15.87876666666667,1592595996.0537996,13.4,17.0,2.5,1.4000000000000004,-91.5,27.2,-237.16999999999993,-0.04000000000000057,-73.125,97.86666666666666,-0.5
-4.800000000000001,0.0,-2.0,12.513833333333336,1270086562.2221346,19.4,20.2,2.9000000000000004,2.0999999999999996,-91.7,16.4,-432.9600000000001,0.0,-98.9,117.95,-2.5700000000000003
-4.5,0.0,-1.6999999999999993,18.35713333333333,1914437533.5823498,21.1,21.8,3.299999999999999,2.6999999999999993,-91.7,14.5,-420.3,0.0,-53.71999999999998,120.82405869324474,-2.4000000000000004
-3.5,0.0,-1.8000000000000007,21.87836666666667,2256384527.1820107,16.4,19.799999999999997,3.8999999999999986,2.8999999999999986,-91.39999999999999,18.299999999999997,-240.45000000000002,0.0,-91.80000000000004,105.09999999999998,-1.3699999999999992
-4.599999999999998,0.0,-1.1000000000000014,19.087533333333333,2018377700.2324238,21.6,22.200000000000003,3.5,1.9999999999999982,-91.8,22.6,-436.3099999999998,0.0,-24.860000000000035,123.32571982281286,-2.969999999999999
-4.4,-0.09999999999999964,-0.7999999999999989,21.987133333333333,2288975969.6185474,21.0,21.9,3.6999999999999993,2.1999999999999993,-91.6,12.899999999999999,-411.18000000000006,-0.04499999999999984,-24.999999999999968,109.71666666666668,-1.700000000000001
-4.5,0.0,-1.5999999999999996,20.596299999999996,2132226812.638402,20.1,21.0,3.299999999999999,2.0,-91.7,27.700000000000003,-407.925,0.0,-79.75999999999999,127.02500000000002,-1.3600000000000012
-2.5384615384615365,-3.6461538461538474,-1.0,18.683029292929294,1925463833.8461542,9.049190283400808,17.96578947368421,3.462790697674418,3.6891472868217026,-91.63565891472868,13.0,-129.046597633136,-1.5075443786982254,-31.5,153.05833333333334,-0.336666666666666
-2.956923076923074,-0.4523076923076932,-1.42,21.445099999999996,2220423929.0591164,12.911012145748986,19.805263157894736,4.283720930232558,4.3744186046511615,-91.56976744186046,18.46363636363636,-176.98094437869807,-0.18405443786982284,-74.195,131.07500000000002,-0.3366666666666678
-3.276923076923076,-0.49230769230769234,-0.16666666666666785,23.557271717171716,2447866184.7680893,15.864170040485828,19.923684210526314,4.2232558139534895,4.8984496124031,-91.51937984496124,13.545454545454545,-218.72831360946745,-0.19786982248520713,-5.166666666666703,107.27500000000002,-0.6105555555555551
-3.5,0.0,-1.1000000000000014,22.658366666666673,2351083673.2017813,19.6,17.0,4.099999999999998,4.299999999999999,-91.5,13.200000000000001,-243.77500000000003,0.0,-34.26500000000004,102.26666666666665,-0.7300000000000004
-4.5,-0.09999999999999964,-1.5999999999999996,20.385500000000004,2096786497.2978945,19.5,20.299999999999997,2.8999999999999986,2.8000000000000007,-91.5,27.4,-399.59999999999997,-0.03999999999999986,-78.71999999999998,115.28333333333332,-1.0699999999999985
-3.6999999999999993,-0.09999999999999964,-1.5999999999999996,17.748333333333335,1792772780.1241045,13.899999999999999,17.4,1.1999999999999993,0.5,-91.7,27.599999999999998,-238.27999999999997,-0.03999999999999986,-77.75999999999999,96.375,-0.8399999999999999
-4.899999999999999,0.0,-0.8000000000000007,11.134666666666668,1143673297.4066525,18.9,19.599999999999998,3.0,2.0,-91.7,9.8,-440.9999999999999,0.0,-24.12000000000002,141.40445736434108,-3.7699999999999996
-4.699999999999999,-0.09999999999999964,-0.40000000000000036,15.245466666666667,1547606179.5925035,18.799999999999997,19.6,3.5,2.9000000000000004,-91.8,23.8,-417.12499999999994,-0.04499999999999984,-9.32000000000001,117.83333333333333,-1.9299999999999997
-4.5,-0.09999999999999964,-1.9000000000000004,15.907133333333336,1601242778.2774658,19.099999999999998,19.9,3.6000000000000014,3.0,-91.6,16.3,-396.45,-0.03999999999999986,-93.57500000000002,122.55833333333332,-1.5699999999999985
-3.8000000000000007,0.0,-1.8000000000000007,15.610433333333333,1567824599.2763386,17.5,15.100000000000001,3.1999999999999993,3.0999999999999996,-91.6,15.7,-251.56000000000006,0.0,-87.21000000000004,103.23333333333335,-1.0708637873754157
-3.799999999999999,-0.09999999999999964,-1.9000000000000004,15.294100000000002,1530852794.9220524,17.2,14.900000000000002,3.0999999999999996,3.3000000000000007,-91.7,16.0,-249.84999999999994,-0.03999999999999986,-93.10000000000002,95.20833333333336,-0.9000000000000004
-4.799999999999999,-0.09999999999999787,-1.1000000000000014,11.447533333333332,1165301028.6555119,18.799999999999997,19.6,2.1999999999999993,0.9000000000000004,-91.8,10.000000000000002,-431.27999999999986,-0.03999999999999915,-33.38500000000005,113.64999999999999,-2.927906976744186
-4.799999999999999,-0.10000000000000142,-2.0000000000000018,13.760833333333332,1398544286.2282658,19.0,19.8,2.299999999999999,0.5999999999999996,-91.8,15.8,-428.8799999999999,-0.04000000000000057,-97.90000000000009,107.74166666666667,-2.4000000000000004
-4.900000000000002,-0.10000000000000142,-0.40000000000000213,11.865466666666665,1215889892.5084963,18.700000000000003,19.4,2.4000000000000004,1.5999999999999996,-92.0,28.0,-438.06000000000023,-0.04000000000000057,-19.580000000000105,119.5624031007752,-2.9700000000000006
-4.899999999999999,0.0,-1.0,9.982066666666666,1014656968.4601612,18.6,19.400000000000002,2.0,0.8000000000000007,-91.89999999999999,22.6,-439.52999999999986,0.0,-22.15,117.78333333333332,-3.16
-4.799999999999999,-0.10000000000000142,-0.8000000000000007,12.541633333333335,1276082418.5446434,19.0,19.8,2.3000000000000007,0.8999999999999986,-91.89999999999999,21.3,-432.7199999999999,-0.04000000000000057,-17.280000000000015,112.77499999999999,-2.2300000000000004
-5.1,0.0,-0.6000000000000014,8.802999999999999,886653330.9759121,18.0,18.8,1.5999999999999996,0.1999999999999993,-91.8,21.9,-445.22999999999996,0.0,-13.260000000000032,113.69166666666668,-3.299999999999999
-3.799999999999999,-0.10000000000000142,-1.6999999999999993,17.600966666666665,1781248572.5193605,14.4,17.8,2.5,0.8000000000000007,-91.5,27.3,-249.84999999999994,-0.04000000000000057,-83.89499999999997,100.92500000000001,-0.7299999999999986
-5.000000000000002,-0.10000000000000142,-1.6999999999999993,7.9818,805220638.1171951,17.700000000000003,18.3,1.4000000000000004,0.7999999999999989,-91.89999999999999,25.300000000000004,-435.75000000000017,-0.04000000000000057,-80.66499999999998,129.60833333333332,-3.728239202657809
-5.1,0.0,-0.5,7.065899999999999,711643100.8375692,18.0,18.7,1.8000000000000007,0.8000000000000007,-91.8,20.900000000000002,-448.29,0.0,-10.875,120.22500000000002,-3.799999999999999
-5.199999999999999,0.0,-0.5,6.399351052048726,643453278.5333462,17.9,18.7,1.5,0.6999999999999993,-92.0,20.700000000000003,-458.1199999999999,0.0,-10.825,117.58709856035438,-3.705315614617943
-5.200000000000001,0.0,-1.1999999999999993,5.026700000000002,500089525.7634258,17.2,17.8,1.0,-0.1999999999999993,-92.0,8.5,-445.6400000000001,0.0,-35.45999999999998,116.01666666666667,-1.2300000000000004
-5.200000000000001,-0.10000000000000142,-0.8999999999999986,6.974666666666668,699252955.7930298,17.700000000000003,18.3,1.3000000000000007,0.5,-91.8,21.8,-451.36000000000007,-0.04000000000000057,-19.484999999999967,116.13884274640088,-3.2300000000000004
-5.199999999999999,0.0,-0.3999999999999986,7.171800000000001,727372727.4499826,18.1,18.799999999999997,1.1999999999999993,0.20000000000000107,-92.1,21.9,-459.67999999999995,0.0,-8.899999999999968,118.73333333333333,-3.5600000000000005
-4.699999999999999,-0.09999999999999964,-0.40000000000000036,14.554266666666669,1473200757.552822,18.9,19.700000000000003,2.5,1.0,-91.7,28.2,-418.29999999999995,-0.03999999999999986,-19.600000000000016,112.97458471760795,-2.369999999999999
-5.1,0.0,-0.6000000000000014,7.518366666666665,760302902.7548866,18.0,18.7,1.3999999999999986,0.8000000000000007,-91.89999999999999,21.6,-449.565,0.0,-13.260000000000032,117.85985603543742,-3.639102990033223
-3.6999999999999993,0.0,-1.799999999999999,14.901233333333332,1486948196.9925098,13.9,17.4,2.5,1.5,-91.7,15.399999999999999,-239.57499999999996,0.0,-85.76999999999995,84.71666666666665,-1.2299999999999986
-5.1,0.0,-0.8000000000000007,6.715466666666664,670780910.2066383,17.700000000000003,18.3,1.3000000000000007,0.5,-91.7,21.6,-442.67999999999995,0.0,-17.320000000000014,121.46666666666665,-3.369999999999999
-3.700000000000001,-0.09999999999999964,-1.1999999999999993,15.885899999999998,1611398435.8122444,16.8,14.7,2.4000000000000004,1.0,-91.7,27.3,-241.79500000000004,-0.03999999999999986,-58.55999999999996,92.23333333333333,-0.6300000000000008
-5.1,0.0,-0.5999999999999979,6.993433333333332,701921404.7167225,17.799999999999997,18.6,1.3000000000000007,0.5999999999999996,-91.7,21.700000000000003,-446.75999999999993,0.0,-13.289999999999951,114.14166666666667,-3.6700000000000017
-5.199999999999999,0.0,-0.7000000000000028,7.3855,744525528.365099,18.1,18.9,1.4000000000000004,0.6999999999999993,-91.89999999999999,21.700000000000003,-459.4199999999999,0.0,-15.400000000000063,118.15000000000002,-3.7299999999999986
-4.600000000000001,-0.09999999999999964,-1.200000000000001,15.4108,1551398608.045455,18.5,19.1,2.5,0.9000000000000004,-91.8,10.3,-400.2000000000001,-0.03999999999999986,-35.70000000000003,107.3,0.2699999999999996
-5.300000000000001,-0.09999999999999787,-2.1000000000000014,4.522600000000001,445406123.11520386,17.0,17.7,0.9000000000000004,-0.09999999999999964,-91.8,14.4,-453.415,-0.03999999999999915,-99.75000000000007,109.01666666666667,-0.8699999999999992
-5.100000000000001,-0.09999999999999787,-1.5,10.203433333333333,1037284905.6110258,18.299999999999997,19.0,2.0999999999999996,1.4000000000000004,-91.8,24.8,-450.84000000000015,-0.03999999999999915,-69.67500000000001,126.73333333333333,-3.130000000000001
-5.1,0.0,-0.5,7.7455,786274433.9256592,18.5,19.1,1.1999999999999993,0.5999999999999996,-91.89999999999999,21.8,-454.155,0.0,-11.1,130.00833333333333,-3.8599999999999977
-5.199999999999999,0.0,-1.0,7.313033333333333,737472679.9192705,17.9,18.599999999999998,1.700000000000001,1.0,-92.1,24.9,-454.2199999999999,0.0,-46.25,124.50833333333333,-3.5299999999999994
-3.9000000000000004,-0.09999999999999964,-1.5,16.317099999999996,1653778385.4324188,16.9,14.6,2.5999999999999996,1.8000000000000007,-91.6,28.1,-256.425,-0.03999999999999986,-75.07499999999999,92.49166666666666,-0.5
-5.100000000000001,0.0,-0.5,8.518766666666668,864685092.3195238,18.3,19.0,1.6999999999999993,0.8000000000000007,-91.8,21.7,-452.3700000000001,0.0,-11.1,117.90833333333332,-3.3599999999999994
-3.8999999999999986,0.0,-1.5,16.01343333333333,1625411650.0167046,14.1,17.5,2.6000000000000014,1.1999999999999993,-91.6,28.0,-255.05999999999992,0.0,-75.375,96.33978405315615,-0.6600000000000001
-4.999999999999998,0.0,-0.5999999999999979,9.740833333333335,987592780.379775,18.3,19.0,1.5999999999999996,0.7999999999999989,-91.6,21.299999999999997,-442.74999999999983,0.0,-13.079999999999954,118.33333333333333,-3.129999999999999
-5.199999999999999,0.0,-0.6000000000000014,9.577966666666665,975526421.5547495,18.6,19.200000000000003,1.700000000000001,0.6999999999999993,-91.8,21.3,-463.84,0.0,-13.14000000000003,119.3,-3.460000000000001
-5.200000000000001,0.0,-0.5999999999999979,9.2308,935999057.0980635,18.4,19.0,1.700000000000001,0.8000000000000007,-91.89999999999999,21.3,-459.6800000000001,0.0,-13.049999999999955,117.60000000000001,-3.370000000000001
-5.299999999999999,-0.09999999999999787,-0.6000000000000014,7.382599999999998,737692541.344903,17.700000000000003,18.2,1.0999999999999996,0.0,-91.8,23.0,-459.7749999999999,-0.03999999999999915,-13.650000000000032,104.34670542635659,-1.6434219269102996
-5.0,-0.09999999999999964,-0.8000000000000007,8.09656666666667,800102171.089447,17.1,17.6,1.5,0.3000000000000007,-91.7,17.4,-424.5,-0.03999999999999986,-15.400000000000013,100.56162790697674,-1.3999999999999986
-3.8000000000000007,0.0,-1.5999999999999996,16.098366666666667,1623103916.6873598,16.799999999999997,14.5,2.1000000000000014,0.7000000000000011,-91.6,27.599999999999998,-245.48000000000002,0.0,-78.79999999999998,99.49166666666667,-0.1999999999999993
-5.200000000000001,0.0,-0.8000000000000007,6.726300000000002,676947157.3183718,17.9,18.6,1.5,0.7999999999999989,-91.89999999999999,8.9,-455.2600000000001,0.0,-23.76000000000002,124.94166666666668,-4.0
-5.199999999999999,0.0,-1.0,7.466333333333331,750448949.1750479,18.200000000000003,18.799999999999997,1.8000000000000007,0.6999999999999993,-91.89999999999999,21.6,-456.03999999999996,0.0,-21.35,114.10000000000001,-2.600564784053155
-5.200000000000001,-0.10000000000000142,-0.5,8.037933333333331,809708877.3818159,18.0,18.599999999999998,1.5999999999999996,0.8999999999999986,-91.7,21.700000000000003,-454.2200000000001,-0.04000000000000057,-11.025,105.84999999999998,-2.9000000000000004
-5.199999999999999,0.0,-0.40000000000000213,4.657133333333334,461820439.99093246,17.1,17.8,1.5,0.5999999999999996,-91.89999999999999,21.8,-443.81999999999994,0.0,-8.860000000000047,104.68028792912513,-3.070000000000002
-5.1,0.0,-2.0,5.088799999999999,501605708.50420284,17.200000000000003,18.0,1.3000000000000007,0.29999999999999893,-91.89999999999999,9.700000000000001,-437.325,0.0,-59.1,95.20833333333333,-0.870000000000001
-5.200000000000001,0.0,-0.5999999999999979,7.260399999999999,725991206.9218054,17.3,17.900000000000002,1.4000000000000004,0.5,-91.5,21.7,-445.12000000000006,0.0,-13.079999999999954,98.0,-2.67
-5.100000000000001,0.0,-0.6000000000000014,7.982866666666668,799333954.1664228,17.799999999999997,18.400000000000002,1.1999999999999993,0.0,-91.6,21.4,-443.44500000000016,0.0,-13.050000000000031,104.875,-2.8999999999999986
-5.200000000000001,-0.09999999999999787,-0.5,7.232466666666669,725098557.0829353,17.7,18.3,1.3000000000000007,0.29999999999999893,-91.5,20.9,-453.9600000000001,-0.03999999999999915,-10.85,111.66666666666667,-2.5999999999999996
-5.199999999999999,-0.09999999999999787,-0.3999999999999986,5.685899999999997,570928861.4556389,17.6,18.200000000000003,1.0,0.09999999999999964,-91.89999999999999,22.0,-453.17999999999995,-0.03999999999999915,-8.93999999999997,114.03945182724253,-3.1000000000000014
-5.200000000000001,0.0,-0.5,4.607533333333333,456455794.1160288,17.4,17.9,1.0999999999999996,0.09999999999999964,-91.7,21.799999999999997,-445.9000000000001,0.0,-11.05,111.9833333333333,-2.4300000000000015
-4.200000000000001,0.0,-1.8000000000000007,4.698217386489478,465203975.8444185,12.4,16.1,0.8000000000000007,-0.10000000000000142,-91.89999999999999,14.299999999999999,-271.11000000000007,0.0,-84.69000000000003,101.9046511627907,-1.205215946843854
-5.000000000000002,0.0,-0.5999999999999979,9.198366666666665,928085429.4356527,18.1,18.8,1.9000000000000004,1.1000000000000014,-91.7,18.3,-439.0000000000001,0.0,-12.149999999999956,109.87336655592469,-2.5999999999999996
-4.899999999999999,-5.099999999999998,0.6000000000000014,8.183699999999998,857507619.7020578,19.200000000000003,19.6,18.6,17.7,-88.1,-0.1,-460.59999999999985,-481.6949999999998,0.27000000000000063,166.00833333333335,-2.7600000000000016
-5.899999999999999,-1.5999999999999996,0.0,10.611666666666665,1088794440.4216194,18.9,19.700000000000003,3.8000000000000007,9.6,-88.1,-0.1,-523.6249999999999,-53.19999999999999,0.0,98.075,-1.799999999999999
-6.0,-5.799999999999997,0.8000000000000007,5.438333333333333,555101743.9158001,18.0,18.6,17.799999999999997,17.1,-88.2,-0.1,-528.5999999999999,-538.2399999999997,0.3600000000000003,143.60833333333335,-1.5600000000000023
-5.600000000000001,-5.699999999999999,0.40000000000000213,4.975899999999996,512246521.62186337,18.3,19.0,18.4,17.6,-88.1,-0.09999999999999964,-498.9600000000001,-535.23,0.18000000000000096,166.90833333333333,-2.9299999999999997
-5.1,-5.300000000000001,0.3999999999999986,8.997533333333331,901971098.5624285,18.0,18.700000000000003,18.3,17.4,-88.1,0.0,-429.67499999999995,-475.4100000000001,0.17999999999999935,134.73333333333332,-1.040000000000001
-5.1,-5.099999999999998,0.3000000000000007,14.9596,1561209726.7615232,20.1,21.0,19.6,18.7,-88.1,0.09999999999999964,-463.59,-477.61499999999984,0.13500000000000031,169.72230260243632,-2.130000000000001
-5.5,-5.300000000000001,0.6999999999999993,4.3534333333333315,447334136.81880283,18.5,19.1,18.0,17.0,-88.1,-0.09999999999999964,-498.85,-489.45500000000004,0.31499999999999967,178.4333333333333,-3.1000000000000014
-4.200000000000001,-5.0,1.1000000000000014,9.133833333333335,918442545.0634375,16.900000000000002,14.500000000000002,17.900000000000002,17.1,-88.1,0.0,-273.6300000000001,-441.0,0.49500000000000066,133.23394241417498,-1.2699999999999996
-4.899999999999999,-5.000000000000002,0.3999999999999986,13.238766666666669,1364310759.9314833,19.6,20.299999999999997,18.6,17.7,-88.1,0.3000000000000007,-446.3899999999998,-457.50000000000017,0.17999999999999935,176.0583333333333,-1.8999999999999986
-5.5,-5.300000000000001,0.3000000000000007,6.349600000000002,662276287.0852652,19.1,19.5,18.7,18.099999999999998,-88.1,-0.20000000000000107,-505.725,-501.9100000000001,0.13500000000000031,182.2172480620155,-3.0299999999999976
-4.1,-5.0,0.5999999999999979,8.817533333333333,885822586.6950989,13.700000000000001,17.0,18.299999999999997,17.4,-88.1,0.0,-266.90999999999997,-447.0,0.2699999999999991,128.52272978959027,-1.17
-5.0,-4.800000000000001,0.10000000000000142,15.487933333333332,1620252085.3287983,20.400000000000002,21.1,19.5,18.700000000000003,-88.1,0.7000000000000011,-463.5,-450.00000000000006,0.045000000000000644,162.51666666666668,-2.34
-5.5,-5.0,0.29999999999999716,6.716566666666669,700231594.6686354,18.8,19.099999999999998,18.299999999999997,17.700000000000003,-88.1,-0.1999999999999993,-501.6,-470.0,0.13499999999999873,169.7847754706534,-2.8999999999999986
-4.900000000000002,-4.700000000000001,0.09999999999999787,11.584533333333335,1187315276.9367132,19.0,19.5,18.9,18.0,-88.1,0.5,-436.3450000000002,-433.5750000000001,0.04499999999999904,153.71666666666667,-1.83
-5.600000000000001,-4.899999999999999,0.3999999999999986,3.729566666666667,382554064.8906441,17.9,18.0,17.9,17.1,-88.1,-0.09999999999999964,-498.40000000000015,-452.5149999999998,0.17999999999999935,154.225,-2.5400000000000027
-4.900000000000002,-4.6,0.10000000000000142,13.821633333333335,1423884177.198948,19.4,20.0,19.200000000000003,18.299999999999997,-88.1,0.6999999999999993,-440.26500000000016,-423.65999999999997,0.045000000000000644,150.28333333333333,-1.4299999999999997
-5.300000000000001,-5.0,0.3999999999999986,3.4963333333333324,355875435.32123566,17.6,18.4,17.7,16.9,-88.1,-0.09999999999999964,-465.605,-456.25,0.17999999999999935,144.90833333333333,-1.8000000000000007
-4.0,-5.0,0.6000000000000014,8.17876666666667,818100497.9735384,13.4,16.9,18.200000000000003,17.200000000000003,-88.1,0.3000000000000007,-258.8,-447.5,0.27000000000000063,118.925,-0.9000000000000004
-4.699999999999999,-4.799999999999999,0.1999999999999993,12.368366666666667,1259507566.0774212,19.5,20.400000000000002,19.1,18.1,-88.1,0.40000000000000036,-418.29999999999995,-437.0399999999999,0.08999999999999968,131.42137320044296,-1.0
-5.5,-7.399999999999999,0.1999999999999993,5.143480177187154,528413834.87621593,17.7,18.700000000000003,17.8,16.9,-88.1,-0.10000000000000142,-451.82500000000005,-675.2499999999999,0.08999999999999968,153.12109634551496,-3.48405315614618
-5.200000000000001,-5.400000000000002,0.5,8.714666666666668,869297757.4672327,16.599999999999998,14.299999999999999,16.4,12.499999999999998,-88.1,0.29999999999999893,-330.46000000000004,-360.1800000000002,0.225,124.50833333333334,-1.2600000000000016
-5.900000000000002,-6.700000000000001,0.0,11.478333333333335,1168264737.3831587,19.3,19.7,18.700000000000003,17.6,-88.1,0.10000000000000142,-512.4150000000002,-603.6700000000001,0.0,165.43333333333334,-2.0
-6.5,-7.400000000000002,0.0,4.8179333333333325,492066947.89991665,17.7,18.6,17.400000000000002,16.700000000000003,-88.1,-0.20000000000000107,-555.4250000000001,-671.5500000000002,0.0,158.7260520487265,-2.629999999999999
-5.1,-6.699999999999999,0.0,9.465066666666665,946567760.3816404,16.5,14.4,18.2,17.1,-88.1,0.0,-320.78999999999996,-584.91,0.0,121.33333333333333,-0.9700000000000006
-4.6,-6.0,-0.09999999999999787,12.604500000000002,1277278502.171465,16.9,14.899999999999999,18.8,17.5,-88.1,0.40000000000000036,-293.25,-531.9000000000001,-0.04499999999999904,126.40908084163898,-0.5
-6.0,-6.899999999999999,0.0,6.932866666666666,720144883.0698195,18.5,19.2,18.5,17.9,-88.1,-0.10000000000000142,-519.0,-645.4949999999999,0.0,178.41666666666666,-2.8000000000000007
-4.499999999999998,-6.200000000000001,0.0,9.9263,999156012.0404415,13.600000000000001,17.200000000000003,18.4,17.1,-88.1,0.09999999999999964,-281.47499999999985,-543.12,0.0,137.3174141749723,-0.9000000000000004
-5.300000000000001,-6.300000000000001,-0.10000000000000142,12.991666666666665,1337141996.9016867,19.4,20.200000000000003,19.5,18.4,-88.1,0.5999999999999996,-453.415,-578.9700000000001,-0.045000000000000644,162.95833333333331,-2.0299999999999994
-6.800000000000001,-7.199999999999999,0.0,9.426750941306757,990183319.5825129,19.4,19.9,19.1,18.0,-88.1,-0.09999999999999964,-622.2,-677.5199999999999,0.0,180.05833333333337,-3.2152823920265767
-6.000000000000002,-6.300000000000001,0.0,14.511233333333331,1502839789.5807037,19.5,20.1,19.1,18.1,-88.1,0.3000000000000007,-537.0000000000001,-575.505,0.0,177.63333333333333,-1.9399999999999995
-6.700000000000003,-7.0,0.0,9.744933333333336,1029665676.5084343,19.7,20.099999999999998,19.1,18.4,-88.1,-0.1999999999999993,-620.0850000000003,-664.65,0.0,185.95000000000002,-3.869999999999999
-5.000000000000002,-5.100000000000001,0.0,11.810800000000002,1200123488.818842,14.2,17.7,17.200000000000003,13.099999999999998,-88.1,0.09999999999999964,-324.2500000000001,-343.48500000000007,0.0,128.73333333333335,-0.5699999999999985
-6.1,-6.299999999999999,-0.10000000000000142,13.620800000000001,1404592189.458785,19.900000000000002,20.5,19.8,18.5,-88.1,0.5,-544.425,-576.7649999999999,-0.045000000000000644,176.8083333333333,-1.5
-6.699999999999999,-7.0,0.0,9.630116057585827,1018116004.6273832,19.4,19.8,19.1,18.1,-88.1,-0.09999999999999964,-617.405,-664.3000000000001,0.0,185.58859357696568,-3.354817275747507
-6.000000000000002,-6.199999999999999,0.0,13.057533333333334,1331716021.787695,18.9,19.6,18.9,18.1,-88.1,0.20000000000000107,-519.0000000000001,-553.66,0.0,134.24166666666667,-0.46999999999999886
-5.899999999999999,-5.999999999999998,-0.10000000000000142,15.379541749723147,1589763341.1940184,20.1,20.4,20.1,18.900000000000002,-88.1,0.5999999999999996,-528.935,-554.3999999999999,-0.045000000000000644,158.96666666666667,-1.012524916943521
-6.699999999999999,-7.0,-0.10000000000000142,9.0408,955017876.6483116,19.0,19.7,19.0,18.2,-88.1,-0.20000000000000107,-612.0449999999998,-667.4499999999999,-0.045000000000000644,184.41666666666666,-3.4299999999999997
-6.0,-6.199999999999999,-0.10000000000000142,12.517133333333334,1275247485.0501328,19.1,19.799999999999997,18.9,17.8,-88.1,0.1999999999999993,-520.5,-552.73,-0.045000000000000644,147.76758028792912,-1.0399999999999991
-5.699999999999999,-5.900000000000002,-0.1999999999999993,16.781233333333333,1753038034.8992357,20.2,20.900000000000002,20.200000000000003,19.200000000000003,-88.1,0.7000000000000011,-514.14,-546.3400000000001,-0.08999999999999968,164.01666666666668,-1.0999999999999996
-6.600000000000001,-7.0,-0.09999999999999787,7.513300000000001,785925120.0265436,18.7,19.3,18.8,18.0,-88.1,-0.09999999999999964,-592.0200000000001,-657.65,-0.04499999999999904,181.95833333333334,-3.4299999999999997
-5.699999999999999,-5.900000000000002,-0.3000000000000007,15.890833333333331,1644575800.09451,19.900000000000002,20.4,19.9,18.799999999999997,-88.1,0.6999999999999993,-504.16499999999996,-538.6700000000002,-0.13500000000000031,151.89869878183833,-1.0
-6.599999999999998,-5.5,0.0,7.818366666666666,825745791.3895769,19.0,19.5,19.0,17.9,-88.1,-0.09999999999999964,-597.9599999999998,-515.625,0.0,184.75,-3.969999999999999
-5.0,-6.1,0.0,12.810802675585283,1306616655.4697008,17.5,15.200000000000001,18.8,17.8,-88.1,0.09999999999999964,-326.5,-539.24,0.0,129.5666666666667,-0.6600000000000001
-5.799999999999999,-6.099999999999998,-0.1999999999999993,15.491233333333332,1608537158.2254715,20.099999999999998,20.6,20.3,19.1,-88.1,0.7999999999999989,-518.2299999999999,-566.3849999999998,-0.08999999999999968,168.04620708748618,-1.2600000000000016
-6.599999999999998,-6.900000000000002,0.10000000000000142,10.295733333333335,1097077502.0242653,19.900000000000002,20.6,19.3,18.700000000000003,-88.1,0.0,-611.4899999999999,-656.5350000000002,0.045000000000000644,186.3083333333333,-4.0
-4.9,-4.699999999999999,0.0,12.186300000000001,1243597162.8485975,14.600000000000001,17.900000000000002,14.7,15.999999999999998,-88.1,0.09999999999999964,-317.27500000000003,-316.07499999999993,0.0,125.71149889258028,-1.0700000000000003
-5.899999999999999,-6.199999999999999,-0.09999999999999787,15.992066666666666,1681229266.4088058,20.299999999999997,20.9,20.1,19.0,-88.1,0.6999999999999993,-532.1799999999998,-575.98,-0.04499999999999904,182.72500000000002,-2.2700000000000014
-6.5,-6.899999999999999,0.0,8.786133333333332,924767716.7312756,19.0,19.8,18.799999999999997,18.0,-88.1,-0.1999999999999993,-587.6,-647.2199999999998,0.0,182.54130675526025,-3.2699999999999996
-5.899999999999999,-6.200000000000001,-0.10000000000000142,12.7565,1301411274.630475,19.0,19.7,18.9,17.8,-88.1,0.29999999999999893,-508.8749999999999,-553.0400000000001,-0.045000000000000644,147.05080287929124,-0.652666666666665
-5.600000000000001,-6.0,-0.10000000000000142,15.201633333333334,1570846966.5095234,19.700000000000003,20.1,19.299999999999997,18.2,-88.1,0.09999999999999964,-491.40000000000015,-541.5,-0.045000000000000644,160.92361572535992,-1.200000000000001
-6.600000000000001,-7.199999999999999,0.0,8.485766666666663,889989410.7332258,18.9,19.5,18.799999999999997,17.8,-88.1,0.1999999999999993,-595.3200000000002,-674.28,0.0,181.64166666666665,-3.1000000000000014
-5.100000000000001,-5.300000000000001,0.0,8.836300000000001,885341065.4037209,16.6,14.200000000000001,16.7,12.799999999999999,-88.1,-0.1999999999999993,-323.8500000000001,-353.77500000000003,0.0,124.72500000000001,-1.33
-6.1,-6.6,-0.09999999999999787,12.692466666666668,1313237868.7314377,19.299999999999997,19.9,19.4,18.400000000000002,-88.1,0.5,-537.715,-609.18,-0.04499999999999904,180.10000000000002,-2.3999999999999986
-6.599999999999998,-7.0,0.0,4.2787666666666695,440388538.8735733,18.299999999999997,18.9,18.200000000000003,17.200000000000003,-74.3,-0.20000000000000107,-584.4299999999998,-647.5,0.0,179.85833333333335,-3.129999999999999
-4.900000000000002,-5.200000000000001,-0.10000000000000142,10.256929900332224,1033241716.7881746,16.900000000000002,14.599999999999998,16.9,12.8,-74.6,-0.1999999999999993,-312.13000000000017,-346.5800000000001,-0.045000000000000644,121.14166666666667,-1.0389700996677753
-5.899999999999999,-6.300000000000001,-0.10000000000000142,13.472033333333334,1391996300.8170376,19.599999999999998,20.099999999999998,19.700000000000003,18.6,-74.6,0.6000000000000014,-519.4949999999999,-578.0250000000001,-0.045000000000000644,176.1249723145072,-2.039999999999999
-6.5,-6.899999999999999,0.10000000000000142,6.974133333333331,728775709.975359,18.700000000000003,19.5,18.9,18.1,-88.1,0.40000000000000036,-578.5,-649.6349999999999,0.045000000000000644,181.8243909191584,-3.1400000000000006
-4.399999999999999,-4.800000000000001,0.3000000000000007,14.359199999999998,1503023815.4286795,20.5,20.7,19.6,18.5,-88.1,0.29999999999999893,-412.0599999999999,-444.9600000000001,0.13500000000000031,171.63333333333333,-2.3000000000000007
-4.799999999999997,-5.300000000000001,0.1999999999999993,7.476566666666667,790104782.8173447,19.2,19.5,18.799999999999997,17.9,-88.1,0.0,-449.75999999999976,-499.7900000000001,0.08999999999999968,184.27499999999998,-3.7300000000000004
-4.300000000000001,-4.700000000000001,0.3000000000000007,14.038766666666668,1470035801.9236631,402.59999999999997,407.6,384.8,369.9,-74.39999999999999,-280.9,-397.96500000000003,-435.4550000000001,0.13500000000000031,171.83333333333334,-2.398903654485048
-6.199999999999999,-7.0,0.1999999999999993,5.101233333333333,527462998.4888897,18.400000000000002,18.7,541.8,17.6,-88.1,0.20000000000000107,-564.1999999999999,-654.85,0.08999999999999968,180.32499999999996,-3.1999999999999993
-4.500000000000002,-4.899999999999999,0.1999999999999993,8.585066666666666,863463933.0579805,16.8,13.999999999999998,419.59999999999997,15.499999999999998,-88.1,-0.09999999999999964,-295.8750000000001,-328.0549999999999,0.08999999999999968,130.34166666666667,-1.67
-5.399999999999999,-6.1,0.5999999999999979,15.588366666666666,1635890328.7116518,20.5,20.7,539.5,18.700000000000003,-88.1,0.29999999999999893,-502.73999999999984,-568.215,0.2699999999999991,182.74999999999997,-2.0999999999999996
-6.300000000000001,-6.899999999999999,0.20000000000000284,6.712466666666668,702341590.2380123,19.0,19.2,18.6,17.8,-88.1,0.09999999999999964,-578.34,-646.5299999999999,0.09000000000000129,184.8158914728682,-3.1999999999999993
-5.5,-6.299999999999999,-0.09999999999999787,14.9604,1569207450.3504019,20.4,20.7,19.700000000000003,18.7,-88.0,0.5,-513.15,-590.6249999999999,-0.04499999999999904,185.8416666666667,-2.5299999999999994
-6.0,-6.800000000000001,0.10000000000000142,9.122466666666668,969200478.8242931,19.9,20.2,19.3,18.599999999999998,-88.1,0.40000000000000036,-561.3,-648.38,0.045000000000000644,189.08333333333334,-3.8599999999999994
-5.6,-6.199999999999999,0.10000000000000142,13.745466666666664,1411172199.6421003,19.6,20.099999999999998,19.1,18.200000000000003,-88.1,0.0,-500.64,-557.0699999999999,0.045000000000000644,142.73333333333332,-0.7000000000000011
-5.199999999999999,-5.899999999999999,0.0,18.465066666666665,1946316204.1908588,21.3,21.799999999999997,20.5,19.400000000000002,-88.1,0.5999999999999996,-485.67999999999995,-547.8149999999998,0.0,152.45833333333334,-0.9000000000000004
-6.0,-6.800000000000001,0.09999999999999787,6.119199999999999,638981403.2478628,18.799999999999997,19.200000000000003,18.6,17.7,-88.1,-0.20000000000000107,-550.2,-639.5400000000001,0.04499999999999904,184.67499999999998,-4.199999999999999
-5.4,-6.199999999999999,-0.09999999999999787,14.7104,1546771971.3879871,20.5,20.8,20.0,19.0,-88.1,0.5999999999999996,-500.58000000000004,-582.4899999999999,-0.04499999999999904,188.4830564784053,-2.469999999999999
-5.900000000000002,-6.699999999999999,0.10000000000000142,7.849599999999999,828925557.5364428,19.5,19.799999999999997,19.0,18.5,-88.1,0.3999999999999986,-550.4700000000001,-639.8499999999999,0.045000000000000644,188.38333333333333,-4.170000000000002
-5.4,-6.199999999999999,0.10000000000000142,15.859200000000001,1680792853.1571712,20.799999999999997,21.1,20.4,19.400000000000002,-88.1,0.6999999999999993,-504.63000000000005,-587.4499999999999,0.045000000000000644,189.65,-2.768671096345514
-6.0,-7.0,0.09999999999999787,9.082866666666664,966449276.9219046,19.8,20.1,19.400000000000002,18.5,-88.1,0.1999999999999993,-561.0,-666.75,0.04499999999999904,188.34166666666667,-4.07
-5.699999999999999,-6.599999999999998,0.0,11.479566666666667,1187566825.542263,19.7,20.099999999999998,19.2,18.200000000000003,-88.1,0.20000000000000107,-516.7049999999999,-606.5399999999998,0.0,183.88333333333333,-2.7700000000000014
-6.099999999999998,-7.0,0.10000000000000142,6.893699999999999,725184269.4390926,19.0,19.4,18.7,18.0,-88.1,0.1999999999999993,-560.8949999999999,-663.6,0.045000000000000644,184.8083333333333,-4.300000000000001
-5.300000000000001,-6.299999999999999,0.3999999999999986,16.307533333333335,1728798548.4945946,20.900000000000002,21.2,19.9,19.099999999999998,-88.0,0.9000000000000004,-493.6950000000001,-589.9949999999999,0.17999999999999935,187.26666666666665,-2.4399999999999995
-5.900000000000002,-6.699999999999999,0.0,8.23916666666667,873808346.4087954,19.6,19.9,19.0,18.4,-88.1,0.5999999999999996,-552.5350000000002,-639.18,0.0,188.99166666666667,-4.099999999999998
-5.4,-6.199999999999999,0.3000000000000007,15.310400000000001,1625093186.069624,20.6,21.099999999999998,20.1,19.1,-88.1,0.5,-500.85,-581.56,0.13500000000000031,187.98333333333335,-2.7299999999999986
-5.899999999999999,-6.900000000000002,0.1999999999999993,10.52071273532669,1130848069.8459177,20.3,20.799999999999997,19.799999999999997,18.9,-88.1,0.29999999999999893,-558.7299999999999,-662.4000000000002,0.08999999999999968,189.83333333333334,-4.513820598006646
-5.399999999999999,-6.400000000000002,0.10000000000000142,16.4155,1743702407.4933052,20.7,21.3,20.2,19.2,-88.1,0.5,-503.27999999999986,-602.8800000000002,0.045000000000000644,187.78333333333333,-2.5824333333333325
-5.899999999999999,-6.900000000000002,0.1999999999999993,8.848766666666666,942598197.5210848,20.0,20.299999999999997,19.5,18.599999999999998,-88.1,0.5,-554.3049999999998,-658.6050000000002,0.08999999999999968,188.7833333333333,-4.5
-5.200000000000001,-6.200000000000001,0.09999999999999787,17.156733333333335,1829135974.0670424,21.4,21.900000000000002,20.4,19.7,-88.1,0.3999999999999986,-491.9200000000001,-588.6900000000002,0.04499999999999904,189.10919158361017,-2.469999999999999
-5.800000000000001,-6.899999999999999,0.10000000000000142,10.086166666666667,1085186846.3900213,20.2,20.700000000000003,19.7,18.8,-88.0,0.3000000000000007,-547.23,-659.2949999999998,0.045000000000000644,189.14166666666668,-4.129999999999999
-5.199999999999999,-6.0,0.09999999999999787,15.710833333333333,1664306659.9391785,20.700000000000003,21.200000000000003,20.200000000000003,19.3,-88.1,0.40000000000000036,-484.8999999999999,-567.5999999999999,0.04499999999999904,188.6833333333333,-2.5
-6.099999999999998,-7.099999999999998,0.10000000000000142,7.078333333333337,745756932.5257616,19.4,19.8,19.0,18.1,-88.1,0.09999999999999964,-566.0799999999998,-672.7249999999998,0.045000000000000644,185.83333333333334,-4.159999999999997
-5.300000000000001,-6.4,0.0,14.44916666666667,1526937415.3844357,20.8,21.400000000000002,20.6,19.700000000000003,-88.0,0.5999999999999996,-493.9600000000001,-608.96,0.0,188.71666666666667,-2.7299999999999986
-5.800000000000001,-6.800000000000001,0.20000000000000284,10.494533333333333,1129536565.809392,20.400000000000002,21.0,19.4,18.8,-88.1,-0.1999999999999993,-555.9300000000001,-655.1800000000001,0.09000000000000129,190.95000000000002,-4.16
-5.200000000000001,-6.200000000000001,0.09999999999999787,16.54753333333334,1758695862.4109087,21.1,21.700000000000003,20.0,19.1,-88.1,0.29999999999999893,-488.0200000000001,-583.1100000000001,0.04499999999999904,187.6,-2.429999999999998
-5.899999999999999,-6.899999999999999,0.1999999999999993,8.486166666666666,901133143.7994576,19.6,20.1,19.2,18.6,-88.1,0.09999999999999964,-547.5199999999999,-655.8449999999998,0.08999999999999968,187.10833333333335,-3.8982392026578054
-5.199999999999999,-6.4,0.10000000000000142,13.11,1379150970.132781,20.400000000000002,21.0,19.900000000000002,19.1,-88.1,0.09999999999999964,-481.5199999999999,-605.7600000000001,0.045000000000000644,186.80833333333337,-2.8299999999999983
-6.0,-7.0,0.10000000000000142,6.291633333333333,661360745.7725325,19.1,19.6,19.0,18.099999999999998,-88.1,0.0,-552.3,-662.9,0.045000000000000644,185.39166666666668,-4.100000000000001
-5.100000000000001,-6.200000000000001,-0.10000000000000142,13.692066666666665,1437993533.80692,20.4,20.9,20.1,19.099999999999998,-88.1,0.29999999999999893,-465.8850000000001,-581.8700000000001,-0.045000000000000644,185.01666666666668,-2.570000000000002
-5.700000000000003,-6.699999999999999,0.09999999999999787,9.396133333333335,1005703607.2284279,20.0,20.6,19.5,18.8,-88.0,0.1999999999999993,-537.7950000000002,-643.8699999999999,0.04499999999999904,188.60833333333335,-3.7600000000000016
-5.1,-6.1,0.10000000000000142,16.060399999999998,1709016539.4826012,20.799999999999997,21.599999999999998,20.0,19.2,-88.1,0.1999999999999993,-474.29999999999995,-574.62,0.045000000000000644,187.6916666666667,-2.539999999999999
-5.900000000000002,-7.0,0.1999999999999993,6.1129,643935362.4479561,19.0,19.700000000000003,18.799999999999997,18.099999999999998,-88.0,-0.10000000000000142,-541.6200000000002,-663.25,0.08999999999999968,185.1916666666667,-4.27
-5.099999999999998,-6.200000000000001,-0.10000000000000142,14.629999999999999,1537063604.1051388,20.4,21.2,19.9,19.1,-88.1,0.3000000000000007,-466.1399999999998,-578.46,-0.045000000000000644,184.51666666666665,-2.460000000000001
-5.700000000000003,-6.800000000000001,0.0,7.790833333333335,829121442.8793383,19.8,20.200000000000003,19.3,18.7,-88.0,0.3000000000000007,-532.9500000000003,-652.1200000000001,0.0,187.80155038759688,-3.969999999999999
-5.1,-6.199999999999999,-0.10000000000000142,16.000799999999998,1703181949.2480469,20.700000000000003,21.299999999999997,20.2,19.2,-88.0,0.5,-470.72999999999996,-584.9699999999999,-0.045000000000000644,188.06483942414175,-2.599999999999998
-5.700000000000003,-6.800000000000001,0.09999999999999787,8.015366666666665,853130525.898632,19.5,20.0,19.0,18.3,-88.1,0.20000000000000107,-536.9400000000003,-650.4200000000001,0.04499999999999904,187.4333333333333,-4.199999999999999
-5.0,-6.0,-0.09999999999999787,16.289166666666667,1739924185.2777433,20.9,21.400000000000002,20.2,19.4,-88.1,0.3999999999999986,-465.0,-568.8,-0.04499999999999904,188.875,-2.7300000000000004
-5.800000000000001,-7.100000000000001,0.0,6.708766666666669,707203638.7400379,19.1,19.700000000000003,19.200000000000003,18.2,-88.1,0.09999999999999964,-529.2500000000001,-672.7250000000001,0.0,183.4416666666667,-4.300000000000001
-5.100000000000001,-6.400000000000002,0.0,14.120000000000001,1494599791.6527853,20.9,21.5,20.4,19.5,-88.0,0.40000000000000036,-472.51500000000016,-608.3200000000002,0.0,186.3166666666667,-2.7300000000000004
-5.599999999999998,-7.0,0.0,8.6782,929861539.6610937,19.7,20.2,19.6,18.7,-88.0,0.10000000000000142,-521.3599999999998,-672.0,0.0,187.28438538205978,-4.169999999999998
-4.9,-6.1,0.0,14.959599999999998,1592519338.4056444,20.9,21.599999999999998,20.6,19.9,-88.1,0.5,-454.475,-583.77,0.0,189.14039313399778,-2.4400000000000013
-5.600000000000001,-6.899999999999999,0.09999999999999787,9.296166666666664,997895500.6047115,20.0,20.7,19.599999999999998,18.9,-88.1,-0.20000000000000107,-523.8800000000001,-664.1249999999999,0.04499999999999904,187.90091362126248,-3.870000000000001
-4.899999999999999,-6.100000000000001,0.09999999999999787,14.321666666666665,1512476566.088953,20.700000000000003,21.3,20.200000000000003,19.4,-88.1,0.3000000000000007,-447.1249999999999,-576.4500000000002,0.04499999999999904,185.71666666666667,-2.668538205980065
-5.5,-6.800000000000001,0.10000000000000142,8.523299999999999,911633561.1190386,19.8,20.3,19.5,18.8,-88.0,0.20000000000000107,-510.4,-652.46,0.045000000000000644,187.35000000000002,-3.9299999999999997
-5.0,-6.5,0.10000000000000142,12.047933333333333,1263100532.353591,20.4,21.1,19.400000000000002,18.700000000000003,-88.1,-0.1999999999999993,-458.25,-609.0500000000001,0.045000000000000644,184.70833333333334,-2.8299999999999983
-5.5,-6.900000000000002,0.09999999999999787,8.121233333333333,867123644.128478,19.799999999999997,20.3,19.5,18.9,-88.0,0.20000000000000107,-508.20000000000005,-663.7800000000002,0.04499999999999904,187.10096899224808,-3.8999999999999986
-4.9,-6.1,0.09999999999999787,12.78796666666667,1338996113.90302,20.1,21.0,19.4,18.5,-88.0,-0.20000000000000107,-439.04,-560.895,0.04499999999999904,181.99166666666667,-2.6599999999999984
-5.400000000000002,-7.0,0.09999999999999787,8.786566666666669,939819360.6290302,19.900000000000002,20.5,19.599999999999998,18.8,-88.0,-0.09999999999999964,-500.31000000000023,-672.0,0.04499999999999904,186.80000000000004,-3.9980066445182736
-4.899999999999999,-6.299999999999999,0.10000000000000142,17.416699999999995,1872978108.6442919,21.6,22.3,21.0,20.1,-88.1,0.6999999999999993,-456.6799999999999,-604.8,0.045000000000000644,188.07500000000002,-2.76
-6.200000000000003,-7.100000000000001,0.09999999999999787,8.789033333333332,936609945.3705368,19.700000000000003,20.2,19.4,18.7,-88.0,0.0,-581.5600000000003,-684.0850000000002,0.04499999999999904,188.74166666666667,-3.9299999999999997
-5.699999999999999,-6.600000000000001,0.3000000000000007,17.656699999999997,1910642485.2942314,22.0,22.599999999999998,21.2,20.200000000000003,-88.1,0.6000000000000014,-550.05,-639.2100000000002,0.13500000000000031,192.57500000000002,-2.6999999999999993
-6.199999999999999,-6.899999999999999,0.5,8.370000000000001,894811561.0083036,19.9,20.1,19.3,18.799999999999997,-88.0,0.09999999999999964,-583.4199999999998,-661.0199999999999,0.225,189.54282945736432,-4.0
-5.300000000000001,-6.0,0.6000000000000014,18.038333333333338,1945989727.1895266,21.7,22.4,20.8,20.1,-88.1,0.40000000000000036,-505.09000000000003,-573.9000000000001,0.27000000000000063,192.41666666666666,-2.459999999999999
-6.099999999999998,-7.0,0.6000000000000014,9.723699999999997,1050559873.4700909,20.3,20.8,20.1,19.1,-88.1,0.1999999999999993,-583.1599999999997,-680.4,0.27000000000000063,191.00833333333333,-4.168006644518275
-5.400000000000002,-6.200000000000001,0.5999999999999979,16.98246666666666,1830283138.377634,21.7,22.299999999999997,21.3,20.4,-88.0,0.5,-514.6200000000002,-600.47,0.2699999999999991,192.91666666666666,-2.5700000000000003
-6.099999999999998,-7.0,0.5,10.087366666666668,1089347895.817502,20.0,20.6,19.8,18.9,-88.1,0.10000000000000142,-585.2949999999998,-675.5,0.225,191.53333333333333,-4.0
-5.300000000000001,-6.299999999999999,0.5999999999999979,15.347533333333338,1640839218.4895039,21.1,21.9,20.3,19.4,-88.1,-0.10000000000000142,-498.9950000000001,-595.6649999999998,0.2699999999999991,187.9333333333333,-2.5000000000000018
-5.900000000000002,-6.699999999999999,0.6000000000000014,11.156566666666663,1213275841.628665,20.599999999999998,21.0,19.799999999999997,19.1,-88.0,0.0,-570.5300000000002,-647.2199999999999,0.27000000000000063,192.54999999999998,-3.759999999999998
-5.299999999999999,-6.200000000000001,0.5,14.324100000000001,1520384132.927516,20.400000000000002,21.1,19.9,19.0,-88.0,0.0,-489.9849999999999,-581.8700000000001,0.225,186.625,-2.6999999999999993
-2.799999999999999,-4.300000000000001,0.10000000000000142,18.765112181616836,1950695725.2673187,14.0,14.499999999999998,18.900000000000002,14.8,-88.0,-0.20000000000000107,-132.85999999999996,-302.93500000000006,0.045000000000000644,114.34166666666665,-1.1436544850498347
-2.8000000000000007,-3.9000000000000004,0.0,17.84647707641196,1847522675.079156,13.7,14.399999999999999,16.1,17.4,-88.0,-0.1999999999999993,-131.88000000000002,-270.465,0.0,116.82499999999999,-1.1031229235880406
-2.6999999999999993,-3.5999999999999996,-1.1999999999999993,18.05421926910299,1818489878.6760378,12.9,13.100000000000001,18.200000000000003,14.200000000000001,-87.0,-0.10000000000000142,-122.03999999999998,-243.72,-0.5399999999999997,112.51340125507568,-0.7357807308970106
-5.699999999999999,-6.700000000000001,-1.0,17.048366666666666,1776197174.8965225,410.6,425.6,411.69999999999993,390.70000000000005,-52.0,-276.6,-512.7149999999999,-619.7500000000001,-0.45,184.3416666666667,-2.4000000000000004
-4.6,-6.5,-0.9000000000000004,14.536700000000002,1445882325.1240969,339.29999999999995,297.3,371.8,346.8,-50.699999999999996,-263.3,-292.33,-560.3000000000001,-0.4050000000000002,147.02499999999998,-1.4000000000000004
-4.5,-4.399999999999999,-0.5999999999999996,11.119166666666668,1095719082.906786,323.4,284.70000000000005,269.1,300.9,-51.5,-256.3,-280.125,-283.5799999999999,-0.26999999999999985,123.91896456256922,-1.8600000000000012
-3.5,-5.299999999999999,-0.8000000000000007,12.669199999999998,1244935988.5757551,238.09999999999997,254.00000000000003,333.09999999999997,252.3,-51.5,-257.09999999999997,-152.25,-343.17499999999995,-0.3600000000000003,108.5,-1.1400000000000006
-4.700000000000001,-4.800000000000001,-0.9000000000000004,12.160833333333333,1201184407.063756,16.6,14.6,13.899999999999999,15.399999999999999,-86.89999999999999,-0.09999999999999964,-297.2750000000001,-312.7200000000001,-0.4050000000000002,125.87499999999999,-1.5
-4.5,-5.299999999999999,-1.0,13.417533333333333,1328560202.7921104,14.0,17.4,16.700000000000003,12.799999999999999,-86.89999999999999,-0.09999999999999964,-283.95,-345.55999999999995,-0.45,121.61943521594687,-1.2299999999999986
-4.5,-4.799999999999999,-1.0999999999999996,13.349166666666667,1322270940.228818,16.5,14.500000000000002,16.8,12.900000000000002,-86.8,-0.09999999999999964,-284.175,-317.52,-0.49499999999999983,126.51666666666667,-1.9299999999999997
-3.4000000000000004,-4.300000000000001,-1.0999999999999996,12.49,1236328959.515154,11.799999999999999,12.600000000000001,13.799999999999999,15.3,-86.89999999999999,-0.09999999999999964,-150.45000000000002,-278.21000000000004,-0.49499999999999983,109.09166666666668,-1.9400000000000013
-3.3000000000000007,-4.899999999999999,-1.3000000000000007,13.5996,1347037477.0214872,11.9,13.0,16.9,12.9,-86.8,-0.09999999999999964,-144.87000000000003,-319.7249999999999,-0.5850000000000003,109.7,-1.6000000000000014
-1.8000000000000007,-4.800000000000001,-0.6999999999999993,10.770433333333333,1064567744.1652718,10.8,11.7,16.700000000000003,12.299999999999999,-86.89999999999999,-0.09999999999999964,-79.11000000000004,-311.28000000000003,-0.31499999999999967,110.30000000000001,-2.5699999999999985
-3.5,-4.799999999999999,-1.0,13.059600000000001,1288975224.1532326,12.100000000000001,12.799999999999999,14.3,15.700000000000001,-86.89999999999999,-0.09999999999999964,-155.92499999999998,-315.11999999999995,-0.45,109.875,-1.33
-2.1999999999999993,-3.700000000000001,-0.6999999999999993,10.91,1081705083.5320396,11.399999999999999,15.400000000000002,-19.5,12.2,-86.89999999999999,0.0,-136.50999999999996,-242.53500000000005,-0.31499999999999967,125.22500000000001,-2.9588039867109632
-4.6,-4.700000000000001,-0.6000000000000014,10.039199999999997,983427392.2495699,16.299999999999997,14.100000000000001,-20.2,15.1,-86.8,0.1999999999999993,-285.42999999999995,-302.44500000000005,-0.27000000000000063,120.71666666666665,-1.799999999999999
-3.5,-5.1,-0.8000000000000007,10.099600000000002,985267516.3416691,11.399999999999999,12.2,-19.4,12.2,-86.8,-0.20000000000000107,-152.07500000000002,-330.47999999999996,-0.3600000000000003,102.375,-1.0
-4.6,-6.5,-0.5999999999999996,11.768366666666665,1157290354.4276361,13.399999999999999,16.9,-18.9,16.900000000000002,-86.89999999999999,-0.1999999999999993,-288.87999999999994,-554.4499999999999,-0.26999999999999985,135.38333333333333,-1.5299999999999994
-3.299999999999999,-5.199999999999999,-1.0999999999999996,12.908366666666664,1276587093.0364542,12.3,12.7,-18.8,12.9,-86.8,0.1999999999999993,-145.03499999999997,-339.81999999999994,-0.49499999999999983,109.45000000000003,-1.5399999999999991
-3.3999999999999986,-4.6,-0.9000000000000004,11.109600000000002,1090663898.084999,11.900000000000002,12.4,-18.0,15.2,-86.8,-0.09999999999999964,-148.91999999999993,-297.62,-0.4050000000000002,108.44166666666668,-1.5699999999999985
-3.3999999999999986,-5.299999999999999,-1.3000000000000007,13.308366666666664,1313477754.3035421,12.2,12.799999999999999,-17.1,13.0,-86.8,0.3999999999999986,-149.76999999999992,-349.27,-0.5850000000000003,109.34166666666668,-1.17
-3.5999999999999996,-5.100000000000001,-1.1000000000000014,12.689166666666667,1249990009.5885363,11.8,12.7,-16.799999999999997,15.3,-86.8,-0.09999999999999964,-157.85999999999999,-329.46000000000004,-0.49500000000000066,108.58330564784052,-1.33
-3.3999999999999986,-5.199999999999999,-1.4000000000000004,13.838333333333335,1376068456.9024677,12.600000000000001,13.0,-16.3,13.200000000000001,-86.8,-0.20000000000000107,-151.63999999999993,-343.7199999999999,-0.6300000000000002,119.91666666666667,-1.799102990033223
-4.300000000000001,-3.8999999999999986,-0.8000000000000007,9.7351,955127604.2985659,15.700000000000001,13.2,-16.2,11.6,-86.8,0.0,-265.31000000000006,-249.5999999999999,-0.3600000000000003,120.51281838316724,-2.3346999999999998
-4.6,-2.6999999999999993,-0.7000000000000011,9.785512181616832,965975863.4142618,16.0,13.599999999999998,-17.7,14.100000000000001,-86.8,-0.09999999999999964,-286.12,-172.12499999999994,-0.3150000000000005,130.79999999999998,-3.0736544850498344
-3.3000000000000007,-4.9,-1.0999999999999996,12.979199999999999,1278259553.3746548,11.8,12.700000000000001,-16.700000000000003,15.3,-89.6,0.09999999999999964,-145.365,-320.215,-0.49499999999999983,109.21683277962347,-0.7000000000000011
-0.10000000000000142,-5.4,-0.40000000000000036,7.58,748125013.3383484,7.5,3.0999999999999996,-16.3,16.5,-88.1,-0.1999999999999993,-2.80000000000004,-456.3,-0.18000000000000016,135.70000000000002,-3.9700000000000006
-4.700000000000001,-6.9,-0.6000000000000014,11.663433333333334,1149064826.18015,13.1,16.700000000000003,-16.2,16.6,-115.6,0.0,-293.98500000000007,-583.395,-0.27000000000000063,134.74166666666665,-1.859667774086379
-3.5999999999999996,-5.700000000000001,-1.0,11.396733333333335,1114302020.736702,11.899999999999999,12.5,-14.6,12.400000000000002,-113.5,0.0,-157.49999999999997,-365.6550000000001,-0.45,99.40833333333335,-0.9600000000000009
-3.799999999999999,-2.9000000000000004,-0.6999999999999993,10.097966666666666,1001493423.2614679,15.700000000000001,12.900000000000002,-15.399999999999999,14.400000000000002,-113.19999999999999,0.0,-239.01999999999992,-234.75500000000002,-0.31499999999999967,135.41436877076413,-3.4399999999999995
-4.799999999999999,-5.699999999999999,-0.7000000000000011,10.166733333333333,995246785.1755896,16.200000000000003,14.200000000000001,-15.0,12.5,-113.0,0.09999999999999964,-299.75999999999993,-369.6449999999999,-0.3150000000000005,121.16666666666667,-1.4399999999999995
-3.5999999999999996,-5.699999999999999,-1.0,11.206733333333334,1095427926.5318565,11.7,12.3,-15.4,12.599999999999998,-112.5,0.20000000000000107,-157.85999999999999,-369.07499999999993,-0.45,99.70833333333336,-1.0700000000000003
-4.700000000000001,-5.799999999999999,-0.9000000000000004,11.395900000000001,1118482162.1300497,16.4,14.299999999999999,-15.600000000000001,12.600000000000001,-112.1,0.3000000000000007,-294.45500000000004,-377.2899999999999,-0.4050000000000002,114.7000276854928,-1.2699999999999996
-4.800000000000001,-5.699999999999999,-0.4999999999999982,8.872599999999998,866550964.3398438,12.999999999999998,16.4,16.1,12.2,-111.5,0.0,-300.4800000000001,-372.2099999999999,-0.2249999999999992,129.49166666666667,-1.6999999999999993
-4.700000000000001,-7.0,-0.4999999999999982,9.76426666666667,954135540.9559336,13.200000000000001,16.6,-16.5,16.5,-111.1,0.1999999999999993,-292.3400000000001,-588.35,-0.2249999999999992,133.3833333333333,-1.4699999999999989
-3.6999999999999993,-5.5,-0.7000000000000011,8.228333333333335,795138184.162178,11.1,11.8,-13.5,14.399999999999999,-110.5,0.10000000000000142,-159.83999999999997,-347.325,-0.3150000000000005,101.39166666666667,-1.17
-3.6999999999999993,-5.9,-0.7000000000000011,8.957933333333333,873466543.9498148,11.3,11.9,-14.3,12.100000000000001,-110.0,0.29999999999999893,-162.24499999999998,-382.615,-0.3150000000000005,111.31666666666666,-1.6300000000000008
-4.800000000000001,-5.700000000000001,-0.20000000000000107,8.146300000000002,791536875.1460419,12.700000000000001,16.200000000000003,-15.7,12.100000000000001,1.1,0.40000000000000036,-295.20000000000005,-368.5050000000001,-0.09000000000000048,119.5166666666667,-1.799999999999999
-3.700000000000001,-5.699999999999999,-0.3000000000000007,8.287133333333335,803563051.8014898,11.200000000000001,11.700000000000001,-15.7,11.999999999999998,1.1,0.0,-160.21000000000004,-365.0849999999999,-0.13500000000000031,107.274861572536,-1.17
-3.5999999999999996,-5.699999999999999,-0.29999999999999893,11.577533333333333,1133871193.5087957,11.899999999999999,12.3,-14.9,12.499999999999998,0.8999999999999999,0.5999999999999996,-158.39999999999998,-370.49999999999994,-0.13499999999999954,100.39999999999999,-1.0700000000000003
-4.700000000000001,-5.699999999999999,0.0,8.897966666666665,866719421.772891,13.0,16.5,-15.3,12.3,1.0,0.29999999999999893,-293.5150000000001,-372.49499999999995,0.0,118.33333333333333,-1.33
-4.700000000000001,-7.0,0.0,8.335066666666666,810090498.5292788,13.000000000000002,16.4,17.400000000000002,16.400000000000002,1.0,-0.09999999999999964,-293.5150000000001,-589.0500000000001,0.0,133.80041528239204,-1.870000000000001
-4.600000000000001,0.0,-2.6000000000000014,12.0618,1199394645.278225,13.400000000000002,16.6,2.6999999999999993,1.700000000000001,23.4,25.8,-291.6400000000001,0.0,-184.2100000000001,120.8673311184939,-0.33000000000000007
-1.9000000000000004,0.0,-3.5000000000000018,6.815066666666667,675226380.8198967,2.799999999999999,9.5,1.700000000000001,0.09999999999999964,25.7,14.099999999999998,-54.43500000000001,0.0,-249.3750000000001,97.66472868217055,-1.799999999999999
