0,1,2,3,4,5,6,7,8,9,10,11,12,13,14
-0.10823271673960912,1.274228758934303,-4.815654615507164,-0.2603325981223532,-0.2999697471685988,-0.1268037870639132,-0.13442434879318016,-0.2659945625640545,-0.35237460934153836,4.913039675940117,0.4634815237088118,-0.32627107325560056,1.1884498528262841,-8.840941829401883,0.09474421657725816
0.0977923395478247,1.2401727476650397,-0.15568794499694563,-0.018317433909425848,-0.05463102262435371,-0.1288858931525364,-0.13030320582162105,-0.2701918883582427,-0.35237460934153836,4.019693076080251,0.5578496175251764,-0.1862131809709538,1.1883030821317249,0.15956690434964013,-0.8652685105864797
-0.005220188595890379,1.2401727476650397,-0.8546829455734782,-0.055371053700901736,-0.07830905742344815,-0.12472168097529003,-0.12824263433584157,-0.27019188835824265,-0.3723066481045061,4.015064337220873,0.22877113652452027,-0.2634455287843315,1.1883030821317249,-0.3373547007268191,-0.7263354490741613
1.2309301491287143,1.2401727476650384,-1.7866762796755207,0.43866924680272684,0.3297364092707944,-0.22674487931782458,-0.16945406405143254,-0.26459545396599177,-0.36344796420985376,4.015064337220873,0.3691134298924472,1.193089715290389,1.1883030821317249,-1.6875118198103205,-1.4897308930729405
-0.005220188595890379,1.274228758934303,-0.03918877823418849,0.13477063548050217,0.0946016189370764,-0.13721431750702898,-0.13854549176473932,-0.26879277976017996,-0.3656626351835169,-0.2526328911252222,0.6667358796209818,-0.18521064568683662,1.1884498528262841,-0.1236956498017057,-1.0702315960330966
1.1279176209849993,1.274228758934303,-1.2041804458617433,1.1906196234263933,1.0959781599134053,-0.22674487931782458,-0.17357520702299162,-0.2631963453679291,-0.36123329323619074,-2.747523136329719,-3.294304365953092,1.162679478338872,1.1884498528262841,-1.223560295209446,-1.36331653498311
1.6429802617035856,1.274228758934303,-0.3886862785224558,1.2721407723207288,1.1823835883992957,-0.23715540976094035,-0.1797569214803303,-0.2631963453679291,-0.3590186222625276,-2.696607008876566,-3.163640851438125,1.4260863415062335,1.1884498528262841,-0.47117443912772167,-1.4786849782883917
1.1279176209849993,1.274228758934303,-1.5536779461500105,0.4436463610020978,0.3263591021857178,-0.23090909149507083,-0.17151463553721213,-0.25899901957374083,-0.3545892803152014,-2.752151875189096,-3.3233407025119734,1.1584465515837155,1.1884498528262841,-1.4948631142863165,-1.4475109521186666
1.1279176209849975,1.240172747665039,-1.5536779461500105,0.6875169933885508,0.5687185943407921,5.251276239849692,6.597462695248607,-0.278586539946619,-0.38338000297282154,-0.25726162998459945,0.3739528193189274,1.1584465515837146,1.1883030821317249,-1.488721628707531,-1.3898267304660255
-0.10823271673961093,1.274228758934303,-1.7866762796755207,-0.3762794505108965,-0.4200534193358161,-0.13721431750702898,-0.1406060632505189,-0.2715909969563054,-0.37673599005183234,-0.25726162998459945,0.3618543457527268,-0.2557222940029955,1.1884498528262841,-1.685249167228663,-0.9648008062947772
-0.10823271673960728,1.2401727476650384,-1.6701771129127636,-0.11508846071063393,-0.1491548169117047,-0.12680378706391313,-0.12824263433584157,-0.26039812817180363,-0.34794526739421217,-0.25726162998459945,0.37153312460568727,-0.31327524549854074,1.1883030821317249,-1.61101261347808,-0.6271676807862172
-0.31425777302704294,1.2401727476650397,-1.6701771129127656,-1.821928059168793,-1.8132609752931614,-0.1621995905705068,-0.1632723495940938,-0.2743892141524309,-0.370091977130843,-0.25726162998459945,0.3376573986203256,-0.33176645185001374,1.1883030821317249,-1.5636046546242999,-0.6188218785045586
-0.41727030117076164,1.2401727476650397,-1.6701771129127656,-1.9676579629263717,-1.9571207069922187,-0.1705280149249994,-0.16945406405143254,-0.278586539946619,-0.37673599005183234,-0.25726162998459945,0.33281800919384535,-0.3328061180705792,1.1883030821317249,-1.5377457679767828,-0.948971998176056
-0.31425777302704294,1.274228758934303,-1.4371787793872515,-1.747868599882155,-1.7423632585237872,-0.16428169665912998,-0.16739349256565297,-0.27019188835824265,-0.36123329323619063,-0.25726162998459945,0.3376573986203256,-0.28928866055265506,1.1884498528262841,-1.3371239057364572,-0.6121878056531517
-0.10823271673960912,1.274228758934303,-1.6701771129127656,-0.7324417426178739,-0.763057335378718,-0.1268037870639132,-0.1282426343358415,-0.27299010555436815,-0.3656626351835169,-0.2526328911252222,0.37153312460568727,-0.3169883391434156,1.1884498528262841,-1.6153224279193348,-0.21184128488720302
0.30381739583526035,1.2401727476650384,-1.4371787793872535,1.6872320965482577,1.6695635310135977,-0.0747511348483343,-0.07672834719135284,-0.2380123906027999,-0.31915454473659205,-0.2526328911252222,0.42960579772345014,-0.2055955297971953,1.1883030821317249,-1.4787013101316169,-0.7756738684451434
1.333942677272433,1.2401727476650384,-1.5536779461500105,2.176558074482242,2.131408136937292,-0.17677433319086894,-0.12206091987850283,-0.23381506480861175,-0.3169398737629289,-0.2526328911252222,0.44412396600289084,1.1589663846939977,1.1883030821317249,-1.6074570165640487,-0.8171565995828622
1.333942677272433,1.2401727476650384,-1.6701771129127656,1.9810570287309548,1.9472526946528403,-0.11847536270942055,-0.1838780644518893,-0.2380123906027999,-0.3213692157102551,-0.2526328911252222,0.43444518714993036,1.15094610242107,1.1883030821317249,-1.7036736239650192,-0.6102126541930947
0.612854980266411,1.240172747665039,-1.5536779461500105,1.9337704621455727,1.9055330968441375,-0.08724377138007333,-0.09115234759180967,-0.2380123906027999,-0.3213692157102551,-0.24337541340646696,0.4296057977234501,0.07511434975527798,1.1883030821317249,-1.580843912389312,-0.3092899842666323
1.0249050928412804,1.274228758934303,-1.6701771129127656,0.35237006827699596,0.2646220840784162,-0.15803537839326043,-0.22096835119592123,-0.25899901957374083,-0.34794526739421217,-0.2526328911252222,0.37153312460568727,1.0839990240039914,1.1884498528262841,-1.582998819609938,-1.1662083222721715
0.9218925646975635,1.274228758934303,-1.6701771129127656,0.23540390290042165,0.17825690218717644,-0.14554274186152164,-0.20860492228124394,-0.2701918883582427,-0.370091977130843,-0.2526328911252222,0.386051292885128,1.0067295452541638,1.1884498528262841,-1.6282518712430933,-0.8419493571524328
0.2008048676915416,1.2401727476650384,-1.5536779461500105,2.386401172510436,2.473705660178102,-0.06642271049384173,-0.06642548976245502,-0.2520034765834272,-0.3501599383678752,-0.25726162998459945,0.4320254924366902,-0.30662880787421815,1.1883030821317249,-1.613598502142834,-0.4241683135235196
-0.10823271673960912,1.2401727476650397,-1.7866762796755207,0.0683639869868167,0.04138510691188133,-0.12055746879804374,-0.1200003483927234,-0.27299010555436815,-0.37230664810450614,-0.2526328911252222,0.36185434575272685,-0.3225579796107266,1.1883030821317249,-1.7078756930452406,-0.32009124977577613
1.1279176209849993,1.274228758934303,-1.7866762796755207,0.715396796287746,0.6141342598283704,-0.21841645496333192,-0.16121177810831439,-0.26459545396599177,-0.36123329323619063,-0.2526328911252222,0.36427404046596695,1.1386928933929863,1.1884498528262841,-1.6807238620653473,-1.3770625622705484
1.1279176209849975,1.274228758934303,-1.6701771129127656,0.7773200603106387,0.6728870118314086,-0.21841645496333195,-0.1591512066225348,-0.26039812817180363,-0.35680395128886455,-0.2526328911252222,0.3691134298924472,1.1358709422228808,1.1884498528262841,-1.5851537268305644,-1.3608618872532106
-0.21124524488332785,1.2401727476650397,-1.786676279675523,-0.4934367370727266,-0.5130756387676215,-0.12680378706391313,-0.12824263433584157,-0.2575999109756781,-0.3413012544732229,-0.25726162998459945,0.36669373517920706,-0.38326706070441735,1.1883030821317249,-1.7169263033718731,-0.32906009221213356
-0.21124524488332602,1.2401727476650384,-1.7866762796755207,-0.32182583947841964,-0.3589997058722887,-0.1288858931525364,-0.12824263433584157,-0.2617972367698663,-0.3523746093415383,-0.2526328911252222,0.3715331246056873,-0.3567555720800158,1.1883030821317249,-1.703350387881925,-0.3431779863981872
-0.005220188595894039,1.2401727476650384,-1.786676279675523,-0.08256859841552101,-0.12266478615019316,-0.1268037870639132,-0.12412149136428241,-0.25480169377955264,-0.3368719125258967,-0.25726162998459945,0.3763725140321676,-0.2125018839766627,1.1883030821317249,-1.7237142611168466,-0.3542108532213807
1.1279176209849993,1.240172747665039,-1.7866762796755207,0.17885592221284963,0.0813593108308877,-0.22882698540644772,-0.16739349256565297,-0.24920525938730176,-0.3169398737629289,-0.24800415226584424,0.37153312460568727,1.16126850275382,1.1883030821317249,-1.6965624301369515,-1.1973823484418966
1.1279176209849975,1.240172747665039,-1.903175446438278,0.22346679220465027,0.13505226465638165,-0.22674487931782455,-0.16739349256565297,-0.25899901957374083,-0.33022789960490745,-0.24800415226584424,0.3787922087454076,1.1542136248285586,1.1883030821317249,-1.8252103912083522,-1.1806907438785794
-0.005220188595890379,1.274228758934303,-0.7381837788107211,-0.4742290579545148,-0.498141105815904,-0.13305010532978268,-0.13236377730740057,-0.26039812817180363,-0.3545892803152014,-0.26189036884397743,0.21667266295831972,-0.2052242204327074,1.1884498528262841,-0.2659195263630513,-0.8019385991550692
1.1279176209849975,1.274228758934303,-1.6701771129127656,0.4078987359765369,0.31403256432253884,-0.23090909149507088,-0.16945406405143254,-0.2575999109756781,-0.3413012544732229,-0.2526328911252222,0.37153312460568727,1.1655014295089754,1.1884498528262841,-1.5937733557130702,-1.2367415238690975
1.2309301491287161,1.2401727476650384,-1.0876812790989883,1.031535126849064,0.927914827414739,-0.23715540976094032,-0.17769634999455072,-0.25899901957374083,-0.35015993836787523,-0.2526328911252222,0.6497980166283008,1.2356788993970949,1.1883030821317249,-1.0685147206853731,-1.2805949064854936
0.0977923395478247,1.274228758934303,-1.6701771129127656,0.22764756813212264,0.19301014880139705,-0.11222904444355115,-0.11175806244960515,-0.25340258518148995,-0.33465724155223364,-0.26189036884397743,0.38847098759836807,-0.2182943100626655,1.1884498528262841,-1.6239420568018408,-0.6890248035796872
0.4068299239789772,1.274228758934303,-1.3206796126244984,1.6236205953889378,1.6612975656861935,-0.0768332409369575,-0.07878891867713234,-0.24780615078923907,-0.3213692157102551,-0.26189036884397743,0.34249678804680583,-0.12427877897445533,1.1884498528262841,-0.65035497452281,-0.6043671838160302
1.4369552054161498,1.274228758934303,-1.4371787793872555,2.4648484556752406,2.4404947583032732,-0.17469222710224575,-0.1200003483927234,-0.23941149920086266,-0.3169398737629289,-0.24800415226584424,0.4344451871499303,1.211321005086721,1.1884498528262841,-1.4709436441373636,-1.0675314835302077
0.3038173958352622,1.274228758934303,-0.621684612047968,1.798114237527521,1.898146807147018,-0.06642271049384173,-0.0705466327340141,-0.24500793359311357,-0.33687191252589677,-0.2665191077033547,0.5384920598192555,-0.2431720374833189,1.1884498528262841,-0.028448750650017812,-0.5306788220639603
0.5098424521226942,1.240172747665039,-0.2721871117596987,2.4908329734873154,2.5147611239249064,-0.07891534702558067,-0.07672834719135284,-0.2422097163969881,-0.3324425705785706,-0.25726162998459945,0.3037816726349639,-0.056551950891954035,1.188284735794905,-0.0314656207588934,-0.9315439992937683
0.4068299239789772,1.274228758934303,-1.2041804458617433,2.1585608295373166,2.157575638015887,-0.09765430182318903,-0.09527349056336874,-0.24780615078923907,-0.3368719125258967,-0.26189036884397743,0.6618964901945016,-0.03237971126382393,1.1884498528262841,-1.2114928147739379,-0.42171366579361924
2.4274602837211257,0.03249419419343909,-0.5051854452852109,1.7014776229740256,1.6864232792363123,-0.32774388377465985,-0.15779556748715348,-0.24552853214122994,-0.29946285786223886,-0.25891218802747845,0.3062013673482041,2.0386235357782074,1.1829182694377773,-0.17153459009961333,0.34511828502701836
1.9963924736428023,1.1201908002702463,-0.9944819456887839,2.3613404070937634,2.3585510722154948,-0.2473366556469284,-0.11989189726189287,-0.23404282667341264,-0.2842863528954313,-0.2558622438178111,0.43840468758977774,1.6826540992339416,1.187774507884213,-1.091572227946076,-0.3024177861204983
1.6667523835829048,1.106568395762541,0.46564094440441683,2.8659413596559173,2.8768254552282406,-0.18584877531395727,-0.11745174681820655,-0.2348887993141017,-0.27268079027375497,-0.25352993353983005,0.31939970214769564,1.3726303164719857,1.187723815544323,0.39592431133201766,-1.0034651777798267
1.4369552054161498,1.274228758934303,-0.621684612047968,2.6511916112996863,2.656286416375957,-0.10806483226630478,-0.17769634999455072,-0.23661328200473722,-0.2859344801316457,-0.2526328911252222,0.31104075677468435,1.1866289323483086,1.1884498528262841,-0.2311177747499356,-1.1509895063467943
0.4068299239789772,1.240172747665039,-1.2041804458617433,2.1082003972224044,2.0768175242272973,-0.11014693835492798,-0.10969749096382565,-0.25340258518148995,-0.319154544736592,-0.2526328911252222,0.654637406054781,0.029443297923328428,1.1883030821317249,-1.1890817796794226,-0.7675735309364753
1.2309301491287161,1.240172747665039,-1.2041804458617433,1.4781773734092443,1.3840591746211055,-0.22674487931782458,-0.16945406405143254,-0.27718743134855633,-0.370091977130843,-0.26189036884397743,0.6594767954812613,1.2274358315054743,1.1883030821317249,-1.168394670361409,-1.3245331008506962
-0.005220188595890379,1.274228758934303,-0.27218711175970073,-0.1018373918662279,-0.09504871089749649,-0.12263957488666692,-0.12412149136428248,-0.2520034765834272,-0.3368719125258967,-0.26189036884397743,0.22877113652452033,-0.27800085587223783,1.1884498528262841,-0.012502437217381734,0.0018443627251969763
0.20080486769154343,1.240172747665039,0.19380955529132168,0.8802388185709088,0.8253961934183781,-0.1247216809752901,-0.12412149136428241,-0.24500793359311357,-0.3169398737629289,-0.2665191077033547,0.5675283963781369,-0.10070063432950495,1.188284735794905,0.306423831435333,-0.6924613104015469
0.4068299239789772,1.240172747665039,-1.5536779461500105,1.0383119655429276,0.9476183152650812,-0.11847536270942063,-0.11793977690694382,-0.24360882499505082,-0.3147252027892658,-0.25726162998459945,0.386051292885128,0.05283578788603443,1.1883030821317249,-1.5091932473034826,-0.5532827841162392
1.1279176209849975,1.274228758934303,-1.4371787793872555,0.9674298959611669,0.8714680588000709,-0.15178906012739105,-0.2168472082243621,-0.24920525938730176,-0.31251053181560273,-0.25726162998459945,0.37153312460568727,1.1288160642976204,1.1884498528262841,-1.3720334027106094,-1.122515592679958
1.1279176209849993,1.240172747665039,-1.5536779461500105,0.8918573939579205,0.7872201294482619,-0.1580353783932605,-0.2209683511959212,-0.25060436798536445,-0.30808118986827654,-0.26189036884397743,0.37879220874540764,1.1415148445630903,1.1883030821317249,-1.498957438005507,-1.35889816906929
0.09779233954782653,1.2401727476650397,-0.621684612047968,-0.02709308166575673,-0.045765436626286016,-0.1247216809752901,-0.12412149136428241,-0.2631963453679291,-0.36123329323619063,-0.2665191077033547,0.2336105259510006,-0.20581831541588713,1.1883030821317249,-0.21215459120842295,-0.8156846264425074
0.09779233954782653,1.2401727476650384,-1.6701771129127678,0.5255577156496632,0.4857277330733716,-0.12055746879804374,-0.12000034839272332,-0.2617972367698664,-0.36787730615718,-0.2665191077033547,0.37395281931892743,-0.18799546592049213,1.1883030821317249,-1.602392984595578,-0.9897191504923893
-0.005220188595894039,1.2401727476650384,0.1938095552913196,0.07275181086498171,0.06951178887867958,-0.12680378706391313,-0.12824263433584157,-0.26039812817180363,-0.3457305964205491,-0.2757765854221099,0.6691555743342218,-0.25616786524038127,1.1883030821317249,0.08533035059905723,-0.6415302242476761
-0.005220188595890379,1.274228758934303,-0.5051854452852109,-0.3771952395235806,-0.3890391924589854,-0.12888589315253632,-0.1282426343358415,-0.2659945625640545,-0.36344796420985376,-0.27114784656273194,0.5384920598192555,-0.2670843605563081,1.1884498528262841,0.029949235028959763,-0.693934099039487
0.09779233954782653,1.2401727476650384,-0.27218711175970073,0.23428902931976292,0.2066729518126263,-0.12055746879804374,-0.12000034839272332,-0.2617972367698663,-0.36123329323619074,-0.27114784656273194,0.5070360285471339,-0.21651202511312465,1.1883030821317249,0.13489321667346751,-0.8414584276064534
-0.21124524488332602,1.274228758934303,-0.039188778234190556,-0.6588760130598138,-0.6807220463497068,-0.14137852968427528,-0.1406060632505188,-0.2715909969563054,-0.37673599005183234,-0.2665191077033547,0.5215541968265746,-0.3094136281078724,1.1884498528262841,0.22152048694265045,-0.8144573025775571
1.1279176209849993,1.2401727476650384,-1.3206796126244984,1.4429712584085739,1.3577988758589357,-0.2163343488747088,-0.1612117781083143,-0.25899901957374083,-0.36344796420985376,-0.2526328911252222,0.652217711341541,1.1415148445630903,1.1883030821317249,-1.3005982283468411,-1.1905093347981772
-0.10823271673961093,1.2401727476650384,-1.3206796126244984,-0.855061909724934,-0.8662833375744181,-0.14762484795014466,-0.15090892067941655,-0.2743892141524309,-0.36344796420985376,-0.27114784656273194,0.6038238170767387,-0.23901337260106295,1.1883030821317249,-1.230994725120607,-0.34561958616673233
-0.21124524488332602,1.274228758934303,0.07731038852856659,-1.0738717766947146,-1.0795191773539345,-0.14137852968427528,-0.1426666347362984,-0.26879277976017996,-0.36344796420985376,-0.2665191077033547,0.4973572496941735,-0.33213776121450167,1.1884498528262841,0.27291502415459196,-0.6220129205534273
-0.31425777302704294,1.274228758934303,0.07731038852856659,-1.2331113078990659,-1.2349038395940557,-0.14346063577289844,-0.1426666347362984,-0.27299010555436815,-0.3656626351835169,-0.2757765854221099,0.4925178602676933,-0.40513718227272344,1.1884498528262841,0.2739924777649052,-0.6997143459197285
-0.3142577730270448,1.274228758934303,-0.7381837788107211,-1.5610396779118516,-1.5615879040024576,-0.1580353783932605,-0.1612117781083143,-0.2799856485446818,-0.38559467394648467,-0.2757765854221099,0.19731510525239876,-0.31245836489667006,1.1884498528262841,-0.2568689160364203,-0.7459726309133583
-0.3142577730270448,1.2401727476650384,-0.38868627852245374,-1.095667555196599,-1.1077526942893885,-0.14762484795014466,-0.15090892067941655,-0.2757883227504936,-0.370091977130843,-0.2665191077033547,0.5191345021133346,-0.35493615619402835,1.1883030821317249,0.08737751245865533,-0.7423738400721468
-0.31425777302704294,1.274228758934303,0.19380955529132374,-1.0485721097964722,-1.0436759585898683,-0.13929642359565209,-0.1406060632505189,-0.27718743134855633,-0.37673599005183234,-0.2804053242814872,0.5215541968265746,-0.41672203444473077,1.1884498528262841,0.31547444176196504,-0.665951114918631
0.20080486769154343,1.240172747665039,0.19380955529132168,0.715110114509863,0.6558479971950607,-0.12263957488666692,-0.12206091987850283,-0.25899901957374083,-0.3590186222625276,-0.26189036884397743,0.673994963760702,-0.10942640439495892,1.1883030821317249,0.08489936915493386,-0.8355795055184648
-0.21124524488332602,1.274228758934303,-0.039188778234190556,-0.9657768196670989,-0.9686377198270201,-0.14137852968427528,-0.1426666347362984,-0.2743892141524309,-0.36344796420985376,-0.27114784656273194,0.5142951126868542,-0.3416061500089302,1.1884498528262841,0.22152048694265045,-0.6916800637154197
1.2309301491287161,1.274228758934303,-1.4371787793872535,0.7980009652318639,0.6871743911028229,-0.22674487931782455,-0.16945406405143254,-0.25899901957374083,-0.34794526739421217,-0.26189036884397743,0.3642740404659669,1.2178189189652506,1.1884498528262841,-1.3410027387335868,-1.667938318263652
-0.21124524488332602,1.274228758934303,-0.27218711175970073,-1.1575908192194921,-1.1726321592480877,-0.14762484795014466,-0.15090892067941655,-0.2757883227504936,-0.370091977130843,-0.26189036884397743,0.5142951126868542,-0.2904768505190149,1.1884498528262841,0.13403125378521694,-0.5854386693779242
1.2309301491287143,1.240172747665039,-0.7381837788107211,1.0332392907509276,0.9707600886638686,-0.1663638027477531,-0.22508949416748036,-0.26039812817180363,-0.3590186222625276,-0.26189036884397743,0.652217711341541,1.2013327831820095,1.1883030821317249,-0.7546524840011298,-1.446529093026707
-0.21124524488332602,1.274228758934303,-0.03918877823418642,-1.0911841707258063,-1.1016720796066997,-0.14554274186152164,-0.1447272062220779,-0.2757883227504936,-0.36787730615718,-0.26189036884397743,0.5167148074000945,-0.3207756946611866,1.1884498528262841,0.22087401477646423,-0.8012022048360995
-0.31425777302704294,1.274228758934303,-0.1556879449969477,-0.997518863185006,-1.0045897418114103,-0.13929642359565209,-0.13854549176473932,-0.2743892141524309,-0.3656626351835169,-0.27114784656273194,0.5167148074000945,-0.4147912257493959,1.1884498528262841,0.17540547242124374,-0.6831336490279277
0.3038173958352585,1.240172747665039,-0.7381837788107231,0.9197371968571157,0.8340380287292641,-0.1309679992411595,-0.13442434879318016,-0.25899901957374083,-0.36123329323619063,-0.2665191077033547,0.24086961009072091,0.02498758554947862,1.1883030821317249,-0.2620406933659249,-1.0027287834608576
-0.41727030117076164,1.2401727476650397,-1.786676279675523,-1.6814699147711885,-1.6861953859332075,-0.1621995905705068,-0.16327234959409387,-0.2813847571427445,-0.38338000297282154,-0.2665191077033547,0.3400770933335657,-0.3701969710744601,1.1883030821317249,-1.642258768177167,-0.9521630402249255
-0.21124524488332785,1.2401727476650397,-1.0876812790989883,-0.3243104148867457,-0.3374767414572612,-0.13513221141840587,-0.13648492027895973,-0.26459545396599177,-0.35015993836787523,-0.2665191077033547,0.5917253435105381,-0.35107453880336,1.1883030821317249,-0.9941704215737609,-0.43030493284826843
-0.21124524488332602,1.274228758934303,0.07731038852856659,-0.9115143298198779,-0.9094561959212254,-0.1309679992411595,-0.13442434879318016,-0.27718743134855633,-0.36787730615718,-0.27114784656273194,0.5191345021133346,-0.37569234966887327,1.1884498528262841,0.26806648290818247,-0.33383727706321403
-0.31425777302704294,1.274228758934303,-0.5051854452852109,-1.0148312572160976,-1.020661120743834,-0.14346063577289844,-0.14472720622207796,-0.27019188835824265,-0.3590186222625276,-0.2804053242814872,0.5941450382237781,-0.37617505184270644,1.1884498528262841,-0.48938340514201467,-0.49584402723658827
1.0249050928412804,1.240172747665039,-1.0876812790989883,1.1362536096038254,1.0673315994108077,-0.16428169665912998,-0.2271500656532599,-0.2575999109756781,-0.3413012544732229,-0.25726162998459945,0.671575269047462,1.0926876631329967,1.1883030821317249,-1.1105354114875887,-1.4389196850640182
-0.21124524488332785,1.274228758934303,0.07731038852856659,-0.7267797775046696,-0.7307812374179002,-0.13513221141840578,-0.13648492027895973,-0.2701918883582427,-0.36344796420985376,-0.2665191077033547,0.5167148074000943,-0.36243660535667416,1.1884498528262841,0.26806648290818247,-0.6902521274446376
1.0249050928412824,1.274228758934303,-1.0876812790989883,1.0637071930337962,1.0026921055320759,-0.22258066714057825,-0.16739349256565297,-0.2575999109756781,-0.3545892803152014,-0.25726162998459945,0.6691555743342218,1.1028244087835033,1.1884498528262841,-1.1170001331494683,-1.3255704137784146
-0.10823271673960728,1.274228758934303,-0.03918877823418642,-0.43482624026093514,-0.45071056190341746,-0.13513221141840578,-0.13648492027895973,-0.2715909969563054,-0.36344796420985376,-0.25726162998459945,0.5070360285471338,-0.29099668362929637,1.1884498528262841,0.22539931993977974,-0.6777334240221493
-0.31425777302704294,1.274228758934303,-0.039188778234190556,-0.4737353282259374,-0.4782062647390969,-0.12888589315253632,-0.13236377730740057,-0.27019188835824265,-0.3656626351835169,-0.2665191077033547,0.5070360285471339,-0.44761497357008256,1.1884498528262841,0.2241063756074022,-0.6492595103553137
-0.3142577730270448,1.274228758934303,-0.03918877823418642,-0.5566739592442527,-0.568277568165326,-0.13305010532978268,-0.13648492027895973,-0.27019188835824265,-0.36344796420985376,-0.27114784656273194,0.5070360285471339,-0.416722034444732,1.1884498528262841,0.22604579210596765,-0.6993343240452654
-0.4172703011707598,1.2401727476650397,-0.039188778234190556,-0.9982116774815589,-1.0201601208554767,-0.14762484795014466,-0.15296949216519615,-0.278586539946619,-0.3811653319991585,-0.2665191077033547,0.5481708386722159,-0.4174275222372566,1.1883030821317249,0.21311634878220728,-1.089720357311881
-0.10823271673960912,1.240172747665039,-0.27218711175970073,-0.8276439830234391,-0.8779468269841065,-0.16011748448188362,-0.16533292107987338,-0.27299010555436815,-0.3745213190781692,-0.26189036884397743,0.41266793473076924,-0.1554687655913968,1.1883030821317249,0.17540547242124482,-1.2012127405971587
1.1279176209849975,1.274228758934303,-1.2041804458617433,1.0839978922017919,0.9974334561940457,-0.16636380274775317,-0.22921063713903944,-0.26459545396599177,-0.3656626351835169,-0.25726162998459945,0.6594767954812613,1.1739672830192884,1.1884498528262841,-1.1908057054559238,-1.2327292757524506
-0.3142577730270448,1.274228758934303,-0.27218711175970073,-1.1550027198358184,-1.158581085460695,-0.14346063577289844,-0.1447272062220779,-0.27299010555436815,-0.36344796420985376,-0.27114784656273194,0.20699388410535924,-0.3838982866240458,1.1884498528262841,-0.004744771223126528,-0.4830798590411098
-0.31425777302704294,1.274228758934303,-0.5051854452852109,-0.9782076600914477,-0.9910919981488195,-0.1372143175070289,-0.1406060632505189,-0.26879277976017996,-0.3656626351835169,-0.27114784656273194,0.5142951126868542,-0.3896907127100482,1.1884498528262841,0.0471884927939713,-0.802429528701049
-0.3142577730270448,1.2401727476650384,0.07731038852856659,-0.8416515732261496,-0.8560559529205244,-0.14137852968427528,-0.14472720622207796,-0.2715909969563054,-0.36123329323619074,-0.26189036884397743,0.5167148074000945,-0.3761750518427077,1.1883030821317249,0.26968266332365226,-1.0454396539611113
-0.31425777302704294,1.274228758934303,0.1938095552913196,-1.6493297021173312,-1.6487919583035178,-0.16011748448188362,-0.1612117781083143,-0.27299010555436815,-0.36787730615718,-0.27114784656273194,0.5191345021133346,-0.2989427040293275,1.1884498528262841,0.3163364046502139,-1.0798944269140207
-0.21124524488332602,1.274228758934303,-1.6701771129127656,-1.5462038959063678,-1.5581329669589372,-0.15803537839326043,-0.15709063513675522,-0.2757883227504936,-0.3745213190781692,-0.27114784656273194,0.22635144181128022,-0.2507096175824147,1.1884498528262841,-0.7662889829925135,-1.358898169069291
-0.3142577730270448,1.274228758934303,-0.03918877823418642,-1.0274054385293885,-1.0468240398341762,-0.15595327230463732,-0.15915120662253474,-0.2743892141524309,-0.370091977130843,-0.2526328911252222,0.5167148074000943,-0.3085967475060008,1.1884498528262841,0.22539931993977974,-1.276667470117654
-0.21124524488332785,1.274228758934303,-0.039188778234190556,-0.8548070814779258,-0.8796973686790049,-0.14554274186152164,-0.148848349193637,-0.27718743134855633,-0.3811653319991585,-0.25726162998459945,0.509455723260374,-0.2961578837956737,1.1884498528262841,0.226045792105966,-1.074159032400936
-0.3142577730270448,1.2401727476650397,0.07731038852856659,-1.034078753247904,-1.0488581277526445,-0.14762484795014474,-0.15090892067941655,-0.2757883227504936,-0.3745213190781692,-0.2526328911252222,0.4973572496941734,-0.3742442431473733,1.1883030821317249,0.27345375095974855,-0.8741052424141178
-0.31425777302704294,1.2401727476650397,0.19380955529132374,-1.4035558212610402,-1.4001657756276285,-0.14970695403876785,-0.15296949216519606,-0.2799856485446818,-0.37895066102549546,-0.27114784656273194,0.5239738915398148,-0.3684518170613688,1.1883030821317249,0.3146124788737144,-0.8042130219187537
-0.3142577730270448,1.274228758934303,0.07731038852856659,-1.6611792156031937,-1.6610164173084232,-0.1538711662160142,-0.1591512066225348,-0.278586539946619,-0.37895066102549546,-0.26189036884397743,0.5191345021133345,-0.31438917359200447,1.1884498528262841,0.26914393651849566,-0.8647775810405002
0.7158675084101279,1.274228758934303,-1.4371787793872555,-1.639514660949436,-1.6410818696421088,-0.25797647064717183,-0.19624149336656663,-0.28278386574080727,-0.3833800029728216,-0.27114784656273194,0.3376573986203256,0.983634102783047,1.1884498528262841,-1.3177297407508226,-1.161652952764125
-0.10823271673961093,1.274228758934303,-0.03918877823418642,-0.5644223306298337,-0.5863104111889046,-0.13929642359565209,-0.1406060632505188,-0.26739367116211726,-0.3568039512888645,-0.26189036884397743,0.43444518714993036,-0.2631484812927435,1.1884498528262841,0.24543995709160565,-0.9269282829644561
-0.005220188595890379,-0.4626278157981699,1.3588012229188788,-0.8068277005959916,-0.7471365983899085,-0.11639325662079737,-0.12412149136428241,-0.03374253528564137,0.01083143033920822,-0.09525576990638543,-0.010778640086251413,-0.42355412675129817,-0.5790178900653825,0.5130794338934098,0.7265705422534182
-1.035345470033063,0.7293325786260761,0.6598062223423441,-0.22678286672723447,-0.22010157609927544,-0.12263957488666692,-0.12206091987850283,-0.24081060779892535,-0.16855691852750196,-0.09525576990638543,-0.010778640086251413,-0.8915895806876656,0.9932448290626231,0.5072611843977184,-1.2744582871607442
-1.1383579981767817,-0.7010198946830191,1.591799556444389,-1.4626998647150034,-1.4362311477031067,-0.14137852968427528,-0.1447272062220779,-0.044935404070143264,-0.0024565955027702666,-0.09988450876576337,-0.010778640086251413,-0.928534862454162,-0.7864966131615513,0.5150188503919736,0.06676123245640295
-0.7263078856019142,-0.6669638834137556,1.1258028893933685,-1.573175873175599,-1.5338856658753335,-0.13513221141840578,-0.13648492027895973,-0.036540752481766865,0.008616759365545177,-0.09525576990638543,-0.010778640086251406,-0.7084226711860329,-0.775452118395977,0.5111400173948459,0.7530807377363333
-0.21124524488332602,-0.5307398383366992,1.1258028893933645,-0.6124017115117688,-0.6458173338533946,-0.14137852968427528,-0.14266663473629831,-0.037939861079829565,0.0041874174182189375,-0.09525576990638543,-0.008358945373011297,-0.19389928481584232,-0.555956544682778,0.5111400173948459,-0.19465875077790631
-0.21124524488332602,-0.4626278157981699,1.0093037226306114,0.8119448483728217,0.8563946989240123,-0.09765430182318903,-0.09527349056336874,-0.019751449305014074,0.03297814007583911,-0.09525576990638543,-0.0059392506597711866,-0.4457584267476456,-0.5640472792203499,0.5101703091455642,0.8359683770772641
-0.6232953574581954,-0.5307398383366992,1.475300389681632,-1.7218840820700803,-1.6818020065694737,-0.1309679992411595,-0.13442434879318016,-0.04213718687401777,-0.004671266476433387,-0.09525576990638543,-0.010778640086251406,-0.7076057905841601,-0.6074914048098572,0.5140491421426917,1.0925585187814486
0.7158675084101279,-0.4285718045289065,1.9412970567326562,-0.579839439573804,-0.6082837245158176,-0.16428169665912992,-0.22921063713903939,-0.04353629547208047,-0.0024565955027702666,-0.09525576990638543,-0.008358945373011297,0.9649201108128818,-0.4296970546882744,0.5179279751398194,-0.23882446896923576
-0.005220188595890379,-0.4285718045289071,1.1258028893933645,0.40083521550479,0.40771953857798254,-0.10806483226630478,-0.10969749096382565,-0.03374253528564137,0.01083143033920822,-0.09525576990638543,-0.0010998612332909243,-0.31802800536397896,-0.49023996619392174,0.5111400173948459,1.0226010584793097
-0.6232953574581954,-0.5307398383366992,1.0093037226306114,-1.2449969079431622,-1.1920117080801464,-0.11847536270942055,-0.12618206285006198,-0.03234342668757867,0.019690114233860544,-0.09525576990638543,-0.013198334799491559,-0.7586608282011775,-0.6531921298282106,0.5101703091455642,1.20401665116817
0.8188800365538467,-0.4285718045289065,1.3588012229188746,-0.6554039781943324,-0.6826150696062593,-0.23090909149507083,-0.17769634999455072,-0.03793986107982962,0.0041874174182189375,-0.09525576990638543,-0.008358945373011297,1.0148240893999894,-0.45171265887214596,0.5130794338934098,-0.3775968774573705
-0.10823271673960912,-0.3604597819903783,0.7763053891051012,0.9381644644688661,0.9909349665743062,-0.09140798355731955,-0.09321291907758918,-0.021150557903076822,0.032978140075839185,-0.09525576990638543,0.008578917619669557,-0.44509006989156846,-0.4627204609640819,0.5082308926470003,0.6237208023706243
-0.6232953574581954,-0.4285718045289065,1.0093037226306072,-1.1573280275897644,-1.1055226625045482,-0.12472168097529003,-0.13442434879318022,-0.03793986107982962,0.010831430339208298,-0.09525576990638543,-0.013198334799491515,-0.728027805630967,-0.5361058082436535,0.510170309145564,0.8378085636870564
-0.005220188595894039,-0.32640377072111426,0.776305389105097,0.005636421309306507,0.004398596920884458,-0.12055746879804374,-0.12618206285006198,-0.02954520949145322,0.017475443260197503,-0.09525576990638543,0.003739528193189295,-0.2434319540384632,-0.4024527445107337,0.5082308926470003,0.3645100020932252
-0.7263078856019142,-0.39451579325964176,1.1258028893933645,-1.8709267530387597,-1.8294168449179276,-0.14346063577289844,-0.15709063513675522,-0.043536295472080516,-0.0024565955027702666,-0.09525576990638543,-0.010778640086251406,-0.7042640063037744,-0.4719486683844872,0.5111400173948459,0.3794833532456126
-0.005220188595894039,-0.29234775945184954,0.7763053891051012,0.5400829257291077,0.543469933692614,-0.11222904444355115,-0.11587920542116424,-0.025347883697264973,0.024119456181186705,-0.09525576990638543,0.008578917619669514,-0.27254260821427506,-0.3660719585968855,0.5082308926470003,0.26337851562136116
-0.41727030117076164,-0.4285718045289065,1.1258028893933645,-1.9266465419235563,-1.8902096392762597,-0.14970695403876785,-0.14884834919363704,-0.046334512668205964,-0.006885937450096507,-0.09525576990638543,-0.010778640086251406,-0.46072219413648813,-0.4856533819889479,0.5111400173948459,0.10505373704283635
0.9218925646975635,-0.4285718045289065,1.3588012229188788,-0.8080062812384015,-0.8369339038048268,-0.23715540976094032,-0.1797569214803303,-0.039338969677892265,-0.00024192452910714611,-0.09525576990638543,-0.0010998612332909243,1.0750504683198452,-0.45354729255413523,0.5130794338934098,-0.660305425139862
0.20080486769154343,-0.3604597819903777,0.8928045558678542,0.192895365946435,0.16890371052015177,-0.11014693835492798,-0.107636919478046,-0.02674699229532772,0.019690114233860623,-0.09525576990638543,0.0013198334799491853,-0.10942640439495892,-0.4151667559269188,0.5092006008962822,-0.2922150958385144
-0.6232953574581954,-1.2459160749912466,0.8928045558678542,-1.5331407205638572,-1.497045087260096,-0.14762484795014474,-0.14266663473629831,-0.044935404070143216,-0.006885937450096507,-0.09525576990638543,-0.01077864008625145,-0.358389333283761,-1.2892229347002588,0.5092006008962822,0.34696701805149766
-0.3142577730270448,-0.564795849605964,1.2423020561561218,-0.6799789772651457,-0.7202703225660348,-0.17052801492499947,-0.23333178011059855,-0.06452292444302146,-0.10433146029127242,-0.09525576990638543,-0.0010998612332909672,0.542889887136504,-0.13314686633152534,0.5121097256441279,-0.4958440272365878
-1.0353454700330667,-1.007523996106398,0.6598062223423441,-0.01973491603340619,-0.03901201120204963,-0.11431115053217426,-0.1220609198785029,-0.03234342668757862,0.008616759365545177,-0.09525576990638543,-0.005939250659771143,-0.8083420211695929,-1.026576776786672,0.5072611843977184,0.7096334729171104
-1.653420638895368,-1.2459160749912477,0.6598062223423441,-1.6109143438809077,-1.5798690126707704,-0.14762484795014474,-0.1447272062220779,-0.05053183846239411,-0.01131527939742259,-0.09525576990638543,-0.013198334799491559,-1.127742336501653,-1.2756466454535391,0.5072611843977184,0.5120653195684107
-0.21124524488332602,-1.0075239961063975,0.6598062223423441,-0.5007073054951678,-0.5441945843043612,-0.17261012101362258,-0.23127120862481898,-0.03933896967789232,-0.0024565955027702666,-0.09525576990638543,-0.008358945373011297,0.6147011182283676,-0.9577413210384332,0.5072611843977184,-0.5893661057457633
0.30381739583526035,-0.7691319172215484,0.543307055579591,0.24930796912778433,0.20939847659160918,-0.16428169665912998,-0.22096835119592126,-0.03094431808951592,0.006402088391882057,-0.09525576990638543,0.0013198334799491853,0.819218316188027,-0.7632334580739286,0.5062914761484365,-0.4398560405600904
-1.1383579981767817,-1.0756360186449256,0.6598062223423441,-1.1056536371262171,-1.0601461020773408,-0.1309679992411595,-0.13236377730740065,-0.03514164388370412,0.015260772286534382,-0.09525576990638543,-0.01077864008625145,-0.8572434644725819,-1.1800438842850758,0.5072611843977184,1.0920675892354692
0.40682992397897905,-0.8372439397600772,0.6598062223423441,-0.39051797881245653,-0.42436133873077314,-0.232991197583694,-0.17357520702299156,-0.036540752481766865,-0.0024565955027702666,-0.09525576990638543,-0.0059392506597711866,0.9066616715248107,-0.8044026378977681,0.5072611843977184,-0.11854265271623202
-0.41727030117076164,-0.8712999510293412,0.5433070555795869,0.3418026594088915,0.3458098734078273,-0.11222904444355115,-0.11175806244960508,-0.021150557903076822,0.026334127154849826,-0.09525576990638543,0.006159222906429404,-0.3701969710744601,-0.9359458728964011,0.5062914761484364,0.6367304353390913
-1.9624582233265206,-1.1778040524527185,0.6598062223423441,-0.5098609890510715,-0.44480748068931264,-0.11222904444355115,-0.11793977690694382,-0.02674699229532772,0.017475443260197503,-0.09525576990638543,-0.010778640086251406,-1.6236259927745749,-1.2975521716164902,0.5072611843977184,1.1404241495144927
-1.1383579981767837,-0.8712999510293412,0.6598062223423441,0.7048293874196415,0.7233866829571336,-0.11014693835492798,-0.11381863393538466,-0.02674699229532772,0.019690114233860623,-0.09525576990638543,-0.0010998612332909243,-0.9909148356880466,-0.9232318614802147,0.5072611843977184,1.068993900574413
-1.8594456951828056,-1.1096920299141904,0.6598062223423441,-0.4338467441864987,-0.3548387362627963,-0.10598272617768169,-0.11381863393538473,-0.02674699229532772,0.026334127154849826,-0.09525576990638543,-0.013198334799491515,-1.6079196066567596,-1.250328700642086,0.5072611843977184,1.3139677440183948
-0.10823271673961093,-0.46262781579817114,0.6598062223423441,0.05969186320583362,0.033584765911402865,-0.22049856105195512,-0.16327234959409387,-0.053330055658519566,-0.0910434344492939,-0.09525576990638543,-0.0059392506597711866,0.5890065102058385,-0.07188844768990238,0.5072611843977184,-0.3713933873306774
-1.2413705263204986,-0.8712999510293405,0.5433070555795869,0.49210354484717267,0.4995091357663212,-0.10181851400043532,-0.10557634799226649,-0.016953232108888622,0.028548798128512947,-0.09525576990638543,0.003739528193189295,-1.0460542763144243,-0.9278551383588273,0.5062914761484364,1.0446928880484063
-1.859445695182802,-1.1096920299141904,0.6598062223423441,-0.4612767614723869,-0.3811570606633894,-0.11222904444355115,-0.12000034839272332,-0.02674699229532772,0.019690114233860623,-0.09525576990638543,-0.010778640086251406,-1.5880174247202328,-1.249044457064694,0.5072611843977184,1.3033222385479262
-1.1383579981767837,-0.8372439397600765,0.6598062223423441,0.35753830366162276,0.3334456630033856,-0.12263957488666692,-0.12412149136428241,-0.02954520949145322,0.019690114233860623,-0.09525576990638543,-0.003519555946531034,-0.8572434644725828,-0.8430767159141023,0.5072611843977184,-0.2091411723843134
-1.035345470033063,-0.7691319172215477,0.5433070555795869,0.912269554554696,0.9214600354273621,-0.09765430182318903,-0.10763691947804607,-0.012755906314700425,0.03740748202316535,-0.09525576990638543,0.006159222906429404,-0.9310226351962279,-0.8457919737634461,0.5062914761484364,0.5191528090769006
-1.859445695182802,-1.1096920299141904,0.5433070555795869,-0.6020652407425148,-0.5249392406530969,-0.12055746879804374,-0.1220609198785029,-0.02814610089339047,0.021904785207523664,-0.09525576990638543,-0.013198334799491559,-1.5482130608471827,-1.260602649261226,0.5062914761484364,1.268802225788241
-1.1383579981767817,-0.8372439397600765,0.5433070555795869,0.22843594302130243,0.20477038256323454,-0.11847536270942055,-0.1200003483927234,-0.02954520949145322,0.013046101312871339,-0.09525576990638543,-0.0035195559465310768,-0.868382745407204,-0.8396642972656024,0.5062914761484364,0.18927506559868748
-0.8293204137456293,-0.7350759059522849,0.4268078888168339,1.2471357505830896,1.2935153110747546,-0.09557219573456592,-0.09733406204914825,-0.011356797716637675,0.04405149494415463,-0.09525576990638543,0.008578917619669557,-0.8211521942444066,-0.8162176788097797,0.5053217678991546,0.6679044615088173
-1.756433167039087,-1.1096920299141904,0.543307055579591,-0.9669872538403853,-0.9102521801369885,-0.1268037870639132,-0.13030320582162105,-0.03094431808951592,0.017475443260197503,-0.09525576990638543,-0.010778640086251406,-1.3995036603699809,-1.224643829094236,0.5062914761484365,1.196390117756203
-0.8293204137456293,-0.7350759059522849,0.3103087220540768,1.0344178713933387,1.046361598813251,-0.10181851400043532,-0.10763691947804607,-0.015554123510825925,0.03519281104950215,-0.09525576990638543,0.008578917619669514,-0.7470759760291702,-0.788074398128064,0.5043520596498726,0.31096035319493404
-1.7564331670390831,-0.5988518608752275,0.6598062223423441,-0.8941063751961585,-0.8195125160517135,-0.12055746879804374,-0.12618206285006198,-0.02814610089339047,0.015260772286534382,-0.09525576990638543,-0.010778640086251406,-1.443615212871082,-0.7035161317251767,0.5072611843977184,1.27862081670784
-0.10823271673960912,-0.8031879284908124,0.6598062223423441,0.29859398397692194,0.2762515477237942,-0.15178906012739105,-0.21478663673858256,-0.03094431808951592,0.013046101312871339,-0.09525576990638543,-0.0059392506597711866,0.5722975888039064,-0.7901658805255312,0.5072611843977184,-0.346846910031681
-0.9323329418893461,-0.8031879284908119,0.4268078888168339,0.9389528393580464,0.9642400738526787,-0.0976543018231891,-0.10351577650648691,-0.009957689118574975,0.04183682397049151,-0.09525576990638543,0.010998612332909623,-0.8515253002594753,-0.8897681431207292,0.5053217678991546,0.786597688466857
-1.7564331670390831,-1.0756360186449268,0.7763053891051012,-0.30225980813785275,-0.20122690117052824,-0.10181851400043532,-0.10351577650648691,-0.02394877509920227,0.032978140075839185,-0.09525576990638543,-0.008358945373011297,-1.5440915269013729,-1.2205525959834007,0.5082308926470003,1.3245227292569617
-0.005220188595892209,-0.32640377072111365,0.6598062223423441,0.1493993695352935,0.1326485547172045,-0.21217013669746246,-0.15915120662253474,-0.08830777061008785,-0.026817976213064313,-0.09525576990638543,-0.0059392506597711866,0.6408041665518313,0.028686170756751294,0.5072611843977184,-0.46040385593220107
-1.035345470033063,-0.8372439397600765,0.543307055579591,1.058602664710922,1.1298841288730455,-0.09349008964594281,-0.09733406204914832,-0.012755906314700425,0.03962215299682839,-0.09525576990638543,0.008578917619669514,-0.9551206129514592,-0.9249747634781046,0.5062914761484365,1.21897287687128
-1.653420638895368,-1.0756360186449256,0.6598062223423441,-0.6629054847156245,-0.5938705081441283,-0.12055746879804374,-0.12000034839272332,-0.03094431808951597,0.017475443260197503,-0.09525576990638543,-0.013198334799491515,-1.3666799125492943,-1.1863733704879387,0.5072611843977184,1.2135620503968996
-1.035345470033063,-0.8372439397600772,0.5433070555795869,0.2856209943263939,0.26439000715655614,-0.12055746879804374,-0.1220609198785029,-0.02954520949145322,0.013046101312871339,-0.09525576990638543,-0.0010998612332909672,-0.7820533181638827,-0.8408017701484359,0.5062914761484364,0.16816183313121189
-0.7263078856019142,-0.7691319172215484,0.5433070555795869,0.8697669702954325,0.8783551498031655,-0.1059827261776816,-0.11381863393538466,-0.023948775099202322,0.021904785207523664,-0.09525576990638543,-0.0059392506597711866,-0.6522806952755384,-0.7984584247681228,0.5062914761484364,0.5767962558503075
-1.756433167039087,-1.1778040524527185,0.6598062223423441,-0.7346635263964741,-0.6731200962524677,-0.12263957488666692,-0.12618206285006198,-0.03094431808951597,0.013046101312871339,-0.09525576990638543,-0.0035195559465310768,-1.4240100784261498,-1.2856637453572,0.5072611843977184,1.187062456382584
-0.21124524488332785,-0.5307398383366992,0.6598062223423441,-0.6509205937235388,-0.6837123158036227,-0.1705280149249994,-0.23539235159637806,-0.06032559864883326,-0.09768744737028315,-0.09525576990638543,-0.013198334799491515,0.5919769851217379,-0.10964520886524196,0.5072611843977184,-0.48946194313884883
-1.2413705263204986,-0.9734679848371334,0.543307055579591,0.27032333612320775,0.2913393563076725,-0.11431115053217433,-0.11793977690694382,-0.02254966650113957,0.026334127154849906,-0.09525576990638543,0.003739528193189295,-0.9962245596002158,-1.0467944399621936,0.5062914761484365,1.1416514733794423
-1.7564331670390831,-1.1096920299141904,0.6598062223423441,-1.7397220593606244,-1.6976289929775072,-0.13513221141840587,-0.13854549176473932,-0.039338969677892265,-0.00024192452910714611,0.5435101926877155,-0.013198334799491559,-1.3431388988407917,-1.1874007653498533,0.5072611843977184,1.1345329949627332
-0.005220188595894039,-0.4966838270674352,0.5433070555795869,-0.31153000577181245,-0.34668998631378656,-0.16428169665912992,-0.22715006565325993,-0.05752738145270781,-0.0976874473702831,0.529623976109583,-0.013198334799491515,0.6790119001575837,-0.08324483018141622,0.5062914761484364,-0.5950117955245323
-1.035345470033063,-0.8712999510293412,0.5433070555795869,0.4565629677723052,0.47080678934458997,-0.10806483226630487,-0.11381863393538473,-0.018352340706951322,0.030763469102176068,0.529623976109583,0.006159222906429448,-0.8609194271810063,-0.9324784152374411,0.5062914761484364,1.0245639611656456
-1.653420638895368,-1.0756360186449256,0.7763053891051012,-1.0957949693201037,-1.040478971730718,-0.12680378706391313,-0.12618206285006198,-0.02954520949145322,0.019690114233860623,-0.09525576990638543,0.0013198334799491853,-1.2991016082125875,-1.1952346511719472,0.5082308926470003,1.1924447404415013
0.509842452122696,-0.3604597819903783,1.0093037226306114,0.6685083988383128,0.7238060240444822,-0.08932587746869644,-0.10145520502070741,-0.019751449305014074,0.028548798128512947,-0.09525576990638543,-0.0010998612332909672,-0.06308699570693097,-0.44422735344962994,0.5101703091455642,0.892259264021641
0.09779233954782836,-0.5307398383366992,0.8928045558678542,-0.9757629015967162,-0.9007279510206735,-0.11639325662079744,-0.12618206285006198,-0.03094431808951597,0.015260772286534382,-0.09525576990638543,-0.008358945373011297,-0.3430542565304293,-0.645413283016576,0.5092006008962822,1.2646293246474114
0.612854980266411,-0.32640377072111426,1.0093037226306114,0.5919564007606304,0.6486359889389345,7.8664014871603705,7.870895873460368,5.089793150820075,7.810902599580607,0.5388814538283383,-6.805281394864504,0.0415851141420659,-0.40935096715501346,0.5101703091455642,0.8981504185734006
-1.3443830544642157,-1.1096920299141904,0.8928045558678542,-1.543233554152183,-1.4992117653052617,-0.13305010532978262,-0.1426666347362984,7.286393649778558,0.008616759365545177,-0.09525576990638543,-0.003519555946531034,-1.1929071299691907,-1.2143698804750962,0.5092006008962822,1.1482790222501693
0.4068299239789754,-0.39451579325964176,0.8928045558678542,-0.7109406092765922,-0.7335639022347955,-0.1663638027477531,-0.23951349456793722,5.576682942945904,-0.03789133108137976,-0.09525576990638543,-0.010778640086251406,0.7997245745524377,-0.015271652263712082,0.5092006008962822,-0.3240186861436153
-0.5202828293144767,-0.8031879284908124,1.3588012229188746,0.9621581366011931,1.0265699496841392,-0.08932587746869644,-0.10145520502070741,7.254214152023117,0.032978140075839185,-0.09525576990638543,-0.0010998612332909672,-0.7364936591412784,-0.8964829023968109,0.5130794338934098,1.2197092711902484
-1.4473955826079343,-1.0756360186449256,0.8928045558678583,-1.1583075236642006,-1.1007145996911116,-0.12055746879804374,-0.13236377730740065,-0.03374253528564137,0.013046101312871339,-0.09525576990638543,-0.0059392506597711866,-1.297913418246228,-1.1838415760067935,0.5092006008962822,1.280561700959388
-0.6232953574581954,-0.8712999510293405,0.543307055579591,0.8121359695580774,0.8746191719693218,-0.09140798355731962,-0.10145520502070741,-0.018352340706951322,0.03297814007583911,-0.09062703104700814,0.003739528193189295,-0.8138002688275561,-0.9787111840235706,0.5062914761484365,1.3107767019695256
-1.1383579981767817,-1.041580007375662,0.7763053891051012,-0.5825549530809809,-0.49262123813698816,-0.10181851400043539,-0.11175806244960515,-0.02394877509920227,0.030763469102175988,-0.09525576990638543,0.0013198334799491853,-1.1713711868289216,-1.1906297206301546,0.5082308926470003,1.4062624986626198
-0.7263078856019124,-0.8372439397600765,0.7763053891051012,0.5218865962162068,0.5145030545847264,-0.10806483226630478,-0.11381863393538473,-0.02674699229532772,0.02190478520752374,-0.09525576990638543,-0.008358945373011297,-0.7208986658328087,-0.8555889176252692,0.5082308926470003,0.0409874312924562
-0.31425777302704294,-0.7350759059522837,0.6598062223423441,1.6494060286330388,1.7339397327689559,-0.07266902875971121,-0.07878891867713242,-0.007159471922449526,0.04848083689148079,-0.09525576990638543,0.006159222906429404,-0.6098029039781785,-0.821629848171647,0.5072611843977184,0.3274448213717413
-1.1383579981767817,-1.041580007375662,0.776305389105097,-1.300039809296845,-1.2450939355253035,-0.1247216809752901,-0.13236377730740057,-0.03374253528564137,0.01083143033920822,-0.09525576990638543,-0.013198334799491559,-1.0889405079127197,-1.158193397132584,0.5082308926470003,1.2764116337509297
-0.5202828293144786,-0.8372439397600765,0.543307055579591,0.7524105991656272,0.8234952768927649,-0.08932587746869644,-0.09939463353492783,-0.014155014912763175,0.03962215299682839,-0.09525576990638543,0.006159222906429404,-0.7204530945954243,-0.9488616940176048,0.5062914761484365,1.3885808800314952
-1.0353454700330667,-1.0075239961063975,0.7763053891051012,-0.8866446855884619,-0.8122667589572165,-0.11014693835492798,-0.1200003483927234,-0.02814610089339047,0.028548798128512947,-0.09525576990638543,0.0013198334799491424,-1.0909455784809523,-1.1593308700154168,0.5082308926470003,1.3856434577314625
-0.5202828293144786,-0.8372439397600765,0.7763053891051012,1.0268606211930147,1.1288896707059626,-0.08307955920282704,-0.09321291907758918,-0.008558580520512275,0.04848083689148079,-0.09525576990638543,0.008578917619669514,-0.7505291531189037,-0.9670612601429387,0.5082308926470003,1.422954103225937
-1.1383579981767817,-1.1096920299141904,0.776305389105097,-0.5920154517511459,-0.49889042265619393,-0.1039006200890585,-0.11381863393538466,-0.02254966650113952,0.028548798128512947,-0.09525576990638543,-0.0035195559465310768,-1.1691433306419976,-1.2580341621064413,0.5082308926470003,1.384416133866513
-0.8293204137456293,-0.9734679848371328,0.6598062223423441,-0.01944027087280384,0.004971802625042898,-0.10598272617768169,-0.11381863393538473,-0.02534788369726502,0.02190478520752374,-0.09525576990638543,-0.003519555946531034,-0.8402003646426097,-1.0371075741212898,0.5072611843977184,1.2530924803168837
-1.2413705263204968,-1.1096920299141904,0.7763053891051012,-1.1150106118210343,-1.0486628143603924,-0.12055746879804374,-0.12824263433584157,-0.03234342668757867,0.017475443260197503,-0.09525576990638543,-0.0035195559465310768,-1.1683635809765731,-1.2464759699099088,0.5082308926470003,1.280339070118769
-0.41727030117076164,-0.8712999510293405,1.1258028893933645,1.1339681187634756,1.2382806106372684,-0.08099745311420378,-0.09115234759180967,-0.015554123510825925,0.04183682397049143,-0.09062703104700814,0.013418307046149776,-0.6693237951055099,-0.9763995455842641,0.5111400173948459,1.3527511781508075
-1.0353454700330667,-1.0075239961063975,0.6598062223423441,-0.7935766317515855,-0.7099920095347757,-0.10806483226630478,-0.11793977690694382,-0.02814610089339047,0.026334127154849826,-0.09525576990638543,0.006159222906429404,-1.1062806552342823,-1.1568724608815513,0.5072611843977184,1.4035623861597302
-0.5202828293144786,-0.8372439397600765,1.0093037226306114,0.895751488107508,1.0019664193346254,-0.08724377138007326,-0.09321291907758925,-0.012755906314700425,0.04183682397049151,-0.09525576990638543,0.003739528193189295,-0.7224581651636561,-0.945449275369105,0.5101703091455642,1.373861148627945
-1.035345470033063,-1.0756360186449268,0.8928045558678542,-0.24851189567895235,-0.12427365364315374,-0.09349008964594273,-0.0993946335349279,-0.016953232108888674,0.03740748202316527,-0.09525576990638543,-0.0010998612332909672,-1.1522858854942688,-1.2420728490731352,0.5092006008962822,1.4283543282317164
-0.5202828293144767,-0.9053559622986058,0.7763053891051012,1.159761515390295,1.2722421465136513,-0.08516166529145015,-0.08909177610603009,-0.011356797716637725,0.04405149494415455,-0.09525576990638543,0.003739528193189295,-0.7405038002777424,-1.0236780555691294,0.5082308926470003,1.3679699940761856
-1.035345470033063,-1.0756360186449268,0.8928045558678542,-0.6479422885866358,-0.5532400571254594,-0.09973640791181221,-0.10969749096382565,-0.021150557903076822,0.030763469102175988,-0.09525576990638543,0.003739528193189295,-1.1194250067371336,-1.2281479794268366,0.5092006008962822,1.39742576683498
-0.3142577730270448,-0.8372439397600772,0.776305389105097,1.3368432569125503,1.4669202588396149,-0.0705869226710881,-0.07672834719135277,-0.008558580520512275,0.05512484981247,-0.09525576990638543,0.0013198334799491424,-0.6561423126662069,-0.971611151674273,0.5082308926470003,1.4070241734067142
-0.932332941889348,-1.0756360186449256,0.7763053891051012,-0.3523255952921641,-0.2283222278205607,-0.09557219573456592,-0.10145520502070733,-0.018352340706951374,0.035192811049502226,-0.09062703104700814,-0.0010998612332909243,-1.066884731662168,-1.2306797739079802,0.5082308926470003,1.4079807520735497
-0.31425777302704294,-0.7691319172215484,0.776305389105097,0.991415604710775,1.0913224579132035,-0.08516166529145007,-0.0911523475918096,-0.011356797716637675,0.046266165917817674,-0.09525576990638543,0.0013198334799491853,-0.6040104778921749,-0.8942263029679637,0.5082308926470003,1.3944801895591006
-1.2413705263204968,-1.1437480411834537,0.7763053891051012,-1.070901434940529,-1.0017837318656446,-0.11222904444355115,-0.12000034839272332,-0.02814610089339047,0.019690114233860623,-0.09525576990638543,-0.0059392506597711866,-1.206868362073916,-1.2799580346062125,0.5082308926470003,1.310531237196535
-0.41727030117076164,-0.9053559622986053,0.6598062223423441,0.6900015687968772,0.7782981245736902,-0.08307955920282696,-0.0870312046202505,-0.005760363324386776,0.055124849812470074,-0.09062703104700814,0.006159222906429404,-0.671291734737293,-1.0459872011421185,0.5072611843977184,1.3954620486510614
-0.932332941889348,-1.041580007375662,0.8928045558678583,-0.2547661936017767,-0.12726218778000667,-0.09140798355731955,-0.09527349056336874,-0.02254966650113957,0.035192811049502226,-0.09525576990638543,-0.013198334799491515,-1.1314925610829758,-1.215580738705209,0.5092006008962822,1.4612466078123714
-0.3142577730270448,-0.8372439397600772,0.776305389105097,1.191304474340229,1.306407845285974,-0.0768332409369575,-0.08084949016291185,-0.014155014912763175,0.04183682397049151,-0.09525576990638543,-0.0010998612332909672,-0.6271801822361899,-0.9511366397832723,0.5082308926470003,1.3625697690704064
-1.035345470033063,-1.0756360186449256,0.8928045558678542,-0.7345679658038456,-0.6477267876900072,-0.10806483226630478,-0.11381863393538466,-0.02534788369726502,0.030763469102176068,-0.09525576990638543,-0.0059392506597711866,-1.0690383259761937,-1.218020801502254,0.5092006008962822,1.3480873474639992
-0.31425777302704294,-0.9053559622986053,0.7763053891051012,0.37007266806131806,0.44153603745978476,-0.09140798355731955,-0.09527349056336874,-0.015554123510825874,0.04183682397049151,-0.09525576990638543,-0.0059392506597711866,-0.5789099648528266,-1.0342455455773873,0.5082308926470003,1.339250615636361
-1.1383579981767817,-1.1096920299141904,0.7763053891051012,-1.258845230491492,-1.1940979589727085,-0.11847536270942055,-0.12412149136428241,-0.02814610089339047,0.019690114233860544,-0.09525576990638543,-0.008358945373011297,-1.1045355012211897,-1.2439074827551235,0.5082308926470003,1.2975216042280673
-0.21124524488332785,-0.8372439397600772,0.5433070555795869,0.5091292571003799,0.5756210309806237,-0.09140798355731962,-0.09733406204914832,-0.012755906314700425,0.04183682397049143,-0.09525576990638543,-0.0010998612332909672,-0.4628015265776182,-0.9465867482519389,0.5062914761484364,1.286475689443519
-0.8293204137456329,-1.0075239961063975,0.776305389105097,-0.5171755809580454,-0.40944128420663495,-0.09973640791181221,-0.10351577650648691,-0.021150557903076822,0.035192811049502226,-0.09062703104700814,-0.0035195559465310768,-0.9968186545833968,-1.1740813248186106,0.5082308926470003,1.3922710066021922
-0.21124524488332602,-0.8031879284908124,0.7763053891051012,1.0749275992848577,1.1932031975440647,-0.08307955920282704,-0.0829100616486915,-0.014155014912763175,0.04405149494415455,-0.09525576990638543,-0.0035195559465310768,-0.5252928926208464,-0.9199845598630937,0.5082308926470003,1.3652698815732967
-1.0353454700330667,-1.1096920299141904,0.8928045558678542,-1.3015448886307346,-1.2338053113428915,-0.12055746879804374,-0.12206091987850283,-0.03094431808951597,0.019690114233860544,-0.09062703104700814,-0.01077864008625145,-1.0252238209666833,-1.245191726332516,0.5092006008962822,1.2916304496763085
-0.2112452448833242,-0.8372439397600772,0.5433070555795869,0.733202920047415,0.8013727471636471,-0.09140798355731962,-0.09115234759180967,-0.015554123510825925,0.04183682397049151,-0.09525576990638543,-0.0010998612332909243,-0.4646952043365018,-0.9340745465407716,0.5062914761484364,1.2717478030641205
-0.8293204137456329,-1.041580007375662,0.6598062223423441,-0.9006841293220464,-0.8118203935493729,-0.1039006200890585,-0.11175806244960508,-0.02394877509920227,0.03297814007583911,-0.09062703104700814,-0.0010998612332909243,-0.9608387771645684,-1.204352780571435,0.5072611843977184,1.3685065914869072
-0.21124524488332602,-0.8372439397600765,0.5433070555795869,1.0606890709832977,1.1799078727834136,-0.08516166529145007,-0.08909177610603015,-0.011356797716637725,0.04405149494415455,-0.09062703104700814,0.003739528193189295,-0.49878140399644616,-0.9579614770802718,0.5062914761484364,1.3762619735172552
-0.8293204137456329,-1.041580007375662,0.776305389105097,-0.847042783326908,-0.7571107150433335,-0.11014693835492798,-0.11587920542116424,-0.02814610089339047,0.024119456181186785,-0.09525576990638543,-0.003519555946531034,-0.990469264450663,-1.1981150260526712,0.5082308926470003,1.3576604736106066
-0.10823271673960912,-0.7691319172215484,0.543307055579591,1.1295802948853098,1.2636326830630207,-0.08099745311420385,-0.0870312046202505,-0.011356797716637725,0.048480836891480715,-0.09525576990638543,0.0013198334799491424,-0.4562293508261904,-0.8986294238047381,0.5062914761484365,1.4001258793378706
-0.932332941889348,-1.1437480411834549,0.6598062223423441,-1.1591914591460086,-1.0896354131093986,-0.11847536270942055,-0.12206091987850283,-0.025347883697264973,0.021904785207523664,-0.09525576990638543,-0.0059392506597711866,-0.9333618841924997,-1.2799580346062138,0.5072611843977184,1.2400828473484167
-0.21124524488332785,-0.9053559622986058,0.6598062223423441,0.6113631644468172,0.7046101375486906,-0.08099745311420385,-0.08497063313447101,-0.008558580520512275,0.05069550786514383,-0.09062703104700814,0.0013198334799491853,-0.5120371483086478,-1.0436388700291728,0.5072611843977184,1.3247681940299532
-0.7263078856019105,-1.1096920299141904,0.6598062223423441,-0.6886909179597246,-0.582263175426211,-0.10598272617768169,-0.11175806244960515,-0.019751449305014074,0.03297814007583911,-0.09062703104700814,-0.005939250659771143,-0.8747692664763856,-1.277297815767329,0.5072611843977184,1.3532730966050053
-0.005220188595892209,-0.8031879284908124,0.6598062223423441,0.8119448483728212,0.9277401470538843,-0.08099745311420385,-0.0829100616486915,-0.005760363324386776,0.059554191759796156,-0.09525576990638543,0.003739528193189295,-0.378068729601593,-0.9535583562434977,0.5072611843977184,1.4079432391846536
-0.7263078856019142,-1.0756360186449256,0.776305389105097,-0.5410577657323073,-0.4272336756437054,-0.09973640791181221,-0.10145520502070741,-0.019751449305014122,0.03740748202316527,-0.09525576990638543,-0.013198334799491559,-0.893483258446553,-1.248402335275997,0.5082308926470003,1.37143341231834
-0.005220188595890379,-0.803187928490813,0.776305389105097,0.6595416298967265,0.7453460782483736,-0.08516166529145007,-0.08909177610603009,-0.011356797716637675,0.048480836891480715,-0.09525576990638543,-0.0010998612332909243,-0.3234862530219442,-0.926699319139175,0.5082308926470003,1.3070947303746754
-0.6232953574581954,-1.041580007375662,0.7763053891051012,-0.725696757454887,-0.6237994075700803,-0.1039006200890585,-0.10969749096382558,-0.021150557903076822,0.035192811049502226,-0.09062703104700814,-0.003519555946531034,-0.793378253780749,-1.2056003314751873,0.5082308926470003,1.3552058258807083
-0.10823271673960912,-0.9394119735678693,0.7763053891051012,0.11634336786875175,0.17709102986484834,-0.09140798355731962,-0.09321291907758918,-0.02254966650113952,0.032978140075839185,-0.09525576990638543,-0.013198334799491515,-0.4061025866203915,-1.0463174352048767,0.5082308926470003,1.2773934928428903
-0.6232953574581954,-1.0756360186449268,0.776305389105097,-0.8217510798113848,-0.7252244910240044,-0.10390062008905858,-0.10969749096382558,-0.021150557903076822,0.03740748202316527,-0.09062703104700814,-0.003519555946531034,-0.777040641743304,-1.2471364380354255,0.5082308926470003,1.3478704251064735
-0.005220188595892209,-0.8031879284908124,0.776305389105097,0.29313842761312403,0.3500348637989225,-0.09765430182318903,-0.09527349056336874,-0.02254966650113957,0.028548798128512947,-0.09062703104700814,-0.013198334799491559,-0.26344552878433275,-0.8696238652924875,0.5082308926470003,1.197371976848163
-0.5202828293144803,-1.1096920299141904,0.776305389105097,-0.6628019607402768,-0.5595722137039866,-0.10181851400043532,-0.10557634799226649,-0.019751449305014122,0.035192811049502226,-0.09062703104700814,-0.010778640086251406,-0.7184480240271937,-1.277297815767329,0.5082308926470003,1.3390051508633714
-0.005220188595890379,-0.8712999510293405,0.7763053891051012,1.3989496787379778,1.5668236614732063,-0.06642271049384173,-0.0684860612482346,-0.00016392893213587804,0.0639835337071224,-0.09525576990638543,0.008578917619669514,-0.39444347257548634,-1.0307230489079673,0.5082308926470003,1.3765612611308347
-1.3443830544642192,-1.1437480411834549,0.776305389105097,-0.6622126704190721,-0.5668855324527056,-0.1059827261776816,-0.11175806244960515,-0.02254966650113957,0.03297814007583911,-0.09062703104700814,-0.008358945373011297,-1.3218257413192185,-1.3216409118610106,0.5082308926470003,1.3961984429700314
-0.8293204137456293,-0.973467984837134,1.0093037226306114,1.4562860343147306,1.6526497605371588,-0.058094286139349145,-0.062304346790896005,0.0026342882639895713,0.06619820468078552,-0.09525576990638543,0.006159222906429448,-1.0878265798192568,-1.1569825389024715,0.5101703091455642,1.5091122385454137
-1.3443830544642157,-1.0756360186449256,1.2423020561561218,-0.7623203545795371,-0.6621318260613359,-0.10181851400043539,-0.11381863393538466,-0.02394877509920227,0.03519281104950215,-0.09062703104700814,-0.0059392506597711866,-1.3356384496781464,-1.2370092601108433,0.5121097256441279,1.4197973120756235
-0.41727030117076164,-0.7691319172215484,1.3588012229188788,1.5474588030644871,1.7331957871643633,-0.06434060440521862,-0.06642548976245509,-0.0029621461282613275,0.0639835337071224,-0.09525576990638543,0.0013198334799491853,-0.7539451992721876,-0.9173426873610294,0.5130794338934098,1.5044484078586036
-1.2413705263204968,-1.1096920299141904,1.3588012229188788,-0.4389194189784987,-0.3072269721027289,-0.09349008964594273,-0.09939463353492783,-0.012755906314700425,0.04183682397049151,-0.09525576990638543,-0.0035195559465310768,-1.333707640982811,-1.308119661624749,0.5130794338934098,1.4629648612233002
-0.5202828293144803,-0.8372439397600772,1.3588012229188746,1.295210692057651,1.4695343108038503,-0.06434060440521862,-0.06848606124823467,0.004033396862052321,0.0706275466281116,-0.09062703104700814,0.003739528193189295,-0.8247167641434875,-1.0148351212219404,0.5130794338934098,1.5191762942380014
-1.2413705263204968,-1.1096920299141904,1.2423020561561218,-0.3520389135142802,-0.21884041311558974,-0.09973640791181221,-0.10351577650648691,-0.016953232108888622,0.03740748202316527,-0.09525576990638543,-0.005939250659771143,-1.349562550846424,-1.290140251541254,0.5121097256441279,1.478429141921668
-0.41727030117076164,-0.8712999510293405,1.3588012229188746,0.9046226964564675,1.0378470221358664,-0.0768332409369575,-0.07672834719135284,-0.009957689118574975,0.048480836891480715,-0.09525576990638543,-0.01077864008625145,-0.7086825877411742,-0.9972042915380226,0.5130794338934098,1.3723883599900042
-1.0353454700330667,-1.0075239961063975,1.3588012229188788,-0.09660544941985043,0.06355513142870226,-0.08724377138007333,-0.09527349056336874,-0.016953232108888674,0.04183682397049151,-0.09062703104700814,-0.008358945373011297,-1.2399148955132975,-1.1863733704879391,0.5130794338934098,1.5083758442264428
-0.4172703011707598,-0.8372439397600772,1.2423020561561218,0.6601229568352136,0.7633651104269513,-0.09140798355731955,-0.09321291907758918,-0.015554123510825925,0.03962215299682839,-0.09062703104700814,-0.008358945373011297,-0.6417726402605433,-0.9465867482519389,0.5121097256441279,1.333850390630581
2.158042902422172,-0.19017972564405736,0.7763053891051012,1.7210873466930083,1.7439193804677455,-0.2246627732292014,-0.22921063713903947,-0.02954520949145317,-0.05339402789702133,-0.09062703104700814,-0.013198334799491559,2.0103044955907077,0.0769003439194295,0.5082308926470003,-0.7953110502843408
2.15804290242217,-0.05395568056700047,0.6598062223423441,1.501624059037534,1.5088181730727837,-0.23090909149507088,-0.231271208624819,-0.06872025023720961,0.0041874174182189375,-0.09062703104700814,-0.013198334799491515,2.01758215913466,0.19604145522781466,0.5072611843977184,-0.7221625479333323
2.261055430565889,0.048212353240792344,-0.7381837788107211,1.5512539766559799,1.4426609209999135,-0.2475659402040561,-0.2580586379399531,-0.039338969677892265,-0.06668205373899985,-0.0443396424532327,-0.01077864008625145,2.0906558420657806,0.29417601087742196,0.4956246854063356,-0.84916402079093
-0.8293204137456293,-1.007523996106398,-0.5051854452852109,1.3109542996931023,1.3462882180079234,8.032969974250225,8.241798740900686,5.466153363698948,8.27155416210253,1.5757189583289077,-6.70123452219518,-0.8105698773565152,-1.085578595999448,0.49756410190489936,1.2665930428313326
0.30381739583526035,-0.9394119735678693,-0.3886862785224558,0.7109134118169533,0.5935972792370502,6.548428333061915,5.598085524645526,4.90790903307192,7.299313604664434,1.635892563500816,-6.379415125334243,0.8260504084945953,-0.8674406512109205,0.49853381015418125,0.16740178938228584
0.4068299239789772,-0.22423573691332083,-0.03918877823418849,-0.10554036483055966,-0.20432234105609276,6.2173734649708345,5.338453517437302,3.4710245028614963,6.282779627753075,1.5988626526257954,-6.210036495407436,0.9166870243659694,0.1479190137492356,0.501442934902027,-0.5132043398193464
1.4369552054161498,-0.5307398383366987,-0.27218711175970073,0.2647648949853496,0.1356993469965075,4.441336971375284,4.705858071302981,4.366454005621643,5.206449534552815,1.5988626526257954,-6.229394053113355,1.8663107240424937,-0.0707509748070686,0.4995035184034632,-0.967381856150303
0.2008048676915416,-0.3604597819903783,-0.3886862785224558,0.1433153451379822,0.036002288315477866,-0.1705280149249994,-0.2271500656532599,-0.0995006393945897,-0.04010600205504284,-0.03971090359385476,-0.010778640086251406,0.7893279123467907,0.040996562762898904,0.49853381015418125,-0.45558780446623487
0.4068299239789772,-0.5307398383366987,-0.5051854452852109,0.4435428370267509,0.3262544744630763,-0.2246627732292014,-0.16945406405143254,-0.06032559864883321,-0.09768744737028315,-0.03971090359385476,-0.010778640086251406,0.8882818579826834,-0.0795021774701575,0.49756410190489936,-0.5809387537056354
0.4068299239789772,-0.3604597819903777,-0.621684612047966,0.42720993907009563,0.311923084438672,-0.17261012101362258,-0.22921063713903939,-0.05892649005077051,-0.09547277639661998,-0.035082164734477485,-0.010778640086251406,0.88661096584249,0.023384079415802044,0.4965943936556174,-0.4366870169460075
1.5399677335598667,-0.19017972564405736,-0.621684612047966,0.2219537494880418,0.11608644497858271,-0.2704691071789108,-0.26836149536885084,-0.10089974799265243,-0.04232067302870588,-0.03971090359385476,-0.010778640086251406,1.87967786116404,0.16762297949380026,0.4965943936556174,-0.9499538572680154
1.6429802617035838,-0.39451579325964176,-0.8546829455734782,0.4870388334378928,0.3683587785693505,-0.2683870010902876,-0.2601192094257327,-0.05752738145270781,-0.09547277639662002,-0.035082164734477485,-0.010778640086251406,1.9211159862408334,0.01529334487822952,0.49465497715705364,-0.9320349288397486
3.188168183859343,-0.3604597819903783,-0.15568794499694358,-0.18885327483666867,-0.27530713152940667,-0.2912901680651423,-0.2869066387408668,-0.06032559864883321,-0.10876080223859859,-0.03971090359385476,-0.010778640086251406,2.4094620624146614,0.046280307767028274,0.5004732266527451,-0.9143614651844711
1.4369552054161498,-0.3604597819903777,-0.5051854452852109,0.3580320333902006,0.2360518851654721,-0.2642227889130413,-0.26424035239729177,-0.09390420500233876,-0.033461989134053516,-0.03971090359385476,-0.010778640086251406,1.83901948575267,0.03219032108935079,0.49756410190489936,-0.9268801686069595
2.776118071284475,0.014156341971527668,-0.15568794499694358,-0.15551059139224338,-0.23625614709775136,-0.2787975315334034,-0.21066549376702345,-0.5668029111475413,-0.11097547321226167,-0.03971090359385476,-0.008358945373011297,1.9831989119831277,0.2985240927037364,0.5004732266527451,-0.47473405675945113
0.30381739583526035,-0.32640377072111426,-0.039188778234190556,-0.36354600154322647,-0.46020226324300073,-0.17677433319086894,-0.2374529230821576,-0.5765966713339804,-0.04675001497603208,-0.035082164734477485,-0.0035195559465310768,0.8772911007938566,0.07869828492777906,0.501442934902027,-0.6075304989470206
1.4369552054161498,-0.4626278157981705,-0.27218711175970073,-0.34911635205640934,-0.45600915859968455,-0.2787975315334034,-0.27660378131196905,-0.5654038025494786,-0.11097547321226167,-0.035082164734477485,-0.013198334799491559,1.8676103068181995,-0.024169625621360415,0.4995035184034632,-1.1477984642979244
0.30381739583526035,-0.9394119735678693,-0.03918877823418849,0.04955447700455423,-0.06401942039032674,-0.23715540976094035,-0.1797569214803303,-0.558408259559165,-0.006885937450096428,-0.03971090359385476,-0.013198334799491515,0.8516707546442261,-0.8459754371316452,0.501442934902027,-0.1755124984846892
1.6429802617035856,-0.4966838270674346,-0.621684612047966,0.3219021659941268,0.2078229573823925,-0.26005857673579497,-0.2663009238830713,-0.5570091509611024,-0.09547277639662002,-0.035082164734477485,-0.0035195559465310768,1.9198906653380257,-0.058440582800920356,0.4965943936556174,-0.9393988720294466
1.5399677335598687,-0.29234775945184954,-0.3886862785224558,-0.10782585567091067,-0.21584162882590552,-0.26838700109028757,-0.27248263834041,-0.5458162821766004,-0.044535344002369,-0.035082164734477485,-0.010778640086251406,1.891039927717355,0.09640249995897592,0.49853381015418125,-0.9691001095612325
1.5399677335598687,-0.5307398383366987,-0.8546829455734782,0.4174627586220472,0.291885985369579,-0.26214068282441816,-0.26424035239729177,-0.5332243047940359,-0.09325810542295694,-0.035082164734477485,0.0013198334799491424,1.8847276685210692,-0.0931151593905182,0.49465497715705364,-0.9425899140783165
1.333942677272433,-0.46262781579817114,-0.621684612047968,0.26953496123402715,0.14721598278596368,-0.27046910717891076,-0.2663009238830713,-0.5290269789998476,-0.04232067302870588,-0.035082164734477485,-0.010778640086251406,1.8246498133470077,-0.020426972910102526,0.4965943936556174,-0.9649280239179885
1.5399677335598687,-0.4966838270674346,-0.9711821123362333,0.5440725804713235,0.434511891319529,-0.2538122584699255,-0.2601192094257327,-0.5220314360095341,-0.08882876347563073,-0.035082164734477485,-0.013198334799491559,1.8708406982892405,-0.07275072552043678,0.49368526890777176,-0.6310951171540564
0.612854980266411,-0.05395568056699987,-0.27218711175970073,-0.43619594208860246,-0.5246892034291093,-0.18926696972260776,-0.2559980664541736,-0.5206323274114713,-0.1242634990542402,-0.035082164734477485,-0.008358945373011297,1.0267059890635855,0.2726007187772282,0.4995035184034632,-0.6135350076630498
0.30381739583526035,0.3547164546641702,-0.15568794499694563,-0.42415239721117515,-0.49996919358562664,-0.18302065145673835,-0.24775578051105543,-0.5416189563824122,-0.06889672471266294,-0.035082164734477485,-0.010778640086251406,0.8721670315639302,0.5568772078014693,0.5004732266527451,-0.31051812362916803
1.6429802617035838,-0.39451579325964237,-0.621684612047966,0.338824354271988,0.2116340053655048,-0.27046910717891076,-0.2663009238830713,-0.5276278704017849,-0.04232067302870588,-0.1646868527970486,-0.0059392506597711866,1.9174400235324085,0.013495403869879768,0.4965943936556174,-0.9462669926876585
4.939381162302536,-0.5647958496059633,0.19380955529132168,-0.9510525250196799,-0.996387568262527,-0.35999966898970637,-0.46411578651790797,-0.5220314360095341,-0.01574462134474883,-0.09525576990638543,-0.013198334799491515,2.9761544144953307,-0.4858368453571469,0.5033823514005907,-0.16618483711106996
0.2008048676915416,-1.0756360186449263,-0.039188778234190556,0.024485748205163565,-0.08276299362886633,-0.2434017280268098,-0.1838780644518893,-0.5206323274114713,-0.013529950371085711,-1.36815895623521,-0.008358945373011297,0.8137600685300617,-0.9521823809820057,0.501442934902027,-0.19441328600491659
1.333942677272433,-0.6669638834137561,-0.5051854452852109,-0.039229276929501906,-0.16197726050655978,-0.2683870010902876,-0.27042206685463044,-0.49824658984246767,-0.10654613126493542,-1.2709554401882819,-0.008358945373011297,1.827323240771317,-0.1532361051493078,0.49756410190489936,-1.23518392348235
1.1279176209849993,0.28660443212564146,-0.15568794499694358,-0.3495065578096407,-0.4190350621571947,-0.18926696972260776,-0.2621797809115122,-0.5094394586269695,-0.06225271179167365,-1.2570692236101486,-0.008358945373011297,1.2219404529110611,0.32707099279548996,0.5004732266527451,-0.1745983256922577
0.09779233954782653,-0.6669638834137556,-0.15568794499694563,-0.33307809926035736,-0.4332693234635242,-0.17885643927949196,-0.23539235159637806,-0.5038430242347185,-0.10433146029127238,-1.2478117458913942,-0.0059392506597711866,0.770873836931768,-0.16787648193158178,0.5004732266527451,-0.5942754012055622
1.333942677272433,-0.6669638834137556,-0.5051854452852109,-0.08462055842776435,-0.20498580128298158,-0.27255121326753395,-0.2745432098261895,-0.5094394586269695,-0.10211678931760934,-1.2246680515945065,-0.003519555946531034,1.8246498133470077,-0.16578499953411402,0.49756410190489936,-1.2263471916547113
0.2008048676915416,-0.7010198946830196,-0.3886862785224558,-0.039428361497476985,-0.152451940795013,-0.17469222710224575,-0.23333178011059855,-0.512237675823095,-0.10211678931760926,-1.206153096156996,-0.0010998612332909243,0.8102697605038803,-0.19592803092919805,0.49853381015418125,-0.7847552495481875
0.0977923395478247,-0.6669638834137556,0.07731038852856865,-0.6422484699425558,-0.7265294607764065,-0.24548383411543298,-0.19005977890922804,-0.06872025023720961,-0.11097547321226167,-1.178380663000731,-0.008358945373011297,0.7655269820831485,-0.17728815272018686,0.502412643151309,-0.34905609298859114
0.2008048676915416,-1.1096920299141904,0.07731038852856865,-0.42922798220948244,-0.5269498256481847,-0.2413196219381866,-0.18593863593766888,-0.5248296532056594,-0.01574462134474883,-1.1598657075632206,-0.0035195559465310768,0.825976146621697,-0.9703636007705199,0.502412643151309,-0.23442404400228067
1.2309301491287161,-0.5988518608752275,-0.15568794499694563,-0.7961647311352585,-0.8892583014240435,-0.28504384979927283,-0.28484606725508727,-0.4828563952637776,-0.06225271179167373,-1.1320932744069556,-0.005939250659771143,1.8099459625133067,-0.08597843436757988,0.5004732266527451,-1.1767633075107398
1.2309301491287161,-0.7350759059522843,-0.15568794499694563,-0.6218622101819324,-0.7107708773752665,-0.2808796376220265,-0.2827854957693077,-0.4940492640482795,-0.11319014418592471,-1.108949580110068,-0.0010998612332909672,1.7920859820814627,-0.21546687964238442,0.5004732266527451,-0.8844147628796963
0.0977923395478247,-0.6669638834137561,0.42680788881683185,-0.8157626160067013,-0.8974646314332063,-0.25173015238130236,-0.19418092188078703,-0.5136367844211576,-0.11319014418592471,4.033579292658383,0.0013198334799491853,0.8047372509730181,-0.16369351713664687,0.5053217678991546,-0.6428774262575738
1.2309301491287143,-0.6669638834137556,0.3103087220540768,-0.7821173240189544,-0.8700604920103194,-0.2829617437106497,-0.2869066387408668,-0.5136367844211576,-0.11540481515958786,4.033579292658383,-0.008358945373011297,1.8071982732160994,-0.1511446227518394,0.5043520596498726,-1.0034692552677507
1.333942677272433,-0.6669638834137556,0.31030872205407883,0.003964110938317555,-0.1173848389580137,-0.2683870010902876,-0.2745432098261895,-0.5024439156366558,-0.10433146029127242,4.024321814939629,0.006159222906429404,1.8206396722105438,-0.17101370552778355,0.5043520596498727,-1.2059736154965455
0.2008048676915416,-0.6669638834137556,0.6598062223423441,-0.6361883356934018,-0.7261455955535422,-0.24548383411543293,-0.18799920742344844,-0.5080403500289068,-0.10876080223859855,4.028950553799006,-0.0010998612332909672,0.817250376556243,-0.17833389391892085,0.5072611843977184,-0.6777334240221493
0.2008048676915416,-1.1096920299141904,0.6598062223423441,-0.7706659796690424,-0.8551863499343537,-0.2454838341154329,-0.19005977890922804,-0.05053183846239411,-0.01795929231841187,4.028950553799006,-0.010778640086251406,0.817250376556243,-0.972932087925305,0.5072611843977184,-0.22213857288901095
0.3038173958352585,1.274228758934303,-2.3691721134893005,0.11965613507985305,0.03192394463987345,-0.23715540976094027,-0.18593863593766888,-0.2562008023776154,-0.343515925446886,5.065788058299576,0.6159222906429392,0.8311744777245206,1.1884498528262841,-3.462293406718267,-0.603092561091169
3.0851556557156257,1.274228758934303,-3.4176646143541003,-1.1337962316551395,-1.1625022318425318,-0.45785865515499463,-0.3322392114280169,-0.27019188835824265,-0.37895066102549546,5.1722490520652595,0.33281800919384535,2.5927032337891935,1.1884498528262841,-4.866538697039494,-1.28654314586818
