0,1,2,3,4,5,6,7,8,9,10,11,12
-0.8880829118428145,2.6078251811447757,3.0410521242683237,2.323264860196227,5.073681392111541,1.6970245769385803,-0.05694568789077985,0.37576491988456956,0.3940514573447753,0.7766601856427897,1.0600777461070323,-0.7945484848764715,-0.06057273215744567
-0.6134465954227202,2.3513407242310382,1.561301815759829,1.5822713307637988,3.6993977118573818,0.6384406491818276,-0.5053581596049695,0.8430063570404283,-0.43726919704017436,-0.5400315158195851,-1.2363178608489644,0.4023770001438729,-0.0179597236055918
-0.5694965671039827,1.7186415503454726,1.200878114961264,1.956731408325489,3.6715539841458513,0.7085229155714506,-0.18846599644297446,0.5512884244782794,-0.11932319962012251,0.8187382354035146,-0.6975615889359873,0.8074157966794773,-0.005947591564040911
-0.4580153405549701,4.262777696901211,0.3487545145444151,1.9441536672610928,3.6435106633833096,0.5523090375934896,-0.04744402604078805,-0.08063945235461775,0.052277058979357215,0.3135393084654672,-0.16434581002214024,0.3448408722500429,0.0525217212906494
-0.6041752023224582,2.602165379903136,2.17482826503552,-0.7244965438310906,0.015011564579611579,-0.3943866984331244,-0.2879836426732933,0.23617775776070318,-0.1367389716132024,-0.5084712603091909,0.10421364863465403,-0.2734105788758824,0.09943930059641752
-0.24868136177129824,5.009889395743054,1.359619860467835,-1.1282118141780282,-1.8673290698234106,6.228130047313287,-0.679642096412822,-0.1912242918424471,-0.6073283904621639,-0.5344470520699665,0.13079695457434845,0.1332128790160581,1.0804083086943839
-0.26383714513660844,5.100209164657878,1.2291467833191274,-1.211543196364727,-1.7923988088918947,6.076021825394807,-0.6324000301806874,-0.2317578224941716,-0.5679450031335193,-0.5655261777220476,0.13534627882638522,0.21721749169609558,1.0429160811031961
-0.2891845586854908,4.806584351116398,0.5751430197685276,-0.22717138768954795,-2.217699276657586,5.949782280504306,-0.6444944141552326,0.07862034887782555,-0.2807304620561358,0.7887336332453762,0.4163048527674982,0.34195472200945776,0.9230825323842476
8.412586830086212,4.1922940460111215,1.3870299431633446,0.10547935765349384,-0.6032529602818115,-0.15441410647188267,7.200274620395174,4.263593170937125,4.713842994210012,-1.0593151125104894,-0.35440548974318087,0.00874250124269326,0.6545328892861442
-0.5765298207160531,2.1044329487788,1.6800467138606225,0.06851359660011964,-0.2735995412924873,-0.4610800838420321,-0.15899549796196769,0.21892536695893772,0.09877487273910898,0.7405831415870726,0.41419879321263947,-0.04939816795068163,0.10234282535946437
-0.5971210946632024,1.8015555399071013,1.821261340332929,-0.20317123031571827,-0.10680854373711199,-0.3543223560422675,-0.041399877079656686,0.09093459015858193,0.12612563072445618,0.7055919148775461,0.40001295948850407,-0.1335868206501706,0.05115879353448513
-0.6852842311572814,1.2543340944512953,2.0988167696077147,1.173629589878985,-0.7135833671192258,-0.5362597862271922,-0.38822665524836086,0.5695805752155318,0.12299032780026699,0.6069096697906539,0.88236260822164,-0.20853358929359478,-0.008351106125616589
-0.6753102100945116,1.6495060432292303,1.8976221334875294,1.3575585883331476,-0.8451515508431889,-0.6354310312892323,-0.4770193725561194,0.6789472316924793,0.11141347796371583,0.6360747897515183,0.8482559381208873,-0.17222887525678926,0.06844565260343609
-0.6777556327654869,1.3049830329218235,2.02688602328795,1.127952049731046,-0.695877119803014,-0.5289410652442813,-0.3672586955342196,0.5132359564216493,0.12587194156543724,0.591916304982685,0.8636595085106297,-0.18819258200033068,-0.026223754047928177
-0.6184069227350302,1.5864904288835355,1.9042321352316738,0.18231076707044944,-0.24771108621830384,-0.39897913887557784,-0.1832125183808373,0.31775521908643256,0.11380371166105574,0.6884454222837908,0.5736860561952916,-0.4962333426297913,-0.05441750244900253
-0.4979537555438739,2.6248233475243863,1.4967100305598589,-1.717396319627909,0.5391391053001128,-0.21471775491225317,0.26010976110695266,-0.2988055712073388,0.12018594680892063,0.8140798089188636,-0.16694794004396848,-0.11263770540377148,0.17832117828402175
-0.35845003752843524,3.725385332545369,0.5823232951757862,-1.6559863082807331,0.5037363060126147,-0.17159902958125062,0.5547660512435364,-1.1368774398855146,0.20737855996964774,0.2533443093742885,0.11040899492805067,-0.10766881932665884,-0.08941823403927658
-0.37269479630716573,3.3636845714800003,0.7192307920434244,-1.5094401833626276,0.47087483920903445,-0.13796554079236664,0.5698081102298513,-1.1482901631447344,0.2151530554319782,0.2397774097840316,0.19964213184301136,-0.13762364200336627,-0.1496475034757702
-0.4215374820564486,2.822294555175106,1.3025680696844593,-1.9277835262645318,0.6626342000184762,-0.19412334133063117,0.2981885844693061,-0.45055227095092554,0.09895966540481231,0.8975140827787869,-0.2089538578416193,-0.43085710107168174,-0.0011995320273178037
-0.46463979251583004,3.420278641450308,0.6291546947569797,-0.08427810654830512,-0.2401780621032496,-0.4454513431260646,0.17221718817561857,-0.5482288734318991,0.21367988326014947,0.3245500423010119,0.48799669114868843,-0.0629871878706384,-0.01932739341637783
-0.511185107379821,2.788040344912832,1.057257982203657,-0.05397321383203667,-0.1918040836100305,-0.34942751513403364,0.23750652888812135,-0.6346940527184788,0.2146798692787744,0.18272278163030428,0.6349979974163044,-0.027314671885292182,-0.11182956280562253
-0.44402739600352015,1.9897146043450236,1.8321909925064275,-2.269993572674796,0.8627583470408351,0.012504946306576158,0.5242669787190931,-0.7540440141888718,0.09827533065076688,0.7599633265768457,-0.17349534023923763,0.1423801273898241,0.013986462954550156
-0.586447258402371,1.6011525497256456,1.8731944996533232,-0.36417970507381914,0.002047920123627861,-0.29789290115074407,0.04139121823198436,-0.026992732560588758,0.12604072839284278,0.7659568763325765,0.39682958401783935,-0.18833715080999863,-0.04209242908397206
-0.41553535971725836,3.761088217742514,0.41486608935819136,-0.3255264027330633,-0.15957982289449768,-0.4552473616091869,0.20960211811107363,-0.624462205540632,0.20071326336610243,0.42230195540499404,0.36835466503255876,0.03125149327124386,0.02112257474843669
-0.4095103114366365,3.8253267483375226,0.3831136250331001,-0.3858184881157776,-0.13413133124486593,-0.450820560170096,0.20926891380913,-0.6352671487016643,0.19579229935078796,0.42047748677428043,0.34395732373137683,-0.01100986381255457,0.021324787260629145
-0.6345653401938112,1.3141809495057504,2.057558178299505,0.06340370012690559,-0.1808635941564925,-0.3245925390689851,-0.06747145138328571,0.12349373496491792,0.1377009363874337,0.6517003772306416,0.5655186630695441,-0.20609634295764104,-0.03894043879530205
-0.6041010126147658,1.7225335234835237,1.788099462304124,-0.07649589263032656,-0.14172779635679406,-0.3653706535742844,-0.0864193932067213,0.15844868542002855,0.12639908864734067,0.698613889162079,0.4703091325636158,-0.3602772877843028,-0.02199656349807368
-0.6009282843209723,1.8582112768320946,1.7464284705131718,-0.2529570731296152,-0.06818754695583404,-0.3325896738523267,-0.029377820930154758,0.050536468532284565,0.1349191692526274,0.7016606397110442,0.39928194848713544,-0.36120090009069755,-0.016551436311997927
-0.4698440756412776,3.59817467213824,0.5388908552844156,0.07563252644614735,-0.3209508869178695,-0.5000947446751302,0.11044471145194627,-0.4925630215747104,0.21991434247139638,0.329138331006547,0.5000538376551814,-0.18942489823938868,-0.0017465547203894
-0.48284229046428795,3.4361593330160916,0.6657860952372971,0.031228481812087587,-0.28646409401095524,-0.46559685871102907,0.1457880392947986,-0.5420770535157889,0.21674043114029257,0.264321930005348,0.5392237660441876,-0.11505390507692174,-0.009937865892268721
-0.5582317658500827,1.3336883352415767,1.2557067129429953,0.25749063139486583,-0.4259106020243531,-0.4272499993437096,-0.12117537228658537,0.24718726671315847,0.02810668613777086,0.8855322118615138,-0.02702410401107189,0.42553016378155545,0.0024539414897617037
-0.46204445359271107,3.5793644302494196,0.5258580663740614,-0.11241108457421774,-0.23664367464990446,-0.45680233265703957,0.16337378478836628,-0.5710156376789403,0.2134587937921214,0.3149156955644168,0.4931985066276161,-0.05610968347913995,-0.011798505502602774
-0.4808497185756292,4.257982949003909,0.941476931634943,-0.9011337010244931,0.04107562344380605,-0.38252714732083437,0.06377523576362401,-0.6261951460312475,-0.026209628384297187,-0.8512336685774006,0.10093347753517594,-0.42094636698168425,-0.010427844952148239
-0.5875803456253854,1.960745232722801,1.7805653754762847,-0.49409606049248844,0.010902618667711386,-0.3178431228454388,0.01453145000411568,0.010638934741957054,0.12408281375485898,0.7090892558076861,0.2761601851532846,-0.10920175794470567,0.0798687520153846
-0.46567292298026247,1.611441804365189,1.3925175254155189,-1.5253834450952182,0.3917606990646352,-0.1218102511254468,0.31559290388033867,-0.41011032630567024,-0.030529370042762485,0.6634169859903556,-0.626156578232668,0.4553745173481843,-0.00417549719353757
-0.34020284400867234,3.79292954711053,0.4670816994590388,-1.8124091379281677,0.5621421383255011,-0.16035676436780993,0.6472647424485487,-1.2720752733444205,0.21379665334752632,0.2885108994311716,0.019797242900251977,0.11046516368245615,-0.020533280236115777
-0.5133663703509341,1.1577478106572225,1.9248341737726762,-1.8541485134596118,0.4846128627038777,-0.019224719773032493,0.2695365179377745,-0.4233867565453287,-0.2434855888366078,-0.27507402682209303,-1.0300274897025565,0.5900921883163989,-0.10430658264148718
-0.31931096499844536,2.619531342414964,0.5888392733157567,-2.179276789314592,0.6184288711697166,-0.17572764552351824,0.3697948636644324,-0.48370342731019783,-0.03727795564964862,1.0642259258329243,-0.9434984313070348,0.457494301909528,0.08527957395859079
-0.4600549984196249,3.0168893982910587,1.8444809121979058,-2.3230210266602245,0.7743680565228277,-0.0817104711742192,0.18727054136326526,-0.48059969912392897,-0.12175433434356793,-0.22708200910903936,-0.44799881356985244,-0.5873029983710326,-0.012722654751240021
-0.22519676573987785,1.7765819184080487,-0.028994409821826127,-0.9298342378811496,0.2631307391132572,0.0910030195358787,0.7335103960241682,-1.1839663447810294,0.28506053090211275,-0.6397065682157059,0.7657012909416094,0.36759966216453877,-0.7268464206360828
-0.2793438182798016,3.4428672813905896,0.502558514718151,-1.733927467388842,0.6094380289395868,-0.001003274977956222,0.8368925641302737,-1.5293732608559598,0.3220080524016713,-0.09937455705921541,0.37513614266695666,-0.13832452808745632,-0.3061120913311203
-0.25738579020084,3.416856182673555,-0.19387094536931895,-1.9474810488970182,0.518500511887437,-0.13420137240981123,0.7250418017998776,-1.316857463481664,0.12892687925246463,0.3864505360086403,-0.5645794110600889,0.6709695841037846,-0.16591422395361174
-0.2710229675936564,3.3873941150165856,-0.11782792159690221,-1.830518470569856,0.45731402116860637,-0.17136599880104156,0.655425786288375,-1.213850560493032,0.10160472093753,0.48017525318415394,-0.5905915474093717,0.6702211788531276,-0.09037039890024431
-0.4473938278995255,3.4083795505972097,1.5860671656149579,-2.2199701294961964,0.6866104293814599,-0.18318893127122615,0.1191379440278212,-0.3965759575042886,-0.12648596239236534,-0.21450261099063214,-0.46819068617196546,-0.5072435891207989,0.07260986519299627
-0.46321149044128507,4.333146088094075,0.9088507686113073,-1.2392434210755996,0.1843295041822104,-0.31295601128332096,0.17506373168693404,-0.7693038986594201,-0.033543431733271366,-0.8493427631775393,-0.008598861894509723,-0.3065489686102019,-0.012567826336139657
-0.5751405830845026,0.5547400507060498,1.5456540073791307,-0.1978079536046319,-0.1201919804050859,-0.20821725343959488,0.08099187155398153,0.010136443438471195,0.057557900746183714,0.7852663954255971,0.032532883628260324,0.29633373290736953,-0.19397445281096698
-0.4979900216599736,2.60250601695683,1.1749191784592705,-1.1965695545755293,0.07724267092619606,-0.34007763689941356,-0.21044749809210797,0.19589459195083447,-0.29248306095734206,-0.32064543145061053,-0.9586953199927825,-0.2031981907674852,-0.05721852090401754
-0.4727090183075466,3.1032017716660723,0.9558627449345078,-1.1271023378285943,0.24816881861390816,-0.34919770492951935,0.06914372213904431,-0.0951762421999933,0.12450680271998953,0.9536607553933772,-0.049194616525108516,-0.5839445702261824,0.06910839554052488
-0.43730570258660834,3.7000000104864106,0.4019066034785912,-0.5882985942870459,-0.024579398891998873,-0.3846899209458409,0.283800226938546,-0.6961868483543809,0.23255202326052035,0.4114888080753174,0.3268572746822072,-0.05679904307001475,-0.02214774896546769
-0.43278902748144027,3.8888553990247914,0.3917573869431492,-0.4971541967420393,-0.0925512547027198,-0.4255501099863065,0.22464256369482313,-0.6419888247923847,0.21995828933999106,0.394002156809027,0.3295043731298463,0.0041457531847116725,0.024046626155031822
-0.5142451285346012,1.3354675486550054,1.292532476753025,-0.13765284540768027,-0.24723586912553902,-0.3549658014461085,-0.04172200140771674,0.13805554138137668,0.005558836510900058,0.8874527714157965,-0.1275768571233708,0.5241960231066815,-0.006897930831991041
-0.5291939691765345,2.2538515324766117,1.5793151107295962,-0.6574157782076275,0.04940458546206775,-0.3305378754500505,0.03572252214940885,-0.056612883708345836,0.10229136323171044,0.7982598905310174,0.19572582734905963,0.09433337877861912,0.11314410502476048
-0.6894260753917298,1.7556543004767342,2.600709746933447,-0.7529950553322116,0.09150337848190686,-0.21762465504570216,-0.17225034179294468,0.12984728889857206,-0.08830468509869761,-0.592167825057026,0.23584774699881386,-0.1871977255936457,-0.014989553122830748
-0.6172838456864272,1.30504021882956,1.9400878068884164,-0.15732720528257943,-0.32926695020844665,-0.36275849548080175,-0.31353149328210944,0.3965646175577683,-0.26961776353028477,-0.4236742591773232,-0.5211224282600955,0.1936184121716695,-0.11421633868672934
-0.5445649640114798,1.8066502754016653,1.5509906755410374,-0.5823443955149549,-0.17370531396896546,-0.3608417303084384,-0.2295704349038177,0.2890354813683665,-0.2649376073220332,-0.1905191667283098,-0.7522306636390009,0.21208674614970421,-0.0556775017338144
-0.5976857706918005,1.5581730432635466,1.7520114687773867,0.08748130487729992,-0.4620676542209462,-0.447309015536253,-0.4372380329029696,0.5312214377197504,-0.29075269770523415,-0.4417698821867056,-0.43283732808126224,0.1307518021174277,-0.10060155800790399
-0.43481860518214116,4.115440993682581,1.0251250671568595,-1.2295376713248243,0.21250486570055785,-0.29749015432537823,0.17765488494829276,-0.7950271950890807,-0.03036484957543807,-0.8106651206528267,0.033146973126645045,-0.35040902950763225,-0.04022207930705603
-0.7198934563925278,1.4481683330357757,2.6840078574655104,0.0893645056961384,-0.2602913969496087,-0.29877075434396727,-0.315621783502783,0.30519209059373215,-0.08751415052284678,-0.5455816168549018,0.4589269870538607,-0.49246087406801226,-0.08714915688801331
-0.6466925310959422,1.0970156663069535,1.9564430984309638,0.39062864315926166,-0.5655325040888377,-0.4368202894371791,-0.460555898178217,0.6074066799415642,-0.2641687558333251,-0.4432318732904732,-0.28969053702408043,0.12649123268914625,-0.13606877642650309
-0.663753152283839,1.0502804493338243,1.9936373966235426,0.5246802360223817,-0.6360685220252418,-0.44599937421051233,-0.4950466329824432,0.6765844680161229,-0.25923918047499406,-0.4251766452280852,-0.2549168406031844,0.17738955693865507,-0.1225696551161475
-0.6156795307491087,1.0571597485104256,1.4032381212165863,1.1206808742905017,-0.8152173304485264,-0.5199504450752738,-0.35049236828733976,0.58756556514922,0.025912301621374114,0.8132468739189364,0.29719164765473316,0.313746310149014,-0.05474104194058884
-0.6461779103027321,1.3173933701042526,1.8694693985888378,0.4622649865501528,-0.6160240427869126,-0.48330857314699693,-0.491336248249201,0.6309341479159065,-0.2718474288776722,-0.453549088695836,-0.3138816860788263,0.08815726143552384,-0.12409437817682042
-0.6844124019797942,0.8161140017159566,2.2237117319947286,0.3566614149140769,-0.5435002541756461,-0.3602675044326487,-0.41446167472055456,0.5387282305205714,-0.27223757202199167,-0.605300826330588,-0.25431378103426927,0.2887647390320242,-0.13719871029006045
-0.5465815655965419,3.031332893633659,1.8359429224558332,-1.2419302086369421,0.2365435776954034,-0.3373112131443459,-0.2181904949337173,0.15380143270177193,-0.13481652911473171,-0.3261434452043815,-0.1243472115461609,-0.5734327420507201,0.06490530424186441
-0.658949784748829,1.0270819588042548,2.068155260680418,0.314311846364809,-0.5310450759685189,-0.4033231564334781,-0.4190231382690517,0.5419795864581887,-0.2682725754266708,-0.5119823992591583,-0.30374750130440453,0.22715697768079993,-0.12521763216391393
-0.4125721423352391,4.056127409885561,0.24933473037156223,-0.3451562184326567,-0.19526720547718446,-0.48554292695870704,0.19202139432205603,-0.6150943462118127,0.2025667792025034,0.4361930782345975,0.2940417080447858,0.16210034816424537,0.07975511489988227
-0.636898599259088,1.4120599442341668,1.767804649004586,0.4661141211654834,-0.6131908472042447,-0.5023813553683587,-0.5209089780251533,0.6903023811941987,-0.2706980622109722,-0.4168637584572463,-0.31342584402196766,-0.09332262863404361,-0.14684743343492054
-0.4985865758104543,3.7688376057149062,1.2674244137586732,-0.9120467863350463,0.05943439797048799,-0.3137765567375273,0.11745156298625653,-0.6897715275020461,-0.024680872900009095,-0.9379325045947662,0.18781806968631903,-0.008030749072601597,-0.009923818898652239
-0.6442820423856467,1.3344475895847323,1.9111046426921954,0.40467253316653384,-0.5946501025118524,-0.4897903118327357,-0.5105822888495777,0.6736793961212075,-0.2834127442434474,-0.49415065204600483,-0.31145400987079125,0.12348100288257795,-0.08529638254884406
-0.6506503491771459,1.1207488430997414,2.0007869666939095,0.3461001786080376,-0.5511492305351049,-0.4229253505401972,-0.4407134474000269,0.5832157346592968,-0.26948264875627626,-0.4766677914019498,-0.328573600053023,0.13846866085359713,-0.11851298590865124
-0.38088011205505495,2.8514738674676177,0.31762828964217327,-0.8063736752363319,-0.038971666659056374,-0.4394987050933937,-0.006683680423868236,0.03986267592380602,-0.007063134795825288,1.183110437139059,-0.5536065463117434,0.15904060855937222,0.04388344133787605
-0.673339677762734,1.7620770387757516,1.8548889331217555,1.1219207114679202,-0.7507869171139862,-0.5928922964436031,-0.4225716452373514,0.6275754597086315,0.11112851323470095,0.6652707773667251,0.7455108196423622,-0.17729001965279875,0.0842339529053118
-0.6865772686974452,1.5345877461000175,2.5573777274874407,-0.3001503537048583,-0.09325460299516541,-0.25984793496063247,-0.185986333148906,0.15749622067864624,-0.07179731877624804,-0.43286867258574285,0.2749536696577221,-0.33953441370204457,-0.0423552036765353
-0.6596502722514551,0.7598203146540867,2.1685989878284944,0.20549671802433442,-0.44398030619482454,-0.3316265019089583,-0.3658626806402487,0.4892184965824759,-0.2650275481102965,-0.5413558807630585,-0.2832858467327726,0.08102642347678976,-0.2077288702048379
-0.7264177914678146,1.3943941299528038,2.645393645699244,0.1944047818688758,-0.3303368512937402,-0.3221508398965752,-0.3705912305053928,0.4212431490546692,-0.08278000000497296,-0.5083028006314255,0.4810690517335967,-0.32570747457336097,-0.07253477504430592
-0.5040215519546758,3.893225309305128,1.3241134019549685,-0.9813235964901778,0.09274469946781341,-0.31406225245155445,0.1381367447635232,-0.7303541087458849,-0.025046697812823947,-0.9780808624010104,0.13178237364461218,-0.12842330263753607,0.027904115586391283
-0.6523225576081247,1.0569891784889818,2.0472373960837755,0.1192990386880269,-0.4400441975196132,-0.3794483808867666,-0.3624548167966748,0.46663643948156236,-0.2675035112800398,-0.5086707843918024,-0.36918101223602495,0.2541109491353091,-0.10684776577888874
-0.5017543031018815,3.7291719416929494,1.4026087197082442,-0.935349064689249,0.09131383943744883,-0.289759180940321,0.14824451806760677,-0.7589641350567875,-0.024627159111433455,-1.011888328127575,0.19690473597731062,-0.13499468795283284,-0.015549918806411399
-0.608484626486529,1.3490999592119177,1.7817838587564148,-0.09030202646221282,-0.3531239639212668,-0.40073149973414557,-0.3205543857113701,0.41725077515826614,-0.26196748473363357,-0.37606648172299606,-0.47681211607512086,0.1734991946272817,-0.0997290284538801
-0.6305452325924172,1.063261301522326,1.9805764993536075,-0.07163116066189491,-0.34977968943832166,-0.3461218251152053,-0.3008189549139841,0.3951543319179044,-0.2594344013179485,-0.4437136375881829,-0.42597821447701106,0.28469417904319805,-0.11393503995062361
-0.623811822256212,1.2343646861334396,1.8708535283289063,0.013732866533001223,-0.4047986076199464,-0.3753583480077654,-0.33844201057551776,0.4408535000226075,-0.2594294953400589,-0.4168662216071361,-0.4342278756439633,0.22065979864977026,-0.10914862550306947
-0.6137163523198655,1.760391208153575,1.786142580849548,0.36009157477561693,-0.6176585978260868,-0.5323137462278728,-0.5698053452583843,0.7053800749917833,-0.3215699490725541,-0.5681476751200338,-0.3881159196808044,0.10619128965875016,-0.02408225856725563
-0.5215146701146975,2.335226399054174,0.9523405926644363,0.43059780864457864,-0.6897592236370652,-0.6508072625894539,-0.5403063897177206,0.7059674564558718,-0.24967261891166972,0.1179395903238941,-0.5434068026541832,0.09472445479736881,-0.006034912873780219
-0.47293703391911385,4.031186980943455,1.1255995994768284,-0.9388565074595117,0.07623082377696001,-0.3302347786896014,0.11806659886960164,-0.7084421062464726,-0.02804429106676753,-0.8937965631968638,0.1264269039665689,-0.3375434150555764,-0.04314605217313029
-0.6056263725974983,0.7764832206849138,1.5113989843323141,0.7190434960330578,-0.5960234467845844,-0.4104743726811087,-0.21849284997192284,0.4261770181458461,0.03190292306497515,0.7775039327761627,0.23727184246710936,0.3337930415162526,-0.10296134363971822
-0.6352253798900089,1.2949951838583431,1.8843176706088505,0.38532417391159407,-0.5875810443012407,-0.4621417912145426,-0.4506282557124899,0.598935628776117,-0.2599399294062254,-0.41427207127441895,-0.3711697331145444,0.16273645313976096,-0.10000898495939962
-0.6357923752239785,1.4547486166590964,1.8641507964445587,0.26135050296696655,-0.5495353933838345,-0.48525984836210967,-0.45782635290929347,0.5908009656282808,-0.28051001636253187,-0.49630043617445657,-0.3851205303413788,0.3127959281890527,-0.022073450015863222
-0.6597956870775834,1.5726211629387505,1.8513126823724242,0.8856733841121214,-0.854460271014113,-0.5990542496830459,-0.6860120804084138,0.887967048860833,-0.2927503917687927,-0.5485136724671398,-0.20861610971476635,0.10773260500445357,-0.04222278611291303
-0.5853029444413382,1.7049586079815764,1.2776044000080249,1.2175736757333044,-0.9356772493377362,-0.6565977592741905,-0.45147782870060593,0.6845725948473551,-0.013798822967312366,0.8094913676608192,0.11941810698534368,0.376373475853304,0.11393224070517632
-0.6166765309516442,1.749604627433043,1.7153546522525696,0.46415371913136166,-0.6676733344616173,-0.5879154176452872,-0.5432251692625257,0.6709889128527174,-0.29386813701129494,-0.47852719264837906,-0.3712669406344797,0.3224466319624158,0.01715559406239691
-0.5947892306857927,1.749560132328507,1.661200180902411,0.2895358284519627,-0.579181744843532,-0.5418829153162975,-0.503440031771935,0.6366341381732831,-0.29599815097849164,-0.39197876886627697,-0.4398468000422752,0.184163633694198,-0.02024373266255948
-0.6202504793218998,1.4302252640194264,1.7787173179904965,0.4054918210624498,-0.5986613887811374,-0.5235688423233164,-0.4943731234501125,0.6580105337627158,-0.2744061685979898,-0.3976919159599115,-0.3453605022087313,0.15207299137844857,-0.0588255854058789
-0.6787620386535327,1.0525777948239108,2.1229121069775196,0.652196856389642,-0.697003140634993,-0.4735642259179871,-0.5429964486467305,0.7096607624599985,-0.28379249285023556,-0.602348660227899,-0.19502141198670808,0.196592106940875,-0.10773038046513127
-0.6567886659865627,1.5176288148271326,1.8374624701030093,0.8589354197954929,-0.8211226313293464,-0.6030140675565066,-0.6825562861935665,0.9074038537889246,-0.29292999266308284,-0.5170762561058554,-0.19691754333217104,-0.036399424770816105,-0.08520877018210028
-0.6405402164061664,1.9966576293032503,1.4439514036638215,1.5027538685725936,-0.9059301562955905,-0.5157543653387635,-0.1057774531660848,-0.10811933306136089,0.23549853599600395,0.054508441225357744,1.1484513178823796,0.2601414096024477,-0.09877631787721805
-0.584422477181406,1.4858359764973736,1.5376801590244435,0.11968905888051017,-0.47924441499828746,-0.4655710734360105,-0.3531550506376069,0.48416836502727584,-0.23051118751655605,-0.11457773044514528,-0.48087846510083915,0.34602823278439054,-0.04692863507585338
-0.49355696172856833,-3.4902156092158707,-0.049403104891448904,1.1634072870332166,-0.43026376400005445,-0.15423519557051002,0.6834251615175752,-0.5356967805996897,0.39339813140562013,1.8073988133457362,-0.2725057727676162,0.4274952330201354,-0.0011795838662585374
-0.40772108233572696,-0.4389327662784603,-1.2318303158768045,0.10928381259450938,-0.2906319790444682,-0.798702314347823,-0.19883487097907185,0.9323843397887778,0.11975913614373954,1.8827824089875262,0.22754640119025088,2.1303304171639112,-0.043998511849036394
-0.5089868920084653,-2.560927795741547,-0.4056868431024819,1.9039438554107395,-0.8671420847607775,-0.40442793483791944,0.3968279938673401,-0.2678103394098691,0.34902274983121706,1.7926582739652703,-0.25915228705770554,0.2991087123308525,0.1366483516455258
-0.5193664245927947,-2.9586788117870717,0.7854232645985074,1.5953745743136063,-0.7379177196625496,-0.1020726228596107,0.21368227728851533,-0.3755997387252977,-0.021530924636315903,0.29215304866950353,-0.4080656743854977,-0.3771209024069975,0.19182188062861405
-0.3115703648911456,-0.28943590851094286,-1.5263075023548218,0.20155610040048222,-0.33082426356674516,-0.4110595174716939,-0.49079215543680743,0.8214629293488414,-0.14303501811944494,0.280042142320163,-0.054440265971612035,-0.23768831966161683,0.2712848199092837
-0.2740555270096742,-1.4561303782778223,-1.1095002061647001,-1.1404826006660291,0.4172928089889125,0.023259408563257693,0.0035193652842732534,0.24390058707967732,-0.10102942891073503,0.2584853997173705,-0.21216487651241833,-0.1612614175068765,0.06823777441704222
-0.509929500079882,-3.0676536417633935,0.7274952265158817,1.5234018274699286,-0.6854312784104338,-0.10570920554460692,0.1390135641739348,-0.14969733042489491,-0.011525212115262033,0.3459409884708762,-0.29021853490441357,-0.5321961412505678,0.09819857884586328
-0.24612947552688347,0.014422425299859055,-1.9708281544683106,0.5032677040971814,-0.44550152602833915,-0.3576760803698415,-0.18735030658942595,0.2070379993084468,-0.008531656081718858,-0.22487220666477573,0.3150443859372616,0.03928095793149002,0.07530071564385879
-0.2668608718238405,-1.2243797591393422,-1.169876233935428,-0.8150094380434247,0.26205817597701875,-0.06739312361716444,-0.08296856810813122,0.39406840073430965,-0.09974801566875902,0.3975537897542972,-0.25633106742535783,-0.5371355698386411,0.0323719374651741
-0.4904685133848736,-3.486564488609323,0.7771359638946135,1.0090838690755701,-0.41735817093669453,0.03666900839440603,0.20818287676224295,-0.21468982630151154,-0.021323861216221266,0.1798378365736844,-0.1575754391711889,-0.25638796398810165,0.047857888982015165
-0.24461065803308732,-0.004836647471367233,-2.1199802757443282,0.4261487351178688,-0.41972282308949094,-0.3758228820885954,-0.3374096477681068,0.46071032069588447,-0.030156472685355668,-0.35338985341529283,0.5421063078136839,0.20000635467742,0.07663100923256302
-0.2541148492207348,-1.3830140168681588,-1.07056641051704,-1.2772449028051462,0.45777620364481975,0.007639175229929375,-0.007379589132785316,0.3049794974196246,-0.11406412058383912,0.25815747211877194,-0.26480411335941223,-0.004805473475914238,0.12418078583606044
-0.5012502747007841,-3.20429798079057,0.8074654302540019,1.078735549644021,-0.48699409505512176,-0.01650046443105377,0.26806851135903087,-0.32914704111589654,-0.011921606240730338,0.24514482025192094,-0.3148596930003664,-0.09025770090706765,0.1552457478918943
-0.2926403844072621,-1.0395006786175187,-1.0855083837891129,-0.4041334672578922,0.021268535645094032,-0.1887969026120201,-0.21682037113593045,0.521778672851799,-0.11903409490712055,0.26763829763459623,-0.16952990589520106,-0.18283552181267873,0.16895434652940094
-0.5200620243797974,-2.8280447746572928,0.7037664116435001,1.6972258524055235,-0.8235847483119781,-0.21011949043593306,0.028085885462839893,-0.009250212179129904,-0.027026659383178216,0.24085124606090275,-0.19118893142630614,-0.050065528496366016,0.23913538469880846
-0.25127008568570824,-0.7762080600021819,-1.375161898565021,-0.9404547027456274,0.2436723776605788,-0.16030382535450116,-0.21146548868176396,0.5708470618446442,-0.12879664757976886,0.2754011007827162,-0.19356912204889057,-0.04550457961169405,0.18379236750484082
-0.5232376691208986,-2.3713867475752655,0.5286083681101456,1.8387074007982254,-0.9297995916668685,-0.2983418579593101,-0.01313465853993176,-0.003216825099134466,-0.03236409189788431,0.33210056811028954,-0.30233611411618383,-0.09642644835499513,0.3114541720758466
-0.2695892425414742,0.19043605377325287,-1.9256979968567107,0.7894507196105796,-0.6115339496250666,-0.4400308049697651,-0.2550984505058097,0.251011939793175,-0.020458710098877515,-0.2461358285645417,0.2865973570412354,0.16618716668694322,0.1878450100813084
-0.26362291560882545,-0.3121334386101837,-1.5250337444894484,-0.569702710448278,0.011115190671319039,-0.31429802840349674,-0.3562948832395925,0.7471716448074006,-0.1428554203750757,0.3481396487196484,-0.22618317538571434,0.05166755067341954,0.32596034306344984
-0.5900593128820143,-2.7742141990143288,0.3170449086056296,1.6494728067362945,-0.7745815725992384,-0.11021826529743396,0.11477311238623629,-0.39596236277441865,-0.041734898348323494,-0.01855644135575022,-0.07572571326864293,-0.0842562757606648,0.18915210390920428
-0.3065946791635708,0.4310731757749325,-2.01290224529636,0.5567602497578039,-0.5136615171154328,-0.5029973400883383,-0.38974311267753187,0.5048647738310131,-0.035181893365535157,-0.2375041148006092,0.47982664283424237,0.30981681637012065,0.017046680722885923
-0.3217694810262528,-1.0981646474017719,-1.393849053208374,-0.3502136369670797,0.03341011374528615,-0.15409136691926523,-0.26816986490098244,0.5748088861334587,-0.11404334816877605,0.23173953278393553,-0.01395964399227924,-0.5230950644911885,0.07762231716680293
-0.5436623649491102,-2.7339288234947414,0.2933580866200833,1.5902550612139295,-0.7537543144996245,-0.15138946056895758,0.007404750309904902,-0.07679837362153236,-0.04722139083093773,0.105167362535978,-0.06998775128526206,-0.2686752714580831,0.18489539477120315
-0.2868066342626619,0.18029797710991907,-2.292634813837246,0.4880372540979862,-0.46024324063018635,-0.3880925463786158,-0.34220783058144394,0.39174184119990013,-0.036250967353653345,-0.39901416016669883,0.5290228179878738,0.18715106029784123,0.1364446428593195
-0.2565264074760991,0.25048082787671366,-2.4029849659962763,-0.2276745663264271,-0.12875483399412918,-0.2714498737109206,-0.20663812920351007,0.20836633163104085,-0.04391924084991018,-0.44291606458263794,0.4297274566936848,0.2903902912559151,0.09726441331843659
-0.5391242061815812,-3.2641119330766344,0.45226134526385714,1.0672505487293311,-0.44458193806468493,0.049631369252196224,0.2041750571842944,-0.37198408714983505,-0.03254937175296989,0.014270622307363916,-0.06556389165515104,-0.3040659559999403,0.03753876782189062
-0.29294010230228196,-0.10458038210367007,-2.2869044537049055,0.23948123605796964,-0.300512101341045,-0.28976799534474884,-0.3034982316045818,0.34808335352257863,-0.03169735910688146,-0.5085857837667758,0.6617409904495386,0.08477840116103695,-0.006848176293253826
-0.34189640600409266,-1.2112112990362247,-1.3965190503825375,-0.6873642656964278,0.19467550422801713,-0.07035631053526134,-0.1986755552990789,0.4066958057723764,-0.12305573197848113,0.04490076096624191,0.04434111026515163,-0.25234300749121485,0.05969645977205361
-0.46160410445780437,-3.450526035786276,0.4442870753717181,0.42113896761145997,-0.14560162325082204,0.14100629871261341,0.25528977680052667,-0.24856828145213966,-0.033499386834329056,0.04668848156471415,-0.1074750026168623,-0.128818492066799,0.06372895914164926
-0.27763860358689846,-1.4279883363715282,-1.4277889491018378,-1.1802353185400645,0.4489513441869378,0.01482378229143165,-0.16215364176500036,0.5531195807429069,-0.11438707055524386,0.1318324196042783,0.05499428719590123,-0.3665309655204352,-0.01703703446092182
-0.4810219041883958,-3.73546181477306,0.6555781146215326,0.38864930425659006,-0.10208967604829389,0.2030476781133348,0.3615732141863844,-0.4124707400219059,-0.019817165177474387,0.07187430499768396,-0.1682503197417092,-0.13403095475306565,0.0392048996079267
-0.27025426481894194,0.1303712849784609,-2.1577374220273895,-0.3164320276630252,-0.09123455652517093,-0.3376928457956745,-0.35006889129605046,0.5598808694170232,-0.04702848386933553,-0.478766448667429,0.706307579430144,0.6933438021944103,-0.050494890177196244
-0.28209766185018487,-1.4044992850027584,-1.3968217900683875,-1.0160008093035913,0.36804018460829,-0.02005299516000771,-0.23553895022962165,0.6419369210317828,-0.12156579892176421,0.09478477248275997,0.09049804262390068,-0.4253235653701876,-0.012179969016956357
-0.4910598538984105,-3.7728824926285833,0.6760090654584117,0.41795635726638736,-0.1125655066369564,0.20463326536666232,0.3674426179875928,-0.4282112418174837,-0.01676383262257653,0.049813882663630855,-0.1476851727538056,-0.10444650551443133,0.036260701347601426
-0.27230620696273894,-0.4729203826040599,-1.9168887906987855,-0.9209438264566627,0.1882512727837025,-0.25999682064342133,-0.5449357097113406,1.0982385346101449,-0.16969809764761842,0.026409427054217456,0.2460451176234908,0.22523772410764625,0.23556831491035174
-0.23667371139748422,-0.9196570791982562,-1.7889354982790298,-1.499273056345148,0.5223156248824362,-0.0643495017118493,-0.35592790789289525,0.8688307915430423,-0.15939553046350127,0.036289816779029815,0.14077668625444356,-0.049126896545396516,0.0915273606958664
-0.49643093288080503,-3.855198202939104,0.6772150300897615,0.5029808338633692,-0.14879405896905618,0.19745583740311295,0.31338100908728267,-0.3505265767017244,-0.02285609706905914,-0.03436097905009077,-0.027038318195121546,-0.041101397088360775,0.025446701719216598
-0.2824773288702636,-0.693875599314732,-1.8981813540903367,-0.8870939829000676,0.2111697407125806,-0.2247211146743467,-0.5539436410564924,1.130420462322011,-0.16070573241892994,0.03548974557855263,0.3310681710580461,-0.0011502824775162378,0.131294521637543
-0.24832044803536515,-1.1896696619146738,-1.6812839032573481,-1.7812559102182326,0.6804057026103051,0.03563869607040477,-0.22242982143556678,0.6816458427553472,-0.1450644328478103,-0.011545156303260874,0.12645460410794837,0.06489297457189686,0.05299059760083232
-0.505186477237338,-3.6318893186798453,0.5462580904960072,0.7868169061297632,-0.29675867985783394,0.10776475786919247,0.17806967540947488,-0.17794502799793727,-0.03105907299877888,-0.040573513596814534,0.06440275049091176,-0.14568559648821633,0.017394793380710417
-0.24768521960254203,-0.7730539395253768,-1.8739535464954864,-1.5621843764363033,0.5341390585725778,-0.08049012394296413,-0.3461303345068235,0.8347303174234779,-0.15736322185989848,0.011596917102941938,0.1538916784429719,0.11982001666876023,0.11957310200497205
-0.5476398581940726,-3.9038533932656203,0.8858218770154247,0.6689911650683787,-0.22951343071559277,0.1469688510910038,0.2531298021148358,-0.27923161973450217,-0.02384438005537703,-0.057651045491878196,0.04954009951391441,0.07973424077984953,-0.0072211721836879916
-0.23466615485793849,-0.12562329279464118,-2.537638516246792,-0.578079742816224,0.05206102493049842,-0.22205130842632279,-0.355339203427697,0.5934877031473341,-0.05405687468235021,-0.6103440398096805,0.8160317290326384,0.5687150367693719,0.022414913712047495
-0.2592271779545402,-1.2312463244942091,-1.6567906374498165,-1.5082587605822884,0.5663918563541448,0.006623282047848292,-0.276073150491012,0.7275821928939842,-0.14405979790461465,-0.01434661646021207,0.17360208517033276,-0.1135526615332889,0.01887442026847237
-0.5031680530381881,-4.0215119783557,0.7774085203723771,0.2343118775270035,-0.012990066997630417,0.2678776464456806,0.4035977319165842,-0.4809986251586174,-0.022423314634978896,-0.051679937478256256,-0.08781664321136234,0.07334270781770728,0.016074474212827344
-0.27485653248730313,0.07786481940339551,-2.1960080163444897,-0.48424942508721225,-0.01866051412418142,-0.3263196544121835,-0.37853504332987875,0.6410330438822234,-0.08440021360877313,-0.5511173776274867,0.8278465636731024,0.9083581481596006,-0.0729180369984516
-0.29719775779519364,-1.9124194928899598,-1.188457464105918,-1.491461786847939,0.632906422120218,0.15319053832040455,-0.01812671520187404,0.32034999142159265,-0.10771040483542449,-0.012328870083932726,0.07956370427538445,-0.15469393446097437,-0.06477469191921698
-0.5055941958205552,-3.6547287077370565,0.5988637609136382,0.582332502044882,-0.19895795611231534,0.1575278450510625,0.2969128808562804,-0.3552250825252424,-0.021724365471181072,0.006527612416560816,-0.06027661728621305,-0.08765305150950027,0.03180125599226905
-0.28838396346143286,-0.6852666200653522,-1.86814070068291,-0.8720413396667517,0.20645724674930285,-0.2157495765455588,-0.49706490508730655,1.0166500926740267,-0.15109702777725367,0.05468140963919559,0.2748924445506937,0.011093280713829385,0.13644067303778493
-0.25697654102563566,-0.923126811190169,-1.799179395002475,-1.3758978495530536,0.4783017872547113,-0.061626495374171426,-0.28728675353491373,0.72956843632862,-0.13643428121130785,0.07817068757818281,0.1466552697896017,-0.06173042819789941,0.05744294859205946
-0.5030052781905274,-3.5621122210742096,0.5883027617759912,0.6905640337270827,-0.25451826625850066,0.13325165899159447,0.2888233716156486,-0.3602700559897153,-0.02320364972211598,0.022201516340380426,-0.11171943089451714,-0.1850679567397393,0.04588971174930353
-0.3027306516751602,0.20465113015025402,-2.106558786506058,0.3528708148466284,-0.4083298019624523,-0.4637123683906115,-0.49326895964295153,0.7106727949104001,-0.05128232165429181,-0.41308367977123067,0.77248804672752,0.5347691278959337,-0.02780520094213303
-0.32812890297321506,-1.8344016396165732,-1.0799767566421512,-0.6850733704666978,0.2575716780404672,0.024733779827460098,-0.1231881914782664,0.3973879800196615,-0.10115356474084426,0.05374745664250108,0.09516604689317684,-0.4107250376202408,-0.03948573596716995
-0.2735480651614224,-3.6495326817948666,0.5682982464331318,1.5041171081168736,-0.2326052250159665,-1.3103829949656447,0.033090945545311175,-0.2556502363949859,-0.24958748892394977,-0.07464452662050877,0.17384231682853388,-0.4915511748823945,0.488743586076836
-0.02781246034506675,0.12285815007824197,-2.2451738141611024,0.06307972160468352,0.11292600125430262,-1.6824264167202028,-0.44522191104959324,0.4196934991789808,-0.26114505856906384,-0.5314258759649974,0.8351328499998028,0.6124780948225885,0.4274782435492915
-0.041130808882933974,-1.6817184129910756,-1.4079592949252704,-0.9458963377045907,0.7457468037707693,-1.254363060756602,-0.20492035928906693,0.3231463635679437,-0.32460190952874235,-0.06272118763543114,0.23069176158377122,-0.428554728743912,0.4077321202300788
-0.5333321333181934,-3.6347593052608382,0.6819133373318983,0.9540305611988209,-0.37334644046714066,0.09847589106071482,0.1978105576760794,-0.28253055699826846,-0.03844407419928901,-0.07363798031078946,-0.008140393258883702,-0.20855936581086298,0.02428611221395908
-0.2636282953719438,-1.7166606826760984,-1.0762874132547673,-1.258553051649824,0.48060872381346,0.03403285674435579,-0.08597903239850613,0.5267022938165353,-0.10049120201869308,0.169792432055867,-0.021734733461562808,-0.036227805275959764,0.04505886594279094
-0.512348957995125,-3.9071418718495208,0.9998942709655333,0.7564098574430103,-0.27119977945018986,0.14877289048129866,0.35141158435027187,-0.38724808902106295,-0.007243470816530869,0.07157193020836802,-0.15543396858094669,-0.03842671199436461,0.04326766792070863
21.924938301256002,-2.0693527586985168,1.5781869472047447,-0.6236995179928797,-0.08740678952238674,2.228862253102975,-0.2890964846078595,0.9883403287045334,-0.05938794238129432,0.1499912264185937,0.13946792365091365,0.4934162089078301,-0.9809812393731484
1.2079086690051823,-3.840920143896004,0.6909404154760366,0.9854718913602627,-0.3273812222220023,0.03597471819792649,-3.884103890794704,-1.3743470116232874,4.081146644961986,-0.23898529646831976,-0.6828758546707611,-0.307510514744972,0.17383492864308836
1.033304383181194,-0.29140524896306375,-1.8802478054193001,0.14937479186363598,-0.23301770359341045,-0.40664218324857765,-3.4707040379013625,-0.39286147408260474,3.1395546653735025,-0.5579155960083682,0.19069454784082834,0.5616695133555976,0.026881872721880213
1.4325479233293459,-2.2046853139980014,-1.1707343668634644,-1.7425935680064377,0.8180936812656415,0.1562022267902529,-3.9492337601571514,-0.9460002592521704,3.9974706902424235,-0.10595211970585439,-0.691164797699466,-0.14471781456293858,0.08063269172227434
-0.495696898381861,-3.809792962839226,0.7074451850070623,0.855074408650377,-0.32137350489792865,0.11187072871338047,0.15057069563140763,-0.07846668424189358,-0.04009736097029587,-0.07569400404532975,0.0714652300067373,-0.19462345088340907,0.017531282141165366
-0.26800644387194783,-2.102474225038308,-1.0513190142357345,-1.3204613306857425,0.5696589749263531,0.132939057045209,-0.0236015944643852,0.4118436193127413,-0.09922451583377509,0.0926934719614681,0.04208799489360859,-0.281216438512885,-0.04701735170168227
-0.49184821248567473,-4.115813442312131,0.8843203251485211,0.433273296831076,-0.09644262667728516,0.2503708008326028,0.3860472688843962,-0.4214263041386664,-0.016101121859307087,-0.06354183701359922,-0.08251705717453754,-0.04850589628250895,0.005483976494670401
-0.23660180926266963,-0.7608696703315737,-1.9069984684722439,-1.2135652390161868,0.350224572709497,-0.18041441813123082,-0.5199259964272472,1.1638622313286275,-0.16759492758964908,0.020371785541293288,0.3015364488295833,0.21242436776330065,0.18389364971133848
-0.20259704214618254,-1.1695225697526868,-1.717793003806463,-2.147888339673223,0.8239533812047016,0.060695447753773786,-0.15543376484057886,0.6818014612331654,-0.1374847860507245,0.05150072975663436,0.03300650218072447,0.40685214482182847,0.15358558549872908
-0.49761241161652786,-3.8244842860820834,0.6801569590154294,0.9500189608438181,-0.36362471943878055,0.094287562057327,0.11153165937859034,-0.02225433139117984,-0.03966016292384879,-0.06454747626405322,0.1277781481343307,-0.20438255528020075,0.011515043782144282
-0.28792064140803897,-2.2766588956170692,-0.9472998358325115,-1.27241985042551,0.5614542595429525,0.16954918326832918,-0.0001181267193299214,0.35454764239180275,-0.09208397448222355,0.026038593593603804,0.08880965595661959,-0.25362269285864575,-0.08073119445883069
-0.49915377848853004,-4.052917166713854,0.8270534167577083,0.6057168008902761,-0.18502782171907442,0.19633273113353267,0.25633780759551134,-0.2264445276487827,-0.03484274250400276,-0.10102023389192466,0.024373401431726154,-0.11231083058409784,0.0006069627117073782
-0.29183923788729427,-2.4351975412264837,-0.8659562219703347,-1.4831726646292496,0.6712992716538664,0.23572780547114286,0.10273571843979629,0.20136942111941353,-0.08180818603202183,0.018557979202455298,0.026279864342714548,-0.1491438345981852,-0.07987716076202
-0.49599185332631257,-4.212386090495077,0.8948899320062015,0.42307567387991873,-0.08702094389803591,0.2636413878670806,0.37639965446493734,-0.400001471531665,-0.015828793239942435,-0.10858309901045389,-0.02196802570742395,0.023357839778918223,0.005315781442668674
-0.3131351229912207,-2.1392077352642693,-0.976234105677717,-0.5900407045704154,0.23206093570236702,0.02630769863673107,-0.19834542672907463,0.6058574842449197,-0.10178019575478219,0.041623390715449606,0.22956148838570054,-0.40974417100859306,-0.06574602729494354
-0.5154397415785835,-4.054158079774447,0.8573231384119255,0.8646015272557994,-0.30693224484581644,0.1599722434202522,0.22761735460566895,-0.21504374325773826,-0.03043266059248265,-0.12389329216295802,0.06757510591034283,-0.0988289466858006,0.02029903161179331
-0.27110585507688667,-2.29932855637406,-1.0363274587347846,-1.639916097342129,0.7329331853111312,0.21837081769690186,0.06340286644780424,0.284294422574137,-0.09586201415911659,-0.013713879206015368,0.07715314793535405,-0.08386214540555298,-0.08394657733214617
-0.5083087534424061,-4.201394512772483,0.941425629386047,0.5510133844525951,-0.148579022945238,0.23193993068000424,0.31408723102048025,-0.3149620446443514,-0.030793917144063467,-0.13094170035303726,0.0076191902061939765,-0.04004063717907733,-0.00397951259312501
-0.304381535294111,-2.5854052028049495,-0.7933848135156181,-1.392985844234687,0.6360768276094305,0.23808035320235213,0.08370506823801463,0.22563461656593345,-0.0841192936357926,-0.059136403908108766,0.1281897880586966,-0.020997694229937833,-0.08964147952150871
-0.503791099220421,-4.420397498505083,1.0214189607161464,0.16652442506555196,0.04822578126363476,0.34800265210603376,0.522414232919605,-0.6083763003500202,-0.0006972732545336267,-0.10431221290109317,-0.11689687843697083,0.15225078270467468,0.012128642342741434
-0.28583321779261683,-2.424870752543653,-0.9378672945743348,-1.598748820998086,0.7225372389848012,0.25286765416820073,0.11405121654777771,0.18942302332003222,-0.0848112131383959,-0.0028994485988953276,0.05387003539830839,-0.06167572943095437,-0.07648894661160299
-0.5133982809208157,-4.302168304161679,1.0157578856367933,0.4838992678093734,-0.10980016011301309,0.2720786458583792,0.3979619912315908,-0.4516542038056489,-0.018232148089530154,-0.12769145491761738,-0.06088499207729157,0.013829315018635645,0.012937719968824483
-0.26887980373696635,-2.455576918562798,-0.9558658278478193,-1.8157243982043738,0.8221880984967095,0.2849546447764172,0.12472418174291071,0.2104842150873153,-0.09187559912436487,-0.0029856277632378924,0.04095817358109508,-0.024955190515813942,-0.07692966850450766
-0.5193912243091441,-4.559104281024507,1.114120014813566,0.26088191236352676,0.01602342383439149,0.34417410193544884,0.5199218359741468,-0.6189471200121724,-0.0009212349510919043,-0.16297977873163505,-0.057671368831447904,0.22093205215121628,0.009331470434481898
-0.29044960667540703,-2.3938544266155706,-0.9682365957584055,-1.5684375939936779,0.7015987770174457,0.22563049390572787,0.010462162439181662,0.35184021703937013,-0.10454549503368331,-0.05265945102648373,0.15098421423102448,-0.07870729925307261,-0.09358951533225321
-0.5202262010314712,-4.125746679303744,0.862508188003322,0.7788733759073367,-0.26420064301608137,0.17890726099234378,0.20860321435066423,-0.17392207657715456,-0.0396117152614966,-0.15163301176531832,0.09337427717191114,-0.08249974224032447,0.01991092877385456
-0.3079505308269962,-2.6119239296278582,-0.7161438993181051,-1.1727814004343862,0.5414397378348722,0.20801807628795518,0.06089442810123428,0.22233016467573452,-0.08794955747608613,-0.034532168848184386,0.08640749110801586,-0.1698131604766144,-0.07070230121011431
-0.5105342155662689,-4.521650692814591,1.0824152849192286,0.15879476369361575,0.057759319423602434,0.3605019392155659,0.5306351769748427,-0.6078583608712117,-0.004092159457388033,-0.06212621226341357,-0.12662844875638274,0.16456047314820071,0.0192063415293857
-0.2881168870585943,-2.400638993184297,-0.9741507916082257,-1.6881411371339214,0.7580722530438181,0.25302675699145694,0.0812881981605031,0.2546444247421069,-0.09733333923066552,-0.009350629272487417,0.07849942821658495,-0.03329420983701184,-0.07399076917719193
-0.5108373021086251,-4.188955098439163,0.9176168567386734,0.5535684324972224,-0.15074848761353316,0.24435791982141625,0.3528334842230922,-0.3971953329206996,-0.022185257648519547,-0.13452585683964563,-0.008713613252297336,0.008788622519616854,0.013641026448598536
-0.32817822213671044,-2.6315344559532967,-0.6895342310961922,-0.9221192915221175,0.4193808104208751,0.17231055766154854,-0.017565080704817933,0.33028612291801757,-0.09681972140142468,-0.05066735074540409,0.17375960662358678,-0.16934975894910323,-0.06672081205415344
-0.5277088157127204,-4.147287750393123,0.9265244707408864,0.9709369359386213,-0.3504835925891882,0.15726478826116386,0.20081450867365086,-0.1902761967536032,-0.034782733034745376,-0.15289046900408992,0.1045119435829108,-0.10691491988476033,0.018592137927418623
-0.317694209525676,-2.364734314078197,-0.8684087135454058,-1.043636905274098,0.4577644020629372,0.1539885535003836,-0.0349843888882987,0.3404651373687695,-0.09823045079241875,-0.058738170434902426,0.16796541816952165,-0.17833710455429225,-0.07032994947316978
-0.5223360407621249,-4.417263245956611,1.1161516666991673,0.43655905506378845,-0.07500452827770461,0.2972851031960343,0.49284689574515333,-0.6084328869097676,-0.005172611032720604,-0.07850113607017618,-0.12678468339207777,0.09488984195512885,0.02707452846850732
-0.30773727115725485,-2.5400888829305983,-0.8487490682960885,-1.5454094468268917,0.7039407361277115,0.26230809346671563,0.11292724120416954,0.17004760019712553,-0.09031436738011198,-0.04606396992469559,0.09904439375938562,0.009780393455090599,-0.08189491186434027
-0.5355852519370928,-4.27346924449605,0.9864773842420446,0.9958359375234327,-0.35144609666104504,0.1647225895070679,0.20568013133959726,-0.2107152748322227,-0.039316895174106685,-0.20859206195730298,0.1531165735980108,-0.037451840269004645,0.014217532405305452
-0.2945189863244194,-2.1788344222796923,-1.0903467955743849,-1.3021923510021645,0.5635004750589576,0.15478322347540432,-0.06925520576509225,0.42528537074380585,-0.10802224687260709,-0.04817534640260815,0.19831726413094114,-0.1524382165745446,-0.08275072942219704
-0.5385646454896879,-4.4625169355517995,1.0760035044781147,0.6432506197691733,-0.17288887059251792,0.25155584171691797,0.3245119002450982,-0.35918125755492925,-0.031623881306841926,-0.21826871575008958,0.08524356112049211,0.08274568003475406,0.0056639972218683965
-0.3168366719856491,-2.5903061246971193,-0.8071353281272424,-1.4964539184384615,0.6911343906008053,0.262523921690973,0.1315443903212054,0.11447868563807401,-0.08755517905144022,-0.0915845760657634,0.10929312269880143,0.005622205233631134,-0.08779048503138148
-0.5441602862180999,-4.418440123554358,1.091864548193096,0.6292836317112702,-0.17278683845351808,0.2574652522280868,0.35221373325694016,-0.4023356837960655,-0.029727708192141055,-0.14500178973536587,0.005073839470171027,0.06007053296176943,0.021060242505594743
-0.3280190001764444,-2.698599523951821,-0.7328416457254979,-1.5557593238979177,0.7233727490188406,0.2956395212493503,0.17209219908135615,0.06207646369839078,-0.08160382632686682,-0.0705072003483987,0.0894170454225249,0.06364887618329106,-0.09153351158770172
-0.53455277311929,-4.175934235125376,0.8713338736935206,0.8778189880560363,-0.3059149883245375,0.1794005684607464,0.20841810551276488,-0.21757269909226923,-0.035431978965552655,-0.22742906103080124,0.16534894381088167,0.0017792227438572874,0.012518927344903709
-0.33740705482319466,-2.724828747580212,-0.6452895381071084,-1.0873438912559985,0.5071786781652688,0.211648572459854,0.06263156469044869,0.1829987885353314,-0.0896540318685266,-0.0719589911751744,0.13485004019493588,-0.06008548118015223,-0.06673122561079661
-0.5505831721299952,-4.627506028318525,1.1472173422991978,0.5402170507844207,-0.11005493243274037,0.30994271078001,0.43956962951330186,-0.5478999534245431,-0.009989672108199857,-0.23453870870204527,0.0588177475421899,0.22114942002157512,0.00835994317464357
-0.33053086805949883,-2.8115914989507282,-0.6948987837650596,-1.3573832332919842,0.6366476284696191,0.2740683659636708,0.07098488209681415,0.19492915899386012,-0.09659162732878142,-0.16359217517952412,0.21062296973191544,0.030486066378134606,-0.10727442207306395
-0.5415852385616737,-4.585516361534811,1.116145987631221,0.42934157946306667,-0.06311329884854668,0.33622262648394063,0.47864565270630716,-0.6064065391833949,-0.007656326777861139,-0.17639918313610248,-0.004547462474142433,0.21750703080224246,0.010343942086521389
-0.32679516042296214,-2.476744692570139,-0.9119093079710706,-1.2577011338005541,0.5629735574110302,0.2006824297833582,-0.04143575479684549,0.3473851261414768,-0.11251461393670245,-0.15929714172689186,0.25790589657433544,-0.04831386575935089,-0.09524578553914458
-0.5526591478080207,-4.527590847648028,1.1393004942812022,0.5845559992789442,-0.13687839963136103,0.2938788822710133,0.4364223501716568,-0.5699297956136199,-0.01598858318531487,-0.2158661299851597,0.012592736122316204,0.15824539470078508,0.011006604133798269
-0.3647919277414019,-2.663789609369173,-0.6677259923012739,-0.662232349595394,0.3030462356139583,0.13853094745646755,-0.044174682047145676,0.3270921785252703,-0.09209570166114645,-0.03494623411089168,0.2200275953956919,-0.16966646933767277,-0.06073566251648625
-0.5574853467964812,-4.530706047582975,1.1289567043654118,0.6589825409649759,-0.1710769648259537,0.28115375190813746,0.40105746560383526,-0.5343638354159197,-0.02143435869762476,-0.23436393086653134,0.05070639349867914,0.14285330946998173,0.0040642027006139924
-0.3481184666317462,-2.3363270655790345,-0.9398638235651454,-0.8775516285598933,0.37981198528758675,0.10379498943925534,-0.1059995168712797,0.41572521093251985,-0.10232639028318782,-0.08922637626470906,0.30286610633398137,-0.08855884739946929,-0.0803959381919495
-0.5500715032941528,-4.4914952029415245,1.1074291683144744,0.6051050162446714,-0.14410548193810527,0.2954597677968435,0.48776012291157883,-0.6628805019611843,0.0008962080996883895,-0.1287513476582752,-0.049400782297795806,0.14169634147444995,0.019599863337297064
-0.32658111680585666,-2.796680515310132,-0.783852789912076,-1.8446608586516167,0.8598658662715113,0.361952351799038,0.18331654512705803,0.027417669186668783,-0.09891829879073925,-0.20777209096780824,0.13113372071062826,0.18914547293101602,-0.09387390299990442
-0.5182989699542963,-4.40278801163399,0.9806229311174393,0.4974152779773362,-0.10447162200861136,0.2701633847221601,0.3804825541631734,-0.4250656940556611,-0.01743898811808974,-0.11325830621162186,0.012439442089665935,0.06278563543520042,0.010280068036306104
-0.3215608638276337,-3.2240065497132426,-0.4369681907912855,-1.8386588186979846,0.8865193111346042,0.42146061259982953,0.30191823136202206,-0.06993826875819155,-0.07612670648560386,-0.12327354810154631,0.01298858732580731,0.20062921891323676,-0.0706557406765847
-0.5294777649625764,-4.594272278866047,1.1743322478936644,0.5481579724921479,-0.12035445684390556,0.2904286924173274,0.39460696961486,-0.4406597329697831,-0.024592414839072426,-0.203719336581798,0.030896717415340228,0.13350357760605194,0.00850756472273367
-0.2883665126987238,-2.8445152638289373,-0.7828358512643414,-2.078740537409102,0.9682429220866219,0.38307158424771315,0.19014228805347613,0.1268067089749627,-0.09636360503810727,-0.14441833364506199,0.11266564143412447,0.19684789161089675,-0.10762423239384179
-0.5352290324820722,-4.874768637160828,1.255019881856738,0.23273470863241985,0.04087827691324794,0.39295547306208123,0.4805446574487754,-0.5387451123425842,-0.017025264222776438,-0.27056472603308296,0.034181338317432544,0.3062876222621284,0.004109852949378905
-0.3086054556763314,-3.0616508842903647,-0.6443656421937609,-1.8664791475008187,0.8873140402261099,0.37333795664901803,0.15646169337842472,0.1523200264650047,-0.09954856237467531,-0.21226442329962938,0.1791117541502072,0.187165145005472,-0.10393532364235582
-0.5398996531250279,-4.79441001567483,1.2567241116507473,0.23857133207848408,0.03791565062428351,0.38702999786551595,0.543637660834855,-0.6371509079517814,-0.0016409908632386198,-0.14862967768716842,-0.07764184237954909,0.24784049554052312,0.015576346308668325
-0.3276307540539895,-2.9478264718228266,-0.5645073392045216,-1.3971465082894257,0.6578536841784601,0.29850468761796645,0.14623035167839243,0.1258554440467035,-0.0854287692301977,-0.10037875881931471,0.12775029079980052,0.12604437110056044,-0.06721476584568706
-0.5345709663043577,-4.892921590033984,1.3707276816612142,0.07634932047724216,0.12488237338515709,0.4297640177064489,0.6712967912173567,-0.833165534014871,0.009771894351787502,-0.09704727621778794,-0.18978391750877605,0.3347149453898102,0.01985544745791957
-0.3456424299174739,-2.7599085599481503,-0.6126117410364535,-1.1469307736612675,0.5339380799588666,0.22554809303590811,0.0949278716723474,0.16321989050897862,-0.08534994087350296,-0.08700369536387384,0.1355745511324468,0.014078091060862882,-0.05960515388196865
-0.15586201633148405,1.1442452133026415,-2.051166760527568,-0.4038261035923044,-0.0661997646991506,-0.1283636362852108,0.896733443695747,-1.761037890633415,0.16780530951421088,-0.41729432230924285,-0.4363329056637856,0.7898868789959016,0.09483599518475821
-0.17125099019559675,1.1735214845665034,-2.007969847301226,-0.24542969316018345,-0.13893990218390287,-0.16849309001787383,0.8568416991178297,-1.6787912292076383,0.14362258562126615,-0.386163477108334,-0.3948482914057008,0.7146107912422582,0.055865048529256466
-0.06800778170600504,2.6072375214668027,-2.868044094717374,-0.3466600438998485,-0.16252464095780242,-0.4854303453418034,0.5477794195472565,-1.265357261138081,0.1072855541030331,-0.13712481543754165,-0.5004610149018246,0.16581899745460502,0.11830594545208617
21.622185559676875,-2.003564672476295,1.2841154555963876,-0.6768960154276806,0.6609400032985854,0.18161236002557227,-0.5205469340628731,-0.5199770009699469,-0.4344019587918809,0.4374444720104695,-0.3264342929126748,-0.4078916119280187,-0.35576113548846267
19.494129108964515,0.6642692197278817,-0.5779139326074756,0.2969246722700346,0.09490633256539835,-0.5952581838544219,-0.6900060756077901,-0.6928983428721914,-0.5051498197680957,0.04678750823850127,-0.030844449609078197,-0.5946066250295007,0.3761521451357107
19.239859122156787,1.1530539766600403,0.01895121582310831,1.0696757164500976,-0.3522117891289159,-0.8883148832752432,-0.40746008008874707,-0.34054886919532223,-1.3694543348585813,0.2804968077244838,0.14767051333795853,0.06779879733025693,0.03151609489495953
19.00032398348538,1.988010044455012,-0.8433369737131408,1.1984399367808938,-0.4425832774957805,-0.8972761669645835,-0.361956540665794,-1.0014072667120129,-0.5800338378118766,-0.39888290329259013,0.3158980856957596,0.3624654513371817,0.5635219917168826
-0.2064170922496278,1.6555233247294114,-2.2325988056408343,0.33454485190571015,-0.43908939176308426,-0.6561473258704786,-0.04874815734012586,-0.13290558581479947,-0.05408057304763199,0.2724633401577417,-0.3678942245473171,-0.3595578282771722,0.16164675126540767
-0.17699593007292944,1.799532972642283,-2.3845269925786243,0.13081168751406366,-0.3567826794944229,-0.6312088439884168,-0.003534050650267428,-0.2137875725408222,-0.02329999668136558,0.26264956627900793,-0.43222716569394964,-0.2995808374651389,0.20941703770995707
-0.1663723888968806,1.7584335037905028,-2.342517326037626,0.11444808544626427,-0.3369255810508654,-0.6325921367777222,-0.002106031245961719,-0.2264162289491881,-0.02635788951667383,0.28833613045279544,-0.4289001587479963,-0.3626625427707975,0.16821506859155724
-0.16061423612067452,2.1834280975475697,-2.6300464258587994,0.7105451825865181,-0.6269570686745458,-0.6482439990591421,0.23910732362129986,-0.8060504105617504,0.05716882234338941,-0.25085451384206015,-0.09648757188664497,0.10800742486675213,0.09542288661087868
-0.12662666014222898,2.311846160665516,-2.824724126481867,0.5034413912345359,-0.5309564394065085,-0.6316246118758564,0.2541499848048833,-0.8421537981724613,0.08648002359858416,-0.2477111702530182,-0.11835574312906078,0.06689651915390284,0.10153716086234982
-0.16790091922143877,1.9522777191636387,-2.5087360215060515,1.060040620290067,-0.76731692562353,-0.6457941368958021,0.2609899901527506,-0.8526911798434482,0.11077827458630096,-0.3304790878834534,-0.04944339414839645,0.04299031887661919,0.10497070297751669
-0.1389948134175199,2.3788518917104033,-2.8328550501116236,0.5827004120150495,-0.5789237529213851,-0.6539409585007757,0.21370728422976565,-0.7523843441837854,0.053480803168462376,-0.2035672978152367,-0.1390141398000013,-0.02006468533275855,0.10639263534497646
-0.3302961417276389,1.5351603770832971,-1.9978364210803334,0.6448720987092691,-0.5735190621864681,-0.6519455519521822,0.3518041340156017,-0.2846153359258993,-0.267810880724845,0.24511005866618157,-0.3658310612565674,-0.28810399912403245,0.15885538830948281
-0.32646294351322896,1.7403945957683473,-2.190556376018498,0.7837289362269136,-0.6608899108927766,-0.7677169179766404,0.08993646166552476,0.0952633698117113,-0.32182868669555414,0.29922018954019247,-0.24296756641328993,-0.3654210997346259,0.16087077291551816
-0.28003573457203845,2.405339244720777,-2.783194627419438,1.203831784389951,-0.8806977577655007,-0.7845570262700161,0.29468674676320467,-0.4419094608508956,-0.21782573620036016,-0.21682426470454108,0.04579027238039447,-0.040372103109539176,0.14654617085045404
-0.2849773461476704,1.415845193030904,-2.6125372388156327,0.42367246390681057,-0.44292394589282397,-0.5631472588115072,0.21746202301225317,-0.01910950391970942,-0.3032128908118622,0.20047558658853193,-0.24042750169347582,-0.84357544909529,0.19610550890964304
-0.26042364295318066,2.2499536180746884,-2.7815273397251055,0.6476203315557553,-0.5987072113788803,-0.6419988294047051,0.4882760951549159,-0.705893222815368,-0.20195024133041473,-0.28221324095617994,-0.035612324254030873,0.03363560067655353,0.09752366921561012
-0.2679906750174752,2.3040347988498215,-2.7061827937304836,0.985015451677229,-0.7632926677491636,-0.7252909298655411,0.37227468362603733,-0.5750868584302832,-0.20038697035454234,-0.208885171680051,-0.0026453753573803516,-0.030091981616150506,0.09278434802704748
-0.24139165777039873,2.4011173314277676,-2.905488030267327,0.5531384762870213,-0.5646614042418562,-0.6546206265617875,0.4503636566614107,-0.6575695972600722,-0.19316335351818537,-0.2548943140536274,-0.05277994252727255,-0.023206298181138844,0.09963844562402326
-0.24818826444717726,2.397074755567776,-2.8509773640341067,0.6819671412447134,-0.6270120543827947,-0.6797685987837715,0.41215726107078204,-0.633195031641369,-0.1936000287292189,-0.22706629320784222,-0.04178534644860802,-0.01204419602516159,0.10012936511836036
-0.24825017755794213,2.0227201456136332,-2.755858421526018,0.4232835896431112,-0.46194618460420966,-0.5571220025829076,0.5420122578937397,-0.7913216219540893,-0.17541790175382793,-0.28573044349167975,-0.014349808794417974,-0.03874443570276769,0.029506008702144485
-0.329445234154364,1.6953840199712136,-2.073776329923323,0.8497861525625501,-0.6894482742680461,-0.7761725598369821,0.10480071496295534,0.047375266480715085,-0.27079819100304464,0.3055316239386104,-0.2443286989366758,-0.2844852459443148,0.17019791170283596
-0.3440974503436685,1.4290381326375439,-1.7958414982722275,0.7747689669761496,-0.6268815707501078,-0.7332467953242748,0.14244231218216902,-0.03924441322674163,-0.2861036845588112,0.33548509524563525,-0.23905450984622786,-0.265019773775722,0.06029056884442783
-0.28776711705349917,2.537273175701237,-2.888760811292254,0.6133806419878685,-0.6837580889433946,-0.42401371397107684,0.417408411796951,-0.6043557988331432,-0.1523797482582194,-0.16857827582897658,-0.11072614074749378,-0.04164705417228835,0.0024400385144480725
-0.2937395696833655,1.2368913551825336,-2.761058380445344,1.9200689875082422,-1.0640903248498952,-0.35137069975185825,0.7668657500909686,-1.2918251130910765,0.00156381080639702,-0.9111343847236297,0.5576297158202365,-0.40230708658776787,-0.19817498497037195
-0.8622748484829778,1.6427109720257036,-2.460617769730786,0.4401712563590312,-1.2892888492140957,2.1093866677578483,0.19693837499126024,0.45983421611324937,0.16669445137392735,0.3594143422070942,-0.3891080077802402,-0.6115445441823847,-0.7312104058886071
-0.7869214757859928,2.8683584757722027,-2.8211195615792435,0.9498649669301995,-1.5641064825233624,1.7123758719241866,0.2870241990504477,-0.01481286951917362,0.23286771416879956,-0.036909215939233485,-0.1923262679465512,0.15209988117493495,-0.6754876437291124
-0.8423355793640017,1.4656687386135212,-1.774992632115306,0.6986371681820936,-1.3426600608509085,1.817127023826639,0.24574674996418674,0.28995722243750144,0.15648837082433872,0.45390189495957506,-0.4529778671213314,-0.2989181843234901,-0.7187035112266451
-0.8397410559890052,1.999418203709747,-2.176744749634463,0.7477936984369723,-1.4113523825849947,1.6808112995314217,0.04136255579998253,0.5816617658554945,0.126310144334069,0.45120477248384366,-0.39353335758770513,-0.2708750286316339,-0.6523836611978132
-0.7695768935038543,2.8255761183459454,-2.8040235669113387,0.9738960641215756,-1.5440615562623097,1.616688060316076,0.27647898381807745,-0.007768896237533876,0.2058566430334963,-0.05759043543118334,-0.16792375854914554,0.14119794016048753,-0.6510013991230004
-0.8040803262661872,2.1718477895969293,-2.282592130664073,0.5284329326336129,-1.3060366119820486,1.6055228225023837,0.07617603782186262,0.5295601652015235,0.09845846219640408,0.43015809074169825,-0.4540255156116225,-0.16134679043513597,-0.572140144523923
-0.7275056779880084,1.70934397335929,-2.090307819303259,0.9383985361795916,-1.4201427993078013,1.5473515819650019,-0.22484705819076964,0.5392393065739943,0.36320427402575994,0.42490262530686884,-0.32671670197426567,-0.4141510978970515,-0.6576081598831719
-0.7904223170302812,1.589325527943544,-2.4584148870372955,0.7993297291981929,-1.3251316517631768,1.6187958222253935,0.08300436535509004,0.5513711391530041,0.09325008543189249,0.3247536699193543,-0.2707495999997013,-0.7262126685013246,-0.5869515012351293
-0.7508663733396993,2.747315785246314,-2.707964803397706,1.534990151470202,-1.7393544959971075,1.3276917272081994,0.10136383868743915,0.16034928278912733,0.19087342065477247,-0.03425200838785014,-0.03726451122954752,-0.02617166347262164,-0.6208691210312935
-0.7586801882202836,2.29500038939855,-2.58569774162877,1.3574868174287578,-1.5952481540861803,1.397695589359217,0.21427221501941998,0.026723575256991882,0.18833821163189482,-0.13951603048138586,0.028044779395862928,-0.03319922241414397,-0.6672058251068393
-0.4066873333154821,2.000752195123109,-2.28746841916236,3.1227296342628676,2.9089744853063166,0.22147471327294263,-0.18051099241160748,0.6301061520949943,-0.39973920144507014,0.12682404033529407,-0.6822379969133802,-0.15195127139120293,0.2128476258564194
-0.367503721217998,2.569539598542014,-2.805266286246567,3.4890282763058322,2.7287009585401507,0.2201110972052965,0.04437076880414663,0.06924036791615354,-0.29578621412205797,-0.3361660673937867,-0.39172692207475385,0.1453710892764081,0.1314831664366053
-0.3266885220519237,2.8771315466080805,-2.940784100630944,2.884180708877572,2.9675627795835013,0.293990305130366,0.18964789226828851,-0.14888618684811777,-0.30200873232961273,-0.33890494343146554,-0.624539774660246,0.3171726181324025,0.19801007424561246
-0.40192122263806385,2.0625317839068975,-2.30663261264594,2.964216942628592,2.9675893526490134,0.23508020212551858,-0.14955670796798232,0.5967951302115027,-0.39937275766633434,0.16085693792048164,-0.7624276357544437,-0.12674724543208127,0.24384834777942602
-0.266796142156187,1.5798958097382467,-2.561359185337134,3.0224144835678795,3.010308928108466,0.35849605739562496,-0.37151780722410815,0.5235757474476194,-0.13181210403595114,0.069198006636347,-0.6684515966974603,-0.605130165907242,0.22686708878304238
-0.8257743083441065,4.277614651830084,1.6305502430470633,2.422299811555363,4.944556369551201,1.6234671432604966,-0.16012515264174182,0.042973480724758546,0.1448166446481965,-0.6362663018123809,0.4302606456283516,-0.5006848800261436,-0.24426894289341744
-0.7838246427872585,3.7914735830363075,0.7856464530694913,4.626803831168327,4.187830404740676,1.6259227294470455,0.44901911237905257,-1.067481186765677,0.6311776455487479,-0.530160857198021,1.63363399129258,0.7352183145659347,-0.4390559917332347
