0,1,2,3,4,5,6,7,8,9,10,11,12,13
-5.282615787618889,2.1091437454968847,-3.637159104097378,5.971160025841331,5.86116956391698,-1.9149104382760245,2.8429229125465043,-0.12050578466691952,0.3622167656367787,1.1610089655131557,-0.5589323740096049,-0.07997379086613562,0.31467901149743427,0.052705406218845736
-1.506929297517247,0.3149386284713246,-1.228987491010913,0.6167461667526606,2.741266743124861,1.6256505086548638,-2.3640416725615414,-0.4208719831096313,0.18877323052029354,-0.27084935785481645,0.42147155363529654,0.15367504215685918,-0.034108284545386024,0.019616864601965163
-1.723138734202438,0.5520836436037565,-1.4598922052402765,1.0680916547544208,2.8550658840376544,1.2208801011356956,-1.8939669131561234,-0.6387603612393928,0.12932882013621608,-0.42835255043530357,0.6406912828657785,0.14662430321478087,-0.03134129114015277,0.030140286772419197
-3.569926458374391,1.6514283048791008,-0.8903448094570051,0.5752047253399194,3.577343005974493,0.7389499337219135,-0.8599165567644861,-0.38639277770294644,-0.1128076907904811,-0.10329358201356867,0.2994649930263272,0.17809926289816003,-0.12581365240173026,-0.01721549293106908
-1.6642426533954746,-0.09990039141660023,-0.3439516653416531,0.3521979502074084,-0.8860788834050912,0.6572240869652389,-0.8148256978023474,0.03139468745952623,-0.034162800004055915,0.20780649681294,-0.22891357447886357,0.10258171198465652,0.022320563630362996,-0.0007275790381073502
-2.475915098091738,2.3903538739769457,1.2515007458543228,-0.35398781596172635,-2.623261069708787,-1.25448802210648,1.4522832277265496,-2.2713425050633345,0.6901311607475992,0.9366205218287569,1.0720373059056079,-0.03768089901812737,-0.06257098868489748,0.01539778576655131
-2.270373862803862,2.3146692037297365,1.6954080874950086,-1.2060659958804025,-2.6840044870051516,-0.7979672164248051,0.9186352357559925,-2.0802793233342243,0.9851062499423617,1.0343434490892622,1.00613849538407,0.04955256704814984,-0.058494826831078844,0.015648990663531537
-2.5737781090025784,2.2527655020679647,0.21791516096211216,-0.5558103486848971,-2.57816788855909,-1.5135341332477126,1.8170587242591032,-2.2208840383687454,0.6680442310665198,0.8565582969970932,1.086597091274543,0.02957670072882978,-0.05228049019752705,0.010369018539751303
-1.1222853744606665,6.2990199008235255,-1.1192779650780942,1.0203674260049804,-1.2015579295808518,-1.9838459941943052,-2.020398808288785,4.887116990863389,-1.5167612717877281,1.6470819450927163,1.6895993206477298,-0.04287691892879716,-0.024290857437316463,0.09054887499208446
-2.4980678386354205,0.2931184233156765,-1.474582375513172,1.2560231404961721,-0.4809019954987069,-0.3635380711977116,0.5241136486142611,-0.11417797268962832,-0.27569794340934267,-0.0685738247277399,-0.05070024907876348,0.1727804560348738,0.055791994880869285,0.008972429139136599
-2.319292279335916,0.303425515228647,-1.080777745821319,1.441560205018866,-0.4575223362945488,-0.33050769542124464,0.46669922224842403,-0.051171622746438314,-0.09906640115621676,-0.14819199056265978,-0.02612432355410543,0.06641741076181248,0.07712632642997796,0.006653846691243746
-1.9781558721357082,-0.3650950804325809,-3.1762104817964922,0.6773904003809244,-0.5387936964009917,-0.5485844980198868,0.7642698925045607,0.05581004308553242,0.05437697852043108,-0.22604886729243684,0.010010941182917078,-0.009810689027032646,0.04002363905714307,-0.0024612477379557587
-2.0400563593359125,-0.39601896712641377,-3.412725042041985,0.5542845772813517,-0.6034539277509284,-0.5072669614491744,0.706023314020427,-0.048244497938867675,-0.16267475926747746,-0.12200055291119748,-0.03564985592099078,0.06846818068834475,0.037536177777764274,-0.0068013961718906115
-1.8615017894277295,-0.3969153702390742,-3.0207884745113525,0.5470925505863026,-0.6029061401894982,-0.4099453474596009,0.5831809290672008,0.045401793195408234,0.1078548410106615,-0.200068045537854,0.003394527027565847,-0.053200304376021745,-0.0015959514568247121,-0.006385565615487863
-2.089977396317984,0.01752461103684377,-1.786902612423726,1.2525661060957645,-0.4255213535904013,-0.48147181925984467,0.654787170480773,0.1343260453237965,0.23555599364069518,-0.3097807580192344,0.05791274096722853,-0.08422263809993387,0.03268668151396879,0.0077713081352125575
-2.6730507736049387,1.0470459588236134,1.2549805316757499,1.9685047450941333,-0.3993924701860981,0.032754142012620564,0.002703134963086251,-0.11869723976889124,-0.21076714647418474,0.016474999789725324,-0.10189245506390336,0.22874131130164213,0.13032414056208735,0.01898372118748857
-3.5161584753442034,1.7133964605062837,2.1950304854004723,1.082111893889552,0.036288259545265066,-0.04172549826808821,0.36239322331193075,0.1426149673239063,0.015824010788825702,0.009145481593191247,-0.14894017542805227,-0.10124094622522593,-0.06521611396880186,-0.03083556518890645
-3.477632051551484,1.6455921733827295,1.958851557342756,1.1117218535366666,0.08476824339902532,-0.1598890312380344,0.5164659164560942,0.20338481475746895,0.1380346480935016,-0.09794660868785919,-0.11887405613983906,-0.16713138869705027,-0.07759612018084733,0.05214919157785854
-2.781268953743196,1.207187770376225,1.6817437117790197,1.9908532692090177,-0.20232909176076638,-0.0856572930474597,0.2092260204856695,0.06352772179953065,0.10932115464266215,-0.1674765663108889,-0.02390880048106388,0.031190421235666507,0.08306434906892075,0.022013352537121545
-3.2909952415371038,1.0456229060097606,-0.19816107803511918,0.2604404082256923,-0.1169009290585286,-0.26128435161439306,0.6394594851842909,0.10229177646195871,-0.06931619135843602,-0.009155029967233184,-0.14291991550780342,-0.044365746710007856,-0.11673465988399484,0.04076526909680427
-3.129112281062337,0.9172211641789171,-0.3156080870803563,0.4023111727628523,-0.09637005415875277,-0.3384586193506055,0.7051867365018658,0.19130698195044823,0.08919229040242556,-0.085980750784488,-0.08960649118266055,-0.17356009310036755,-0.127838394878824,0.045262406409682085
-2.7022680878275764,1.2332096525219498,2.159357852985005,2.619294619311521,-0.33400402292215076,0.010828074407337499,-0.022432022024876055,-0.13927353116534683,-0.17661187321731767,-0.054259515564499546,-0.03197972241654488,0.1042351821307993,0.1266317508526262,0.023106469790570797
-2.310613432591203,0.34710134626920547,-0.8412432309916721,1.687156157800466,-0.3838061313933315,-0.42046341808440924,0.5554071820963103,0.006463467233725208,0.02211931864957545,-0.25493432855248305,0.05164716232428345,-0.04110375526442743,0.06529598288745384,0.011934052560533873
-3.540757385324555,1.2665364430473611,0.20830152024518303,0.3780893800208856,-0.0818118753230897,-0.24699274210201477,0.6254982528478841,0.0397538223326559,-0.2255104085530094,0.06313079444545208,-0.1455768643959323,0.05928035650164786,-0.0948495848377582,-0.036403349296155504
-3.4741982060443886,1.2527436599686057,0.3140203062792851,0.3461354833068557,-0.10734309332156698,-0.1815494041512193,0.5404092552091156,0.04007991961331081,-0.19769274029304382,0.08119880998487458,-0.1517185279835742,0.04637357813593705,-0.09664395090298314,-0.03856447718878276
-2.173113594489764,0.12889000748315563,-1.557909869079794,1.4882272943883974,-0.4252017871693719,-0.48061206023303316,0.6564922818246147,0.03591303714806055,0.05583429433695413,-0.27896579309038616,0.021895318451765636,-0.04501855373773924,0.06491493818138654,0.0035872929870820486
-2.2130423755722157,0.18388641878721165,-1.353486928285,1.546085928703956,-0.41639916914387637,-0.4538916993650928,0.6159836137921996,0.016919990268854664,0.018020650425554893,-0.2694969112562726,0.027881380755535385,-0.05824632868014598,0.057214310172449066,0.004151462820904208
-2.3514669192094817,0.3553960698392607,-1.008463192461458,1.502760732209955,-0.35814712846771396,-0.43619043850543937,0.6272672587128355,0.054744067789486275,0.06133881087531374,-0.26179061777829554,0.00934023677094327,-0.04425327435547457,0.05559149467645043,0.003083087328692654
-3.377343417701411,1.0679092263073882,-0.41998340205413354,0.14528700000671735,-0.05108418693209055,-0.3496096801176429,0.7914028729765191,0.14735205716077163,-0.059780592450822366,-0.029527217965773487,-0.15506750508530526,-0.020224113983004017,-0.08693152423839691,-0.04869922059781025
-3.4625064404279264,1.1082822939372658,-0.3920512206842481,0.2612157637805823,-0.01196871469488452,-0.41470515610242104,0.8694916187983168,0.15401146113785574,-0.08166504151931493,-0.03557727596602993,-0.15109361211194192,-0.016110179926475586,-0.08180532588448858,-0.044314257050440245
-1.6432342037800032,-0.028105214208582443,-1.1838084563871463,0.31060137110432817,-0.840856346733115,0.21469737520813345,-0.32370456367642525,-0.15377094308982578,0.08082237591494884,-0.20079406673701392,0.14336159160772152,0.08007274937486308,-0.0037160760673312495,0.0025793507766116238
-3.3806651692411287,1.110663198609771,-0.11238253845008472,0.18305493785630347,-0.09206684661788309,-0.25077671670156876,0.6498716561699218,0.11059780752916153,-0.07575498389109599,0.02072851468126807,-0.1481485322170911,-0.016530995898209742,-0.1112722908951827,-0.04623509973377006
-3.242477972405681,1.0774758220400371,0.8502165196835706,0.05430728140169144,-0.176498376674405,0.17891448786527078,0.11990797759136311,0.24097815253734814,-0.09116598798038363,0.10316092633968119,-0.2761883092945367,-0.03795916081282085,-0.1007139266556013,-0.0458379493933789
-2.4889990232889896,0.5167168055661341,-0.6279775209324838,1.4708845351761797,-0.42367976303051713,-0.27890259341453505,0.4225148165992976,-0.025800362877504833,-0.08755675829758522,-0.1252496958075869,-0.04922159828789343,0.13226435281256535,0.06896280777851058,0.007040634355374022
-2.368286173570182,0.9534270961136116,1.4009477260636674,1.5172831229607955,-0.566995667276455,0.21708321834173797,-0.32977625987808296,-0.13367129086039087,-0.11070579553343766,-0.3941117779309414,0.16247925690894566,0.18264739596786747,0.04124488357431071,0.015033219099261759
-3.626844587766512,1.8609184334212427,2.5836831473186983,1.014568642457578,-0.008610955501267562,0.10203743949202068,0.1690839316070768,0.06338766688134036,-0.08661552538164027,0.10248095918194397,-0.1773325013368543,0.007110832164165788,-0.07560399514024625,-0.031105711803299747
-1.9328114439096395,0.6853176484110627,1.825706189273263,1.3385123297042116,-0.760281656704145,0.6331308086229723,-0.8901625946953908,-0.03152139835654807,-0.019194745308382968,-0.3193641270181756,0.09488601224700847,0.13076761110719123,0.03730822819523918,0.015012205760803083
-2.1065613396920244,1.0790982586168323,2.6825029677322165,1.259663813457955,-0.7544179011130357,0.8156253184519077,-1.1113672545856779,-0.3040064941968296,-0.09008659730005357,0.0946137362950945,0.02729492947519276,0.22892886883878974,0.08139325892058033,0.0191566270769672
-2.6173898996490506,1.0276424503286674,2.01976554946514,2.016157227440549,-0.3667336169766237,0.2140624534767576,-0.19679785325399393,0.0967351640803848,-0.043038643925966555,-0.11402261580253535,-0.12587850058242211,0.016590789835511904,0.048223231284576236,0.009107841063511044
-2.337185665477095,1.2599035167171617,2.7142921758879393,-0.9518641085223981,0.4147373436824151,-0.002994775413560911,0.3448331971396296,0.6921220624917426,0.9383417402912537,-0.5038883089775166,0.1999999868617235,-0.6555028559535477,0.5785875950321592,-0.05243954023435972
-3.3007986337971786,1.765101790110929,2.897447981235555,0.359717769100433,0.17308116508199098,0.1166996780530385,0.23475999038896014,0.434258744086433,0.6273620087730366,-0.11901506570535819,-0.08587020948790465,-0.3390508935679295,-0.05173656465392649,-0.08061251841352098
-2.4712399056548158,1.5359554231320534,3.740037366817873,-0.2452493005052504,-0.4357933635210197,1.0675620676911015,-1.1805721856822122,0.0025724804339956743,0.37079179667949164,0.3141212659203927,-0.13444949713753016,-0.13216077178440372,-0.021292832686691174,-0.04023076103635599
-2.9971461971651694,1.6971959120377123,3.1085985649308685,0.3683689611911668,-0.3621402908999598,0.6563032332366597,-0.6654672130081436,-0.10746388707430468,-0.008923977140971989,0.004696134600197712,-0.04899647392313579,0.017562934436549674,-0.12149907727828477,0.047097907020940785
-2.7279100590717853,1.0654058933438229,1.9101903773888105,1.8424674986719172,-0.3874788568194065,0.25392259888060525,-0.24366752964554592,-0.0012350893903068211,-0.24719959580929643,-0.014730312762842188,-0.1925116003365923,0.11068112220644269,0.07039798253345392,0.006005394952858931
-3.407317333458384,1.2629159601503814,1.369407558093438,0.3431389796422744,-0.1499838636230343,0.17616872960344887,0.0891692836084377,0.1898560826612327,-0.20990424221852616,0.12498972487206347,-0.271758783675097,-0.013352240236792533,-0.09358827477044224,-0.03851362600854436
-1.1563521873171578,-0.1448643438279913,-0.5090797458154417,0.5328519679409793,-0.8284244815318158,0.3392707308872943,-0.5098128015340971,0.02041396090675878,0.6193440763741659,-0.30718615782926156,0.20876895827665876,-0.22374766602760973,-0.024365508794868134,0.0030168572336183347
-1.4653942252759518,0.1306309568243496,0.7593743409516683,0.4226598865264544,-0.9008689226502155,0.8382973538238488,-1.0798161236403683,0.023429098344773282,0.19681606967822293,0.023143736470124795,-0.09915624877046361,-0.009374633672177203,0.019213391897250864,-0.002415247009313654
-2.633870095227794,0.8594409043298781,0.4854387972688923,1.5280076636452522,-0.31574650473698024,-0.1566791956229415,0.3025837137869138,0.002948977366922645,0.009408974279156481,-0.14473441319431715,-0.04273982326280142,0.04616420507232437,0.060354682139945576,0.008761056091973241
-3.259814018479617,1.2333989825219398,0.6446024843437294,0.360695467184691,-0.1406460430735075,-0.07129923357491146,0.3871770017702365,0.06558863759777366,-0.031767907797524586,0.020265289852099473,-0.1645881592933645,-0.05867903690527101,-0.11769001054945574,0.03824615397034072
-3.402824810470787,1.2737250989455364,0.48901904100849286,0.3278026708393534,-0.12793099837200997,-0.1163958035250053,0.4603726183535802,0.01804041204657692,-0.19293162754742763,0.08864621876617468,-0.21650496767211738,0.030694335113667887,-0.08155289609854274,0.03692724937804424
-1.6845976633387267,0.1165466149037238,-0.5830085511321261,0.4309615042140512,-0.8308457654264673,0.31209183942580926,-0.4570278216972403,-0.16344255119046372,0.07532255058989094,-0.13864737801918728,0.1265073260706651,0.12264281332766684,0.04003666259010833,0.010006860516720607
-2.6441200664074604,0.6499421861014125,-0.2875955108302439,1.5055195972789397,-0.4475810894733647,-0.19883614251693466,0.31318433549320773,-0.14894464872535168,-0.3151225526366931,-0.005611726719142182,-0.06827375182505077,0.2247586026948017,0.09787391625489655,0.014061875159121993
-1.3200529698898418,-0.25729942154362734,-0.27864266342342914,0.3260556850888875,-0.9192224059676155,0.6923637228909845,-0.8805369662966632,0.15219779784835744,0.2633773924995456,0.09016497524640558,-0.1739176019858075,-0.033585893460429526,0.037927631872240804,-0.001028359123865571
-1.51079972786845,-0.2275615208857086,-0.9588227833422215,0.27269714644255255,-0.8989030719070317,0.4138513165756307,-0.5661511751832115,0.07919381888888834,0.0969189116100571,-0.2953633048109795,0.05665072292261277,0.06447116649983299,-0.00360423751171243,-9.582974206948898e-05
-1.5685375543805402,-0.0005573465176905546,-0.16073578712549194,0.35431457410508943,-0.9118220569503955,0.5911643166102692,-0.798981624140884,-0.013472802948801165,0.03413846347018507,-0.12664924768316202,0.012877772747969385,0.11491090098954565,0.034117176512451705,0.006073722678654455
-1.225472344885556,-0.4817364989430405,-1.2777897324230214,0.018817627879378435,-1.0242742481625566,0.576576122421561,-0.7867725727054141,0.0158910721871652,0.12209686805169123,-0.05249537525536095,-0.024017183616173252,-0.001984767946832872,-0.016958814121598793,-0.003770777125255839
-3.37167492449486,1.246290373942595,1.2771043740611283,0.5399758181312835,-0.12085094190294628,0.10378750978029941,0.1901247311673879,0.19773456727194014,-0.19231690875272411,0.07967932659275169,-0.25402483801020237,-0.05552276656493648,-0.09065085599414544,-0.037573969283747205
-1.9520622435916968,-0.2070481388813694,-1.8031476679201328,0.8844641715839946,-0.5241352220190332,-0.2453302604303668,0.38888694541891194,0.26043883171972526,0.17297384887892375,-0.289695886387412,-0.05864734137320434,-0.10270813922306418,0.0273835259919905,-0.00010697110119296672
-1.0194680670915128,-0.6720052915001266,-1.7328839558259306,-0.17398452749097107,-1.0352684277868451,0.5324372128888499,-0.7260023483511815,0.09744212620278957,0.33276247452231256,-0.09221801614489565,-0.005770579635337233,-0.06641542401912172,-0.019835052259603022,-0.005071528495963629
-0.9742089361845934,-0.7545605383777433,-1.9638982665609466,-0.18971482873030898,-1.0842359550095162,0.5249302950466701,-0.7325416129583864,0.06128848349371725,0.27143964973892154,-0.06555664833505012,-0.01637004729984275,-0.04055202134753541,-0.013341784849336671,-0.007755801634491403
-1.3480363092130216,-0.5355366541114157,-2.557953119365855,-0.027588091350877825,-0.932820538824334,0.06461679688627384,-0.15089502240321273,-0.12408139757377387,0.1365686174869063,-0.23938450066527078,0.17300779221376225,-0.019065195914982708,-0.03350948278549713,-0.0005189851221301772
-1.23874369376774,-0.6027981134311706,-1.8841596756589505,0.022016850001988553,-0.9859118956614241,0.372353525098976,-0.5348866224747945,0.040606445542120596,0.06351188631656121,-0.24025133472963783,0.034957801146298324,-0.02138431318287551,-0.008862566028571281,-0.004439408151101266
-0.946054941301633,-0.7386525811702092,-1.705531940285231,-0.12333231096289261,-1.0956101719678981,0.5901800728995337,-0.8224242668653703,0.07313300953486966,0.2937884432908169,-0.018189037453405228,-0.03445838285849897,-0.05806914074239557,-0.010044552955841727,-0.003760372116320704
-1.5885225670102963,0.06315450095965429,0.5058159292110767,0.41527924438339914,-0.8625014994439679,0.7982206093978036,-0.9965850060602588,0.09893214837443497,0.1437723125299378,0.17641053805154686,-0.19533479793295966,0.04523459247497689,0.04390946020261581,0.00561777364269663
-1.1204376759152874,-0.6055861137733541,-1.6307520448501724,-0.08202968767772922,-1.0264659807765772,0.5124212825816975,-0.7081614506096001,0.0744704214295698,0.24076825784036418,-0.11302969633376901,-0.009032867062666958,-0.025279731039054083,-0.014434220371322573,-0.005206595165190863
-3.4841673562137654,1.2725613543746976,0.395909856063918,0.024841075759298063,-0.193591283852775,-0.011718374128991202,0.33507464234877166,-0.021814745719278293,-0.2823999826622884,0.19493926339028836,-0.20311659976579627,0.1513894304349363,-0.09229380680130245,-0.0397821924520979
-1.174910628715177,-0.6342121021627432,-1.8968910534372645,-0.08932577154630032,-0.9658290642009622,0.3832453146776878,-0.5334210174350135,0.11925689526907066,0.25187528878274534,-0.25491993802777424,0.04804444476363594,-0.07803590405460657,-0.038599163057589654,-0.004681096405357794
-3.080495399508214,1.0051908587076377,0.9453458239800165,-0.1739082403045792,-0.3048732997329334,0.3820434488811236,-0.16478434774650827,0.19735494394828337,-0.10314578879822386,0.21127542685732725,-0.31487800951462563,0.02499468308614898,-0.09479406666428443,0.037868336940937886
-1.1472661743907524,-0.6325819180149869,-1.8022967682202382,-0.18441429169502638,-1.0312674128815094,0.5139072836193366,-0.7029258310528889,0.06287007582155428,0.19414933469104192,-0.07988905319803406,-0.02468047919785645,0.005123192309078456,-0.014653358690540701,-0.006650632602315143
-1.1180881493870576,-0.6292127427787488,-1.7238195196971706,0.03541912727047315,-1.0357835974682565,0.4697385364899901,-0.6707635956852257,0.05013796347764725,0.17274235769488333,-0.159155619389751,0.010765789777339699,-0.024596154679484783,-0.014047396180120313,-0.006962494683067836
-2.078006871920936,0.577391609720452,0.5624431541990246,0.6703307085980578,-0.7417721747603283,0.41040185126687906,-0.5511125011940489,-0.2587320904574307,-0.12450265229441254,-0.09132339498730603,0.10120577256455421,0.1509127961135728,0.0205077332453414,0.014725703031628349
-2.149606723194135,-0.2737945186227651,-3.1067033842788474,0.7848681355335839,-0.5807675393670447,-0.5292596190909387,0.7237357871882812,-0.0739032779547005,-0.2301909108061824,-0.12605755918036116,-0.03209063287289171,0.09762816886335435,0.051148944178660824,-0.0013787277148232535
-1.8472882501137486,-0.10549800167936543,-1.1364960197965714,1.0767307211972779,-0.6219738556787587,-0.024983792859784786,0.061553240794331984,0.13473150949134624,0.06544485393408299,-0.21102447791448406,-0.07070727461949834,-0.0704113169411623,0.03900238692180969,-0.0021042319074333913
-0.9379591895407269,-0.6749710367636367,-1.4953963627598201,0.010363075537770466,-1.0043823469709674,0.504962476228257,-0.7166851513721557,0.17114761100716558,0.47194784610212,-0.18243909604475372,0.03662659414865109,-0.15225172602086376,-0.022450320579663757,-0.0006524653574494843
-1.3915940206755437,-0.5407764371349922,-1.8573532139968791,0.4288271708306898,-0.8357090217997449,0.18766866080924677,-0.2300932170680406,0.17097307140193752,0.2288060561613312,-0.10923657719056762,-0.09210275242322251,-0.111020589372802,-0.0035030225527642265,-0.007769892805247784
-3.233542059371247,1.0789125919961438,0.9121743682805048,0.2633516865254144,-0.24126298237346921,0.2257382870428778,0.030652067161593043,0.13630163201565962,-0.2767022985295188,0.18436902427869326,-0.34660886507634936,0.006549262734400999,-0.09098050102922452,0.034562308372316754
-1.0966003962610023,-0.5492819021698071,-1.3199597665966392,0.0028235525902640993,-1.038453208731946,0.592660488041704,-0.8159897628877094,0.05241776660753011,0.24400734310813063,-0.05465512924256468,-0.02550459648921237,-0.02452595938788774,-0.006950114893548054,-0.003419204131692273
-3.201758513804579,1.039975484944141,0.8383091241885323,0.26340718327122414,-0.23507184140761228,0.20289124957354665,0.0620135586055659,0.1843082349067056,-0.19357753836691372,0.15859681211697024,-0.3027616636301026,-0.040942871033661316,-0.11733979860542672,-0.04585407551753729
-1.2376177911819486,-0.38316580895743185,-0.961824373214434,0.10979321470358622,-0.9787873770428461,0.5792044651212183,-0.7956097246988303,0.04192808124296268,0.21825923372162861,-0.10159255847587235,0.00010526018534483394,-0.01605070598267926,-0.011094513316702045,-0.001388333873719451
-1.1222612630198292,-0.47567595164988763,-1.0585737517208778,0.27573923846470405,-1.0400135865912787,0.5821875981074127,-0.8317365265195606,-0.007284024043151075,0.15821409004862552,-0.09853681536778472,0.004141947475170312,-0.031715795090732975,-0.0049604336260209644,-0.0013450331313570312
-1.134527548450766,-0.49406190830545127,-1.1656410468185827,0.20127934243516538,-1.0469200364150286,0.5769684993306926,-0.8171276033590246,-0.010507239562244988,0.13866042022202235,-0.08605536603956017,-0.007617847855921214,-0.0312540440911461,-0.011226335439338679,-0.0030567249670308645
-1.184799781850464,-0.6479900857050822,-1.77719178893543,-0.07410329161201971,-1.0998802148606148,0.580091040321274,-0.806230328091336,-0.0636377761072037,-0.08747673423651785,0.04021740072577149,-0.0858753230887813,0.07025316227992047,0.014338953925039222,-0.0024756469545028663
-1.4688279558447628,-0.35754870445678644,-1.5479515032341877,-0.24610490648115366,-1.0039685255620803,0.5026715608020463,-0.6721653358197819,-0.12301106289292665,-0.09989549843647522,-0.038984904343263925,-0.003146734628970566,0.12258794023045604,-0.005140800940814873,-0.00011929189227971793
-3.2821685211173666,1.0919088725308301,0.863482516455498,0.26397881003158064,-0.17271252059258144,0.1270740333604173,0.16999387811561903,0.22301661245196777,-0.1283418461642496,0.08403133148440188,-0.2803562119754639,-0.06279670011209679,-0.12892477454438783,0.03902108855191518
-1.0547318604406242,-0.5505257873465551,-1.9390651089787283,0.06551168895170516,-0.9852954968298568,0.2751811590316821,-0.44828100803338405,-0.09015376415814633,0.36498687586092915,-0.16043464688718903,0.1493317451730492,-0.11499876283351572,-0.02518451899262141,-0.0019681486324914376
-1.327477489076862,-0.515943690925621,-1.783741900539934,0.13590871214370542,-0.9958793253224131,0.3652682030329501,-0.5290657853475226,0.009257688600479668,-0.00795209272818002,-0.26836907986238606,0.04703437766634699,0.03411826196420316,-0.020340856125137148,-0.004637521939693916
-1.161259677769062,-0.5684330607639986,-1.5301681010282149,-0.10355450577347607,-1.088938717688843,0.6317400740087938,-0.8682422356598989,-0.05924330411194174,0.0008969650895384405,0.06779480905285985,-0.09040257895041132,0.06888877070616164,0.019969741264272912,-0.004177934921618421
-1.0298542675621185,-0.8655335553015439,-2.4849274999142987,-0.5945853252570004,-1.1324893505863054,0.577599066324085,-0.7576525958893096,0.02970997156771402,0.134719426998225,0.09401697452745784,-0.11375335717462513,0.0336642993793942,-0.02217925351579066,-0.011913487119793755
-2.089559919111256,-0.16537775386660658,-2.8072128347676886,0.18191791723969467,-0.8072386521167947,-0.21811294088909855,0.25127824454962794,-0.24602203832509428,-0.44075232098103273,-0.3640551666643473,0.1589026619842058,0.302669650217178,-0.0021169857629917033,-0.003851502845591287
-1.304922233601332,-0.5658552945622706,-1.8103407651277563,-0.2401303205724957,-1.092899796192884,0.608853198818019,-0.8173549875044942,-0.10488296137271491,-0.13237753313700487,0.09007301840167209,-0.10802217439304641,0.12835274169109345,-0.011898620981725186,-0.008261646990585948
-1.2901481550642016,-0.5086042866354147,-1.5535405870427912,-0.1559512906760566,-1.0528752295441577,0.589450907388381,-0.7995763970283492,-0.03996824293646939,0.00491648003049773,0.026712329184783033,-0.05814345705912402,0.09240065451640553,-0.0075812590576427585,-0.001336194395804713
-1.0701827628831087,-0.6659551848944677,-1.7426052418385485,-0.16009599812994313,-1.0651406234201328,0.5768729869737725,-0.7987258473527651,-0.007845604978824383,0.12963195246910994,0.005345688424513741,-0.04309991388776534,0.003501852495533006,0.009644490146158166,-0.002430617364799812
-0.9436818826715804,-0.8438391286062213,-2.1476184517318386,-0.3687956540631035,-1.094448533227225,0.5572604445915681,-0.7627832704205234,0.07793497600753424,0.24911323662635693,0.014745381103551274,-0.05960379658051629,-0.03309120200905232,0.0059824064623025,-0.003262122931804615
-1.0038005457320602,-0.8818502809889087,-2.496880747162099,-0.48862856705864344,-1.0829202531146451,0.496305484870193,-0.6680772263668424,0.08681767454107191,0.22381897031793352,-0.024527421324523107,-0.0506277255483876,-0.030299117004474498,-0.03115650753547106,-0.005822798956541789
-2.7196737031573615,0.16382263651006687,-2.5777150376268017,-0.6959697204927405,-0.3124604952980213,-0.3988493212328126,0.7996588789862746,0.21775883569118046,0.13056460220418656,-0.04663464677012361,-0.08472057840065375,-0.13004723822677103,-0.1489854559829927,-0.05427300207785963
-1.289277513800185,-0.3578321859469373,-1.1539357110400803,-0.05164930500452002,-1.0227204952558264,0.5922501575553621,-0.8089758215611633,-0.05865686944936113,0.10781452101596369,-0.022584825971887292,-0.01190235138129368,0.06474328429245611,-0.006861778188010567,-0.0028925466527625425
1.461328688170398,-1.041147244798606,-0.4245475977212914,-0.6899672383768402,-0.002290925700913851,0.055574632937349815,-0.08871432850982175,0.231788595580255,0.7279325363336027,0.33458264425627965,-0.1460372485512302,0.09646465631420424,0.040934169239938756,0.0027664106621971994
-0.29823600941323153,-0.4930791760203748,-0.8293182668272672,0.3422181836140283,-1.1006931077964879,0.7963299964152553,-1.3307460465034706,-0.7913668923785603,-0.40891024722035846,0.5181151712117109,-0.1379361699520317,0.1243036120486803,0.2771149287293432,-0.01708522389976562
2.0154229455702226,-1.6548583069440954,-1.5061861917816357,-0.5538978919069736,-0.2475749461126197,0.09322497729161625,-0.2677454740586341,-0.18318587505112588,-0.07581112492271885,0.7906008018433555,-0.3445359334620497,0.15281720253499287,0.05219644364457489,-0.012292331447104968
1.9329869363938823,-1.5578135817829681,-1.5076189525621477,-0.6104538379632072,-0.048195530578184445,-0.16945312537031854,0.1022562785531307,0.11671761158932226,0.3439265246153077,0.2298944539365463,-0.10568424599638054,-0.0005147116759676178,-0.007651729887719392,-0.01100679695201874
1.0279055233659116,-0.8209845516006657,-0.3941255755798028,-0.8461856891939481,-0.0709685146650317,0.14611879679811204,-0.20027551430321652,-0.08779986473395714,-0.04379916729294295,0.5414180619638582,-0.2570986502001853,0.2069545512329967,0.039228281681522134,-0.007856934791328327
1.188546396767553,-0.4549384799123441,1.4708574308467224,0.32853488502499445,0.03671519188773631,0.17489898895662884,-0.32115776410041136,0.006100688855396202,0.34000241717041196,0.16778398562925723,-0.0634672114389879,-0.027513403287160995,0.0015760378382265407,-0.00816341607123775
2.0558607412326575,-1.6701724355993255,-1.6293513281776997,-0.6795541792550616,-0.09382820225096039,-0.08683747359923971,0.029568212391700932,0.25704346938968586,0.8153918173148408,0.2958730266645482,-0.11877515139169045,-0.17263247486067695,0.0225681078052657,-0.006864535449989398
0.6244234582330817,-0.517309354965462,0.05916747539327607,-2.035601107570333,0.15293019609017175,0.3528901442923745,-0.2002181843030553,0.205863584932102,0.6023196935453821,1.009771224916108,-0.498837548307927,-0.16856149877064514,-0.08069351334015856,0.02859805123999636
1.2206201185883259,-0.592105263814041,1.0266207217255119,-0.011625333208260561,0.06861011652603663,0.12538121484000436,-0.21545919964628965,0.16837760191313816,0.6583421903916099,0.13880288158356519,-0.04456292256716486,-0.1117123640764066,0.020938071762133467,0.00035928845985331844
1.8966939530117952,-1.430498596109488,-1.0872225876023787,-0.27712320022743375,-0.03763590239706701,-0.17251204034260587,0.09897288926108802,0.2075188086377269,0.6396435237327626,-0.014268303116297324,0.004321080013661513,-0.1252579053886283,-0.016545641008690756,-0.00789785103133786
0.34886456094442314,-0.38475590482162964,-0.0998881280701714,-2.046090262742775,0.19976705333924735,0.19868063491952234,-0.004273929227626933,0.1892643939642324,0.36193419004854027,0.6897800543333368,-0.3591414688296888,-0.02813812231648909,-0.10116008698285331,-0.055086218733013524
0.9034347392505009,-0.2856370568284745,1.5540100908484842,0.38217147895329917,-0.008517689526407093,0.20614245577482423,-0.3553362547677604,-0.04214115681319897,0.2210144086229886,0.07273532213334492,-0.03551192389115824,0.09183278054883746,0.01831210172389021,-0.006180384156448975
1.6561145908829853,-1.317183484739658,-1.0620045712473554,-0.3115336337123335,-0.13000893311945894,-0.05574291156614588,-0.0354045448156663,0.09077759400087815,0.4792877916231055,0.0996323250141625,-0.04895715541878092,-0.046329270476990536,0.0007418532817171227,-0.009587599131996
0.8345817209770614,-0.5285188196712491,0.3779172071236711,-0.3072368929841105,-0.035320825786544864,0.1262210226316808,-0.18289042116810808,0.022650113283491695,0.26371650271418723,0.11026398433550381,-0.07016642331764866,0.10244347517798622,0.008051921878511522,-0.006971845501442666
1.6237550569802943,-1.5425736609532523,-2.0194953700175584,-0.7699266122392058,-0.24462154517080686,-0.021292996480154966,-0.04302011899179758,0.023976062725395892,0.3386141194965384,0.29781612222144527,-0.15115921903122315,0.03559602235394195,0.022094606067152692,-0.011657159238560158
0.6971445756467834,-0.31423346471202246,1.0048416249624723,-0.03770045149019579,-0.05824702211185089,0.23413818178974202,-0.3325937894646614,-0.06564934778385309,0.152088696821728,0.1604151059392737,-0.09109434349043224,0.14159506477038108,0.02278858077669263,-0.008301222516099592
1.4014710633445735,-1.4049738339868658,-2.028164862651237,-1.1438909970587212,-0.1840149385321611,-0.02077152353842374,0.003123336952714961,0.06421311133739882,0.293894235013917,0.37754285638567375,-0.18825498309449898,0.14817947245661411,0.03766864591750983,-0.01555228145546558
0.2244607741016757,-0.3649130195415291,-0.29746185405474773,-2.2719644609012075,0.18620549154401386,0.21837475604572357,-0.004334323782192491,0.17005202804743472,0.2636118686443038,0.7718133856067669,-0.40329451036538383,0.0978182045426686,-0.0857756869768294,-0.05654128344451225
0.5433664734295429,-0.29973855922794623,0.582117895543478,-0.5837965962057637,-0.060666824004906694,0.2608763205781314,-0.32489303678906917,-0.08858972880939779,-0.026900666366418607,0.4069542953197535,-0.20237051197354425,0.3663271106513201,0.062162371819321896,-0.005275224774704989
1.9747567189200008,-1.4940453626332273,-1.283697710148197,-1.048321226603506,0.27032374748083016,-0.4327678930662388,0.41176669772000435,0.08674398061548794,-0.2843484552194393,0.320981661560401,-0.1344586224116891,0.1853142955419992,-0.017125546221592167,0.002338851897920641
0.605947211010896,-0.7289196657097377,-0.46917722011558627,-1.309919372782939,-0.08133382741565978,0.27396420760665974,-0.2590566929994841,-0.1769407360773363,-0.21834556261303698,0.7412753920215722,-0.30584756105089206,-0.3854655492210617,0.12188331321580928,0.0404478406712521
1.841443970760833,-1.0888201210725206,0.3248883913655088,0.34042269535199066,0.1050599675283176,-0.2008841826748755,0.0100684367390485,-0.156260399039033,-0.3806291396758172,0.09341856626487113,-0.017984426994770188,0.03345866932454617,0.017654915226012122,0.005312131867172343
2.4458684506713273,-1.9007393177130953,-1.6924103411164044,-0.12505503109385288,0.026627890869003662,-0.46169503985995425,0.272368438766926,-0.20380041466586607,-0.6607539766717127,0.1738709790026157,-0.05451849214940459,0.1052089258859736,0.007408113651864511,-0.007752279362646944
0.7966732736130353,-0.6247638622579328,-0.10133964711848374,-1.3689270106724205,0.28647940063579924,-0.13014877758316587,0.1963426297427141,-0.18081337545948492,-0.7902415802587303,0.48975012091903064,-0.270988726629466,0.02272324141996288,-0.12988338992088977,0.02384586267718994
0.3346438233292266,-0.14406878838717846,0.873003330087453,-1.193262069805327,0.32735058058396765,-0.00809953674156069,0.10683614322385969,-0.0915337504731261,-0.5076727518878204,0.32617549374520294,-0.20574543511674467,0.033421754154868206,-0.14282047924758892,0.023245377854902206
2.2724216911737707,-1.5856027136165793,-0.9024845569271469,-0.045775909353670916,0.15958849952565826,-0.45019162712092137,0.32842405865932783,0.039242694149663145,-0.11012324354048285,-0.060035219794730685,0.036798089877031696,-0.06477193302278932,-0.060992826645751036,-0.006516069591667852
0.5768392936741994,-0.421198280016845,0.20413780659707323,-1.5679228797412088,0.4026491150205064,-0.15000636111318827,0.31431875844917573,0.10971103905388552,-0.18791052899558114,0.2731186318059606,-0.15903902839951092,-0.0843836246998784,-0.137718617532526,-0.05281260113347079
1.3499585032904744,-0.6557820460992149,0.8912095437668653,0.06830693375668502,0.21508194453676524,-0.1549441514393617,0.0524360373626243,-0.02639606180947836,-0.20748018126682244,0.004353749847570918,-0.00426042338905756,0.07459405245983877,-0.02969628041515243,-0.0013221672597162823
2.7104536581977934,-1.7439013987777938,-0.3773921810065256,1.0113912812502854,-0.012362739349624978,-0.3551565001477951,0.04231640151993935,-0.2774585328752608,-0.5347741936235613,0.007320591661550072,0.035923676321842214,0.022671521201853045,0.00038607631884391276,-0.004786786540449526
1.8417784013380076,-0.912725185456138,1.1987546023345845,0.9861511137350809,0.062303067961446405,-0.0874610992037677,-0.16738632665588976,-0.19844195565815292,-0.2380699818261695,-0.016210852895572128,0.03680196794636404,-0.0835497366373122,0.007463201446732819,-0.0032750387986787
2.6883557076620193,-1.693774040171089,-0.2523477257886635,1.0627913570892964,-0.002021738236264313,-0.35252790463337086,0.04558553457324645,-0.21774176403884454,-0.365363294117936,-0.06705612145165454,0.06533983329084952,-0.01827282342727026,-0.010278682430715993,-0.004758643520656529
0.20447782562397457,-0.28864842510141425,0.3988084513678924,-0.8557465242661368,-0.01693929043914262,0.22609641984130185,-0.21093935968210106,-0.1979757720804633,-0.32216362197609455,0.3472407857109645,-0.11694727379780288,-0.32916941877136824,0.09246665064889038,-0.04333937107530249
1.8791569674936746,-0.9865882976298332,0.8822216099365875,0.974837562984994,0.03696721988523542,-0.13539211088520348,-0.11338602122270491,-0.20473389957161878,-0.3104737493311888,-0.08473137181333154,0.056327907487567254,-0.07632940536749103,-0.001834982034515041,-0.005635369012857007
2.6787737792171304,-1.7055789068118419,-0.2824206197059423,1.035703757849205,0.0003939057194974147,-0.3524008805227735,0.05419689882946019,-0.21763841557199523,-0.3694810402745611,-0.06310715275599943,0.06524664868558146,-0.027124275100970433,-0.014677695077148578,-0.004952304594947886
1.3629273828489485,-0.7985385338298736,0.5721267055720637,0.4177948110260838,-0.11225436812600319,0.08584701296564803,-0.34286745956081455,-0.4897069335356252,-0.8957780011129949,0.3963988220495676,-0.17591621572402816,0.2984650218780482,0.0662964235513921,-0.008926860323653729
1.4698808784321065,-0.6576262188812567,1.3489589279991332,0.9282849541288173,-0.017506451377612763,0.037951450886008764,-0.29579860072716685,-0.33607783733710644,-0.528133768133271,0.08128660284189942,-0.032841413360164065,0.1263097332778706,0.014689671023662206,-0.0033910503830622517
2.6416910837747842,-1.7235088542527244,-0.4694446332593167,0.9598196167313767,0.01016961836846758,-0.4036130300134507,0.12128602566266704,-0.2158995412952275,-0.41656424860297014,-0.12760932048921683,0.08733861719281899,-0.02200477965389344,-0.03613985254977615,-0.011880974492244992
1.487116993303039,-0.8868519686250708,0.44970886873877014,0.48955950542455545,-0.06105188081098786,-0.027014276346069795,-0.209256442462219,-0.3718343429974259,-0.6934849822483606,0.18525563818122961,-0.07265324027089044,0.16222054557324417,0.045502561594915274,-0.006897594404195653
1.3188119827045728,-0.45346811837952644,1.8288376300140432,1.0315251954531848,0.04825893468959764,0.03152381486711203,-0.2759414577204793,-0.2797360986755908,-0.43169034349264407,-0.045512492239365515,0.022240410178407468,0.10128986121668458,0.00451483062238367,-0.008104997760646819
2.590960853770649,-1.7907319891517446,-0.904627217393634,0.6319925595115551,0.02426463790464562,-0.4458614058805964,0.2110090056771155,-0.15524523800429108,-0.36609974389465677,-0.12588058446872746,0.07690613054795277,-0.04746614633164218,-0.03342677529023045,-0.010146842400463155
1.1515091471503347,-0.444961804114379,1.489585952027982,0.8148033314488478,0.012424986802333714,0.02745874431231037,-0.25725416517038474,-0.3501163507666795,-0.646470438671084,-0.004915139953394676,-0.003354818969292211,0.19353132012712665,0.015558579310898702,-0.005448144512283923
2.2794540941345995,-1.6691377967675098,-0.9660018689375045,0.8505596989601614,-0.23958771445657787,-0.18175830275913782,-0.07593597235168449,-0.1781545685547031,0.00984703368397002,-0.158281135022698,0.08572267152721386,-0.24791721972113628,-0.029523477071681757,-0.023404806249873233
0.6081839732153534,-0.29990283291274195,0.8694162365361197,-0.8637873923558043,0.24723782903790414,0.024341433410928613,-0.0031009088914106782,-0.19484284005853375,-0.6055373359416368,0.40157234903119315,-0.22994155547152137,-0.05728177560422127,-0.14152435624016796,0.023028234872049025
1.5000613852239013,-0.6351666714547269,1.4556291920145563,0.9425705588269734,0.0721352922624374,-0.0552233005526331,-0.172197652280816,-0.23480450391199786,-0.40631313607484754,-0.08119093645992981,0.03657951783171916,0.051501386304919655,-0.013635619178709634,-0.005325654914387414
2.6447719287279963,-1.61559787191808,-0.044898342261868146,1.0414556854300543,0.0035281768209925683,-0.2947030102410702,-0.01029385196849592,-0.18975430779418787,-0.2788511648169575,-0.00414087402184552,0.0348880704625967,-0.03310334982971672,-0.009267808713053946,-0.009094622594793532
0.03846911944472242,-0.1569080039286399,0.4839756230500336,-0.8682121555576501,-0.06317583411290462,0.26599767989845824,-0.3059269453819053,-0.22071431205488934,-0.26517466661687067,0.33675480911133604,-0.17468941270995475,-0.3097447074345632,0.07455576390810431,-0.056188558010130035
1.7552890790228415,-0.728209721664129,1.683661596681532,1.1875895607020177,0.10755497993296714,-0.08356784767682342,-0.1690590379782115,-0.16508031375994525,-0.19481086217128094,-0.13692627032425553,0.07908990242343923,-0.10156650788781955,-0.020726271424667757,-0.0056166326480546185
2.5267780004041738,-1.6609091901553803,-0.4958640944462899,0.7125370056539605,0.027046123181964282,-0.3656819895713135,0.11566705450129554,-0.15260485269228813,-0.29280987949274556,-0.05689027339933562,0.05600674002377024,-0.0504788975846723,-0.0183748495573707,-0.010222653035800632
1.4179226058981658,-0.8246425631906568,0.5505787048460684,0.42147584288701123,-0.03227954937912183,-0.022682614732041313,-0.19743584892998095,-0.3507031539113749,-0.6749355374218332,0.18911622766961775,-0.07723785191354203,0.16761038655612118,0.03982750107225691,-0.0062967699865561205
1.3143438892174075,-0.5570849203542474,1.395409197815028,0.6383282867070389,0.06908754317036538,0.0012684872440038306,-0.20539351889695776,-0.2276235658635212,-0.36105169808006027,0.04627703594961309,-0.005672438426791762,0.06446645625684101,0.01813974474292906,0.0009695249433181672
2.6430356129444523,-1.7527224839431408,-0.5824412131217307,0.7132629047821416,0.05007344722611361,-0.4068978409035342,0.15190987662149893,-0.16994798277794335,-0.39953217603644586,-0.03029139746234553,0.04359345989296354,-0.020428187020809632,-0.014498215729078466,-0.005391153451388492
0.34084713997581023,-0.562433819997391,-0.4920926023552723,-1.218499477187789,-0.03525559958367808,0.12471927240258218,-0.07685750135099309,-0.1845331852878137,-0.3650804374870614,0.36590550527665555,-0.15024002170676037,-0.31944781162658475,0.09496822869967503,0.03956137906473904
2.011722997157458,-1.107447739146809,0.6802231894028267,0.8307405976892515,0.11015174333716202,-0.23307636316206085,0.009897754824085324,-0.14982966960841612,-0.28997531827347717,-0.1085784601963685,0.06459218560237284,-0.1002674236985872,-0.029213180016360998,-0.005823907911476286
2.699920830509144,-2.0034112765438072,-1.966793300195742,0.23919079328581877,0.5366469804022088,-0.35591260329551894,0.08607833218301321,-0.14166957157313362,-0.23226269929342408,-0.09145180874091431,0.12077568824122037,-0.06933187549282886,-0.027722123510524554,-0.005944029235945692
0.10804578889712305,-0.26327592446110304,-0.18152494096228694,-1.1109432852214676,0.5279078086242125,0.30763244194517975,-0.3321408914205712,-0.2614639771091909,-0.394467948284979,0.2986583630850129,-0.062399669147283746,-0.22243590641222355,0.09342400111832645,0.04441437113029623
1.7707177480502692,-0.851328990121461,0.7934440656070375,0.8276333745042748,0.6301661186221182,-0.003703600066213403,-0.28057181174821616,-0.2094673530733281,-0.2248769737821365,-0.11884099690821341,0.1172068352388145,-0.07126670221171177,-0.02888774468909245,-0.001989340252746572
2.612997525409895,-1.8269868999830174,-1.0109876214696667,0.4242635970980499,0.021351391219753393,-0.39075735876071804,0.17764785443797615,-0.0882041944459373,-0.21389664350221416,0.0035736936790748664,0.012363653662390034,-0.08853089513227126,-0.03799601462290192,-0.013363069996375434
0.8461452579930138,-0.24329135152923026,1.4586154739769737,-0.21355919730605313,0.14973821152255487,0.15557436675892788,-0.18237991595823347,0.2532925859794656,0.7511358370301986,0.07490096271561156,-0.03402178769279878,0.03233886958096829,0.026846422235460937,0.010931861532978576
1.5177580216094009,-1.0738949452435071,-0.5585220710308197,-0.6328632032995039,0.1540043762413376,-0.21621045039629475,0.24679183915566064,0.4107072044265004,0.8884807378176623,-0.1426677750610287,0.05824216831250433,-0.04120423537688021,-0.008048802175902474,0.005104002054504075
8.359905469638,13.56190831229605,-1.6355358744990507,0.18278589513312757,-1.440681368335927,-0.3625264433728945,-0.6632155114991564,0.6497014028109542,0.9728188519238088,0.2733692161157228,-0.4722811574899906,0.04548808878421597,0.0732447650909095,-0.12496172566714321
4.227043452360729,0.10222524367181772,-1.9663140037404392,0.3417990226956524,-0.18756243353878588,5.076943429229049,4.167972121391311,0.6489009127332547,-0.6250913061549013,-0.05840762145846405,0.458120691440207,0.0939281249363079,-0.03138868279185791,0.019318099357824907
1.4380753549170173,1.1442301677023796,-0.7853539828391766,-1.3072542498206634,-0.1694892444563504,4.4201914525168675,2.9313876593976436,0.5032319937348471,-0.3073088117898277,0.28006747195665205,0.15158941196522477,-0.1943284713606168,0.08924803736650214,0.053799220036834766
3.4388270625527024,1.2702537246656807,1.2974408289795585,0.9948870635394752,-0.11391242820032021,5.589350672543387,3.534404457226597,0.6281153858268392,-0.25462940966901126,0.21728738989549493,0.35354734282977235,0.010332954449876874,0.0018604498071636258,0.02894149613380964
2.63216230738215,-1.8376095026623829,-1.020950396073549,0.29830857986878606,0.04862197897519711,-0.3883012513060277,0.19560110117761376,-0.0033478059057211666,-0.010863914982046235,0.023914860793845277,0.012111871823835128,-0.03308593766705314,0.005639026652970297,0.0024525371666248206
1.7074638841213596,-0.7222264770775167,1.5003586147041457,0.8167040051692033,0.21916215603422293,-0.17501740745636107,-0.007780192281198642,0.009707707706135086,0.049952877944685496,-0.2027761273418958,0.11139949193328291,0.005532540469012163,-0.0037306258758761134,0.008703255915418203
2.4230272730097604,-1.5099133636058923,-0.22735565096634386,0.4589947527687869,0.14089336957870438,-0.3680599849588902,0.1863146717545105,0.05988043607885126,0.07505082034251068,-0.09177478485986267,0.057657249884737964,0.004816363731439518,-0.012912310410865725,0.003970204747269752
1.3260253308620096,-0.6682634169681974,0.9296899299083641,0.2863969990358049,-0.0033053113625116015,0.07648778040372474,-0.28927900641824406,-0.315162976043477,-0.5590078042224589,0.3622494027814302,-0.1511829093387218,0.317264278884427,0.08492165207287881,0.003705552772149063
1.023556896174372,-0.11639576719301203,2.4537826008239763,0.7628645685770488,0.10546263423178924,0.17638352014471884,-0.4001928342609044,-0.2437302128544089,-0.3819175201944777,0.19826238465372117,-0.08076563022620767,0.3371428999737842,0.06132928748640478,0.006728379385042177
2.450692430911001,-1.743428819893614,-1.136561227390127,0.014239297942672664,0.1149565712268116,-0.4474209183669422,0.31863524445340874,0.09817110938020668,0.10713307642031601,-0.07462836682597859,0.0528994756576409,-0.0035474386377435546,-0.009134604068226687,0.002239576269442534
1.6706009118154892,-0.6987025086114832,1.4635289594666196,0.7238906137568833,0.2373818293428865,-0.18784087931772964,0.03317063219547209,0.0715339795293027,0.157805536633761,-0.24321384437775115,0.12063014949557738,-0.041401818240092036,-0.019727231045022327,0.007083110464590995
2.3880450581367816,-1.5745785334764204,-0.5923533160712641,0.21897137641991613,0.14320815029231368,-0.4009011147012429,0.2560466841479674,0.11783751580775513,0.16684821294401853,-0.11029950350580581,0.057595277377835596,0.006085275051656028,-0.01921808593278616,0.0029981669054128714
1.7374050688778326,-0.6472991195233193,1.8530315468021257,0.8381806230323215,0.23223606088591373,-0.08985953953490648,-0.08908203866478238,0.05823601982547589,0.22005014184994331,-0.09884117816785253,0.05899104495800704,-0.052681160880386095,-0.015167666922481516,0.006562259595978011
2.4661526726139704,-1.526548917937486,-0.21548464500196993,0.4266856787851087,0.17244561878626855,-0.39515420632384946,0.21827526335494857,0.056262395251250534,0.026130720767269827,-0.07310530394759605,0.05443201017758977,0.035866488917317335,-0.00987952651192903,0.006294739063786313
1.982250791196882,-1.1149111896234227,0.4535588307823434,0.4250250706298899,0.1887438728451153,-0.2816278042844333,0.12651308544813306,0.04076435053716793,0.03615906768635438,-0.11631011073695523,0.07299459539210539,-0.04462897761511166,0.005183683106704257,0.007050279177755003
2.529891120981628,-1.735887636880174,-0.9054795503228514,0.17653217238355168,0.13164633909357032,-0.44823227630249435,0.2904476624064308,0.05738514792365076,-0.0026024335441065206,-0.05207441372832021,0.04008403016644536,0.023616650873038356,-0.01601658881749888,0.002022177063472776
1.7795813242786076,-0.632548445854395,2.062089492778015,0.6961589238406972,0.24753938583704707,0.011947454862198052,-0.20019317874628328,0.08073543604178496,0.315060259557541,0.1461144292944478,-0.04008802154964776,-0.057124945905851286,0.01487581021170793,0.01177709127260643
2.339918878069242,-1.5261279933476328,-0.48826522227422625,0.3089070437501001,0.15232443787352024,-0.4203892320791053,0.2712553908829271,0.10967788857334997,0.12220953849341767,-0.18529941280807927,0.09120859751493618,0.018087212722873686,-0.01884243520894827,0.0036985084649681556
1.8048957982286284,-0.7217476557464434,1.720564361710721,0.6930587206507923,0.20759913919812473,-0.035278826392594144,-0.1448793812700707,0.06837755952190468,0.29691731136495697,0.05927253857604649,-0.0027527077723849777,-0.08106026344579145,0.0027200013330710426,0.004956376791934654
2.4202629822966326,-1.3842543927720017,0.2569481268263724,0.5461443013887491,0.18175461573018886,-0.31351224782548326,0.12148920798975811,0.06534172764282759,0.10386344879105415,-0.012491717527291779,0.030379316376239616,0.04161136444736075,-0.006033511183733662,0.004487789789833756
1.7384173005989054,-0.6044498471022052,2.0388076403225397,0.8672615001965156,0.2618711279659107,-0.09360295335629308,-0.09733980080526587,0.030733633136465335,0.13293556266525386,-0.06116824073148936,0.05254762779959967,-0.019659748350514997,-0.0052755279064915185,0.0056397156235293115
2.4561096162810805,-1.5255816753131797,-0.2515597432992119,0.3147986933248605,0.17143703705323343,-0.36310411392348135,0.20070507543528507,0.10793229468938893,0.1425845165536515,-0.020747296350878783,0.02670861466700347,0.03081161293371586,-0.005295673523203705,0.00712213160255424
1.607229427045301,-0.4501873249056858,2.29778097015087,0.8551870774705287,0.2811793833456526,-0.061624527973055704,-0.11950304384145871,0.08125690390978847,0.25216600633398756,-0.0910121471914806,0.06172782500090884,-0.002910098406442994,-0.0065710561390338205,0.008122666274655218
2.332187326727242,-1.35491380433483,0.13964760982079544,0.42676028130939203,0.21457131451689299,-0.3609220456243477,0.19592850325894395,0.09948201129672056,0.10671165119223391,-0.08914021296037847,0.06067931721836266,0.05503016175872878,-0.008253551189197876,0.005540468022708317
1.5856885461391879,-0.5586627272151214,1.8383847117228997,0.664314958888033,0.245339312639304,-0.07648948934505222,-0.07184779379567734,0.11091811141009408,0.3316402868487074,-0.1114389225346686,0.06524891329715918,-0.05595424684701828,-0.01720022803641391,0.004697292175424852
2.573370355423434,-1.7322428624142912,-0.8411258094001217,0.21817149246391018,0.14521053806991424,-0.4596780063694818,0.29640903592370144,0.06405740829968636,-0.007902042450859344,-0.055988770731440346,0.046859654400998325,0.0479923745709115,-0.005155523598489029,0.004940456941886556
1.7518725077982542,-0.7117707788077741,1.4648512872810036,0.5780418767573526,0.2950656733573056,-0.20381766796521303,0.06810354946810007,0.12788755057905787,0.2087208157955283,-0.17230582436298503,0.0830973672616899,0.0030042874671795286,-0.02728416940787721,0.0044984263645626126
2.37826433016721,-1.3514032839033172,0.2666993118680468,0.5047412522089775,0.186744236429572,-0.31738641181374205,0.12842915134896515,0.095438344021251,0.19044884145404936,-0.03368900888057564,0.047947890780544525,0.059227500098148284,-0.0008914852733701376,0.005171567352328428
1.5949625139038082,-0.4967906056323317,2.1063647524360256,0.7530346583052643,0.2727468297597643,-0.07447048904187947,-0.0979462417446799,0.08619832103959105,0.2496976937625311,-0.07926394201652638,0.06425867933634491,-0.011255445284065349,0.0006310510698387895,0.008602356239455208
2.4351762836009074,-1.5392344826202808,-0.3632202085414762,0.2289038176209804,0.1696832031334354,-0.3716291848532453,0.2156487760940814,0.09790990682189095,0.12705597992368858,-0.005558584528293583,0.01997788480006852,0.014417673070697311,-0.010386403026013518,0.0026929694438370556
1.7629710152999052,-0.8039331184985596,1.1031706374880794,0.2760915747079599,0.29613675835660674,-0.22057489213171405,0.114050158184705,0.1800040000911596,0.30917308391120873,-0.09647411244751768,0.05800423886183214,0.005495059069864015,-0.020050400242230353,0.007401674068104429
2.5170086276951102,-1.7452107594576858,-1.054478211630882,0.02979091150534038,0.15350036063114,-0.47578234131072866,0.3465468216271491,0.11099932525511119,0.0696980032388735,-0.07037723595589489,0.047307212077400865,0.029258213245553506,-0.014929957165981143,0.0022078031044133425
1.5224388350647808,-0.6386285643887109,1.240324909627573,0.3010003170151691,0.3038460913608548,-0.22889395938099152,0.14299218824490464,0.17172759640488788,0.25329657991412025,-0.23467267574399625,0.10983324514317958,-0.007331828088519079,-0.03066680751514604,0.006928645077099184
2.2603621320885003,-1.3605465540854549,-0.06741915045517638,0.27281035080403965,0.20306360194226977,-0.36289691435776356,0.22210988996105796,0.14062684955505309,0.20030002252883447,-0.10701254018727428,0.06329541291532964,0.050975200860247726,-0.018316288649381146,0.0026666833541224228
1.534874031530247,-0.4853846460020707,1.9881703943885467,0.6060847150392125,0.28588454416721976,-0.08439396388322494,-0.059274585462822646,0.1286316508926262,0.3248967085918587,-0.09546871868153081,0.0655982454904002,-0.03447338228923268,-0.012865786804264222,0.003973258793842927
2.513478202679235,-1.7397616457343044,-1.060351549448824,-0.10738070365866602,0.17619587899753464,-0.4577579870076665,0.3412686732875807,0.15064945377233424,0.15460329931820466,-0.002653758003777619,0.019200287232970906,0.02339479786892609,-0.014773420856566232,0.0006887365367273659
1.4766724809222664,-0.5554190842491488,1.511859760049282,0.41166335819359834,0.304196322885033,-0.1959028939643784,0.08937207857905467,0.1415804440915251,0.21588637850614154,-0.2199633404411109,0.10809844596569486,-0.007869481363142373,-0.02081769100069454,0.003691835330995485
2.285531261141589,-1.4789478177464321,-0.5514000742489682,0.06812431005065386,0.2211854571388892,-0.46093390168247955,0.3526143905342691,0.18037207937399136,0.17689418678499355,-0.18332539699564507,0.08744999537976997,0.06258080554155138,-0.028989421569040812,0.0051664120689311685
1.4766844158494024,-0.4572840372657705,1.9575798520505698,0.6322944949398879,0.3297994973839879,-0.16382332939131736,0.03790217322073299,0.12961606696447114,0.22468482307903698,-0.24018174002280734,0.12148790084396625,-0.019743657106522337,-0.032173870437354465,0.00599681814410442
2.3143910678140096,-1.494172950548776,-0.4728036586709098,0.08015021753819486,0.20404980948006013,-0.41897371007612255,0.30088928073330856,0.16943691209906292,0.21124887729699868,-0.10460359019963522,0.06221515440024295,0.07157243783291672,-0.011079734184607533,0.005648199367468669
1.3887313021083227,-0.3817316737185779,2.057172583341439,0.6283226373388184,0.3192513739275174,-0.1369856748597826,0.017698064550034375,0.1524467281549057,0.30957190693439146,-0.2625553037035063,0.12785059001856605,-0.02481558306800976,-0.034685703937687495,0.006223482603282406
2.363875445593862,-1.6040258278204396,-0.8785751978053898,-0.09942611922603416,0.23188277561749546,-0.5139657628001661,0.4208093327441901,0.15118242620694286,0.03835058621510981,-0.12459111577640726,0.06590379437034849,0.07003606503926901,-0.028390806820667622,0.0033837311946537897
1.6393323004873612,-0.6452911491959219,1.421658458814664,0.346147802749803,0.338755023705968,-0.22068236272287858,0.11885384703030541,0.18443996577319954,0.26009253339861665,-0.16026018902585235,0.0798860804300818,0.033470320227875994,-0.030427013681276226,0.007976274775150251
2.246829727063841,-1.375132514710948,-0.22632938575504036,0.060813157266532844,0.2892498542343129,-0.4652263491684048,0.36880115028203053,0.18466693237849333,0.1381041148858055,-0.1617627747088776,0.08380775299603532,0.09004785997985276,-0.035041825626846636,0.006638408282317949
1.4738455511655972,-0.48272795500420196,1.7166036839509349,0.34091676626302175,0.35349094697502714,-0.17529115511467092,0.09664386033083144,0.23879388464213377,0.41636653851400074,-0.20898147249622384,0.09196064182411458,-0.012458703312308826,-0.046570421367220706,0.0037181734013055634
2.2568877612722424,-1.332480427753597,-0.03728794034603867,0.1334065719909266,0.2627899050316889,-0.4057388550692032,0.28795981032751017,0.17298466407677185,0.19034120162766424,-0.09235401051924973,0.059594028515202575,0.07239662614298645,-0.029942631250718672,0.003773594557246822
1.4765188529694528,-0.5384443716465397,1.5177235260086714,0.17619879350606643,0.3328172108645348,-0.1497713281966428,0.07741365656438558,0.2347021298665731,0.4245853500073733,-0.10601422694054617,0.052965089616281616,-0.02912234409074777,-0.03504866999023972,0.006869111615589916
2.19350079197265,-1.350771319550615,-0.253015603719078,-0.0527590287577688,0.2738568918213547,-0.4166289978124416,0.33257939218062055,0.22544935113225995,0.2650424895571569,-0.10869630297091125,0.05579681476348361,0.05348347521186057,-0.034930170499830215,0.005763574435533267
1.6957113178011323,-0.8079334538761009,0.847546012225295,-0.061185134343098385,0.35125733480968596,-0.2784637859445521,0.21511133064706828,0.2622245657391543,0.37426117992133284,-0.08985976579444765,0.06004491419427725,0.02964440776175126,-0.013880661462531646,0.011713370874538505
2.231331457763723,-1.3891175029277814,-0.36003662674441805,-0.12396106737835379,0.2921116600657875,-0.44705506775650955,0.37100831976485454,0.23965941277959335,0.25168255763919023,-0.10429152377474137,0.05118322818528018,0.06191618795006818,-0.04304988332270614,0.00599607987662375
1.4537987755496213,-0.6447342408092807,1.035873472844707,-0.07042561365370324,0.3111049415889356,-0.18020357404293336,0.12619384620300875,0.24196295322168948,0.4235325442244399,-0.08143805218452692,0.054549229180754534,-0.04463658720168544,-0.00968966192636988,0.005606356786035416
2.1838888516758788,-1.2996125847913664,-0.12390242876890059,-0.13245019585878157,0.33462253873743164,-0.44520099113743866,0.37503299560224546,0.2494115139014112,0.24859729602791394,-0.09325188723325581,0.05537496982866168,0.08930319082851988,-0.03698973729746749,0.00847092776149862
1.468516904994891,-0.29669944426348815,2.50137558614096,0.6006544517671814,0.3893765262608863,-0.08527385568989154,-0.03855525602831407,0.17822215391769916,0.3136107427296293,-0.08697601057478392,0.049431562356676194,0.021147879098786973,-0.038976316065808134,0.007210097015357894
2.617532224106605,-1.6398607863222356,-0.342808903904186,0.5543308839450751,0.14506737833137695,-0.4140846640215768,0.20558336776439,0.0018465596231788649,-0.06178997064942029,-0.06069725603880756,0.051652805504216866,0.04874418142032287,-0.021930383497406444,0.0005645868026246039
2.0859414956697115,-0.6902151765430574,2.427134788258305,1.3171513848120249,0.2154541333703753,-0.021003403475313716,-0.2588486896411892,-0.04372261576981202,0.08801211568183984,0.07687247719084381,-0.00013924373274217173,0.016555587769575865,0.0003450479247769216,0.00406755859108189
2.752411335259112,-1.7464647142837717,-0.4252279439531088,0.4328694401561902,0.07489443724513416,-0.26910678792129433,0.04869970510103929,0.03370532309919421,0.1770545933103721,0.20232949393702077,-0.06456877893869406,-0.025390210047322916,0.00765027445561891,0.003674980834483464
1.8234068828856462,-0.5082997452066307,2.626179281039146,0.9814611188177353,0.19835589046006002,0.15242699376563634,-0.3830878603132653,0.06765033257898463,0.4829740513967117,0.24363707228141082,-0.07680331179174138,-0.10590064683549777,0.010191767931995742,0.001686952148079614
2.7712360318157945,-1.6351146018565035,0.04867745355332623,0.5270530639278075,0.11582726087174428,-0.22028047891583813,-0.004622460762890616,0.05109996575266261,0.21545765885308021,0.27480542146637077,-0.08992551165452248,0.02223323902929223,0.005764718260898537,0.002819183353530094
1.9817830490285324,-0.6563071724955536,2.309601038072182,0.9168151569568812,0.21236821116183416,0.09124334713185166,-0.31225526465705994,0.07744693107599257,0.44079179292844317,0.2436209234032709,-0.08370484289318664,-0.08014472354169462,-0.006127891579213081,0.0018938271630808542
2.7154598059515234,-1.5929826078517282,0.1391018403170092,0.6112046284917333,0.12149851522705557,-0.23954334025828056,0.009980919677457168,0.03216097249644324,0.17727171044236506,0.19889111957158537,-0.0533992043691882,0.029300204678657283,0.016555352371114215,0.0019498422724066905
1.9334943140541672,-0.7442066021073048,1.8275840343936254,0.5576990365779122,0.21961043309444397,0.035774162210297084,-0.22232287531000708,0.11186969751090028,0.44519400935354875,0.2794810979302893,-0.08657891804214785,-0.05033138163908318,0.021429197692426155,0.0052210865151662645
2.566496475976522,-1.4189605314975287,0.5036386486736951,0.6096246458091815,0.12204442665580961,-0.14441150390646249,-0.08380061195717159,0.07102104376757787,0.3427677834702769,0.24395879393334097,-0.07140888741659986,0.0023822723148872855,0.02332561482531124,0.005526779690814233
1.862389741080628,-0.7986442240879645,1.485428893896421,0.4204155413894018,0.21311853449990514,-0.007765415669044925,-0.1508598227642276,0.12066906998733334,0.4341323602633714,0.20427793946161046,-0.060597727661363406,-0.08367189245177385,0.008947059476957784,0.00385858045591512
-1.3361155130209552,1.1971737473094899,2.978000014500641,-1.8428064992789008,0.4228080847056458,0.5300624765821463,-0.22357396864119408,0.13839813333031262,0.30190727194010913,0.4433162747025847,-0.22233309939120935,0.008382768383845496,0.03322782333652327,0.006737128638290813
-1.4057764899187346,1.1711143343973835,2.6484201274878134,-1.8774627649343418,0.37203303815751265,0.47791292411805497,-0.2105803094288415,0.15442925959120934,0.41452013683661504,0.29709509392370914,-0.2201665767614465,-0.0524674940619371,0.008195468641226146,-0.013608058424576611
-2.082917136090603,1.479494636161903,2.4239787954629093,-1.635277769566417,0.46470577567823373,0.19717973921443396,0.1790282822293663,0.08396434111317154,-0.06879820621290908,-0.5351627871435574,0.18027862009408116,0.09885273891979873,-0.0506184864527857,0.0018281612008353724
9.248002548059537,13.926314648045958,-1.3682524129223554,2.0278240982778115,-0.4486898118314997,-0.5285422586642231,-0.6001510302085024,0.32478171822814367,-0.49796211543927754,-0.7164762865734051,-0.2272138506808585,0.107033822523675,-0.003563901389077016,-0.31063187782903356
6.949609197526426,12.114403924461685,-1.386766257925097,-0.2068710681497703,0.2190956440483499,-0.09819430671179476,0.17051601667477914,-0.791781391096252,-0.2134173682738722,-0.6159516606937516,-0.594801601620616,-0.024293560117996795,-0.169330754263453,0.3353838818971196
5.543986131869495,11.03926483569453,-2.4518851003644855,-0.7831779609594697,-0.22407830225706574,-0.49650647543580867,-0.8741203691130067,-0.918233406921221,0.21124599480416675,-0.06880257312733379,-0.22853010243794802,-0.1870219576609536,0.04567302693915365,0.418605360686824
4.374647967005926,10.467517656597694,-1.4132953360342286,-1.802101134210308,0.3633469261884115,0.48022892759372754,0.45945413457456935,-1.3144465276921362,0.11976994377406423,0.10531636169240308,0.4454639888597054,0.019687513360436514,0.07783609583453621,-0.32346379391560043
-0.4175026485884741,0.0835528326564657,0.3362212478227613,-0.821169914027175,0.11383777766282255,-0.039411220499067486,0.05922618471627001,-0.2170747827433304,-0.558037441206468,-0.338611890017627,0.10145882439010509,-0.20987079283933058,0.052398036138549695,0.024398004626772347
-0.5334625978969576,0.24695817904936757,0.7710539302661505,-0.8664233849164064,0.23129257529584357,-0.05387089227234247,0.1451897949282184,-0.19522168783167007,-0.7235951029440058,-0.3223815453860871,0.16974716434263548,-0.07084265063953035,0.10514938227198907,-0.029755429126456304
-0.6202959472604115,0.27296135409007416,0.7068440720656277,-0.7632557531446104,0.19084930257123287,-0.04597611283945038,0.14767551580322294,-0.18192028671408197,-0.5945461012630474,-0.4724007380727831,0.21188199274161684,-0.14828973519016236,0.03955828702821225,0.038401093378573
-1.4838304815513452,0.7433732148793665,0.6994951216363428,-1.987730033150925,0.37749729019982486,-0.028358941615689155,0.3181551249019001,0.010740423585913879,-0.32081839518005556,-0.4144357358130209,0.08807651357383249,-0.052979709931570654,-0.031266532317854326,-0.02023897505005136
-1.5114595904062111,0.8553738721164859,1.0751059203624986,-1.920948224455492,0.515519069304606,-0.107531988620391,0.4671541228233204,0.03448474432938205,-0.5019476211880552,-0.5170348255083491,0.19154227845639726,0.036650406903679204,0.0046707345888350816,-0.0028536991611226212
-1.7486287150986077,0.9230304517739228,0.7163748312459179,-3.3413682483989957,0.7351577383003708,-0.059359904128343,0.6656644438747726,0.5794471543595254,0.5565727156221107,-0.25143378898092866,0.06533906303489731,0.437990445830519,0.1677161687973806,0.02854396362365738
-1.2978588974615912,0.7013886751283984,0.9026230534821926,-1.927278309124048,0.43178747711776905,-0.04266767881412867,0.3154028408211391,-0.011085908250581233,-0.4197126180819361,-0.3159301677015554,0.04722854617894373,-0.05482351486049758,-0.007115252349842171,-0.014381615051257981
-1.698992725330668,0.6558296727201495,0.5983790565347993,-2.7171536354972603,0.5113387133408455,-0.3435066366800048,0.1893281883158383,0.5247597220953306,0.8744455415958955,-0.4043327949187819,0.1377237730895629,0.24116314986798054,0.10680574813631522,-0.0264407241065018
-0.4571414382579784,-0.22293873821830498,-0.2006325401488325,-1.2976438171562903,0.09314221416303904,-0.3332895078506844,-0.21699114575705047,-0.18862648863922823,-0.34910577851981656,-0.09704866377047748,-0.04017238524094421,-0.2006883459896943,0.0708764664115868,0.02579409453714393
-1.2578669349617762,0.26742707400377624,0.1155224753850416,-2.453043000627955,0.4393110280947006,-0.4191936152262425,0.1425302331928143,-0.0002742460929462806,-0.37805086354658923,-0.08390992202029168,-0.023582589467236417,0.010383947734177902,0.03955001131966914,-0.00038635062051431705
0.22435671603127297,-0.3383406017294149,0.6180557399914792,-1.1944740477351323,0.5311063573746282,-0.6839637851561985,0.15461719886252684,-0.06920636361778938,-0.5718337093186536,-0.10184976127502363,-0.015545328145142116,-0.012021955414225167,-0.12124779933991273,-0.048322667738984276
-1.4519810543229204,0.594110369399535,0.9704139811000451,-2.112133040477083,0.5581365101195696,-0.47884563083667875,0.20384169233246618,0.03227569825588235,-0.4115221184324828,-0.35898712113454995,0.09086505996974366,0.03952897996273837,0.03781519042998064,0.01023442780752472
-1.3930887873453885,0.44481205047261146,0.3837701663800106,-2.2696837599352615,0.4176149454821151,-0.37947728157136434,0.11613625678323322,0.025574875030077077,-0.2174259914651196,-0.2583702885257883,-0.004823546539587205,-0.052244057812111715,0.00044756331525749296,-0.012670638710515788
-1.4814833106546763,0.6352723563133192,1.0349754007602596,-1.9586189596622645,0.5718012961481009,-0.5219403109844805,0.2650982263171394,-0.011712116708244414,-0.5780095590692974,-0.48687474770913763,0.14451585553510846,0.044137357435708006,0.020895304989806532,0.005882179641399424
-1.3482342423687308,0.526092450880863,0.8088588072655527,-1.9504524960095386,0.4757193704396259,-0.43636271188879977,0.15215508878084924,-0.07584877201920527,-0.5299902124349036,-0.35113955315578455,0.04417860859045871,-0.05978885822081688,0.012869888873565534,-0.015455179764178187
-1.4400555470503822,0.6724095216580621,1.2125518975625793,-1.768220137376003,0.6032756809032144,-0.5694174174867256,0.3230467979553422,0.039153368501425784,-0.4417858845806744,-0.6615515112992297,0.23137206894634443,-0.06424474846500196,-0.006446189484408098,0.007554748324199699
-0.8387754682116851,-0.06828887003376795,-0.31671287045317675,-1.415290039681907,0.05523122416586656,-0.26569029213320566,-0.13983867818637827,-0.11081328165073565,-0.1631669047488807,-0.2752840456413549,0.09416790025973272,-0.1782230719319076,0.014754599106116617,0.03679665695141283
-0.8087132122697016,-0.12325025218293979,-0.4433079089181896,-1.0247028742293969,-0.16049514373540152,-0.13137515468136726,-0.3660268776092709,-0.1564685329865486,0.13228553123778145,-0.3481138407665462,0.07990637541899884,-0.46006433579452466,-0.10038982432801674,0.003959422978846666
-1.501495570470661,0.6325498534618406,0.9699858641190018,-2.0930257730903157,0.40141990044590686,-0.45024615891406283,0.22100304034535032,0.02393695516008808,-0.3649400067428416,-0.3819953031087735,0.04190986776436989,0.01873892596560081,0.019080503821008628,-0.012523156953688714
-1.7226422789788682,0.6923026362494004,0.5526818468283315,-4.81809204453429,1.295263412461571,-0.7642853034749989,1.16608271005749,1.2689355142193746,1.8693490571182572,-0.45476213740251803,-0.018093286175533536,0.8573447733943601,0.0896394564009697,0.09662009966761453
0.3522280503472641,-0.5407689986966724,0.8466557807965108,-1.3203382877113805,-0.5653349463842502,-1.0182289371721964,0.6994523695713876,0.05496214950050764,-0.73250752982313,-0.012429130397862823,-0.16637249269839888,-0.013638901662199514,-0.08505085135843668,-0.05146422059126735
-1.2410290535491817,0.25288904976140875,0.6946099638918378,-2.383625033244191,-0.5432734126132466,-0.7431385876491902,0.677313617692775,0.05872647512455184,-0.7388863496784708,-0.1021868023033125,-0.121568900426639,0.06237247541838348,0.10061591386740767,0.0049489907973565145
-0.9790529157779805,-0.02543225893730765,0.1467623404327464,-1.6645826921227898,-0.9384661076750535,-0.5167665011904405,0.34349684113032053,0.25556778387230705,0.4476458886158531,-0.3766427041329288,-0.026338340055370987,-0.2424767990730558,-0.14322718573603824,0.01531330955431416
-0.19481131370579483,-0.46401456232633126,0.08969112933589701,-1.3228988757076892,-0.8319157835056686,-0.7121331992508424,0.3946257720115856,-0.08825708791954658,-0.6890932989759933,-0.043626206682159864,-0.10583462843772921,-0.1652645135931997,0.1469323770300756,0.03991821755115042
-1.22913201830106,0.23194629435672665,0.6364737023292549,-2.3990468249575487,-0.4998269893494093,-0.7488623734557601,0.6685167953102289,0.06041598342688452,-0.727778468319249,-0.11111151717518589,-0.12229624878299823,0.06683547765963527,0.09218032179402078,0.0030934443700404014
-0.4090129829129848,-0.2637697383470744,0.41322642215567906,-1.2456285983154307,-0.7611038568020114,-0.721837539772608,0.3843901283888235,-0.15053484819965493,-0.8951454532063097,-0.11738037434126099,-0.07566657532080935,-0.03519617572143726,0.15966791529536112,0.044782843606230985
0.11934866590614056,-0.5365623190155995,-0.2535072814125249,-1.4337012482741385,-0.7770142611890571,-0.3837517946083524,0.6412628111596329,0.0504493414757544,-0.45970100126849117,0.0035820652529795893,-0.07134788490225899,-0.2652919043044305,0.14009328876744656,-0.03614695772917735
0.4659063530416814,-0.697282774528952,0.2792022594382596,-1.574600434100855,-0.39570521994675256,-1.0057924123779316,0.681535593071329,0.08883465016303235,-0.6636017381324099,0.048243489318202354,-0.18063420819296766,-0.0036995975405790557,-0.07411653221070365,-0.046646757574031104
-0.9844255306474248,-0.06498166188602829,-0.23312731902720735,-2.7315498815351407,-0.5083825526264697,-0.6782574129658695,0.6430160407118988,0.11478848757930282,-0.4753335507586036,0.035530281648469886,-0.22174557068704273,-0.04751734760165699,0.09293530606485349,-0.012880066117286702
-0.8209515895027053,-0.10926499263261817,0.06744843622430494,-2.5972917942870253,-0.3824017545631927,-0.7573442793824576,0.7109161872504118,0.18929638449089514,-0.4128076288458654,-0.019921849391900087,-0.14074317890909496,-0.10599969050525979,0.09010434311630953,0.004454387156545735
0.04998431100631177,-0.19558728002537784,-1.3667549404634143,-1.1759005619941376,3.630927460059809,0.6483206276354094,-1.6179929925848666,-0.5851749465770426,-0.3125731505604831,0.08915310206411295,0.32465730368114687,-0.1492620357913105,0.09224336267387255,-0.018768851848724063
-0.7281837170015675,0.31502204678820256,-1.0324822122338928,-2.270031939823125,3.9299110088959095,0.6082632913270538,-1.3331685992778297,-0.3715288121544185,-0.12177439978483294,0.0692694350374826,0.2835107196092509,-0.06710878195092349,0.030006653513132614,0.02421676885077537
-0.9444955794032931,0.6488906522573537,-0.09224160595648455,-1.9911260131954833,3.9360063541129793,0.7421525690164781,-1.502933094468539,-0.4706968243618117,-0.3081228130828882,0.1619619306018047,0.2378855635339434,0.05448360545039642,0.04355049236467173,0.029053806153202095
0.06907665926618917,-0.1401581946311338,-1.1019362209298311,-1.205310836076053,3.6303340851495975,0.7355058864449995,-1.70894776103005,-0.574078318903642,-0.22932442924184734,0.24618834548561946,0.2599561020956383,-0.10931334304718889,0.10930241929172782,-0.015525571809590308
0.8400491735036274,-0.25820022767217593,-1.0229895400475908,-1.3055833841052564,3.9732484952328373,0.7015968950737321,-1.0647501104252624,-0.3724591205946739,-0.30723101376763634,0.15687452451221418,0.2706563381791368,0.02007698218718797,-0.13006447251623124,-0.024548172528861805
-3.6367751306290605,1.4641981587601796,-1.909062324771791,2.29177205648952,4.836634995894625,0.30608504743420095,-0.2611988425374881,-0.2871007536620004,0.06233054958795108,0.11633669434291753,0.07638994327016226,-0.3929310649663148,-0.1778894543261875,-0.03290165337194896
-5.711307218172749,2.4615488854817786,-3.0844394045135073,0.1514732615887772,5.885486885869195,-0.5628087086086032,1.475131501196807,0.24717035939717483,0.8991613763215628,0.212790328390924,0.01722851613012326,0.23508687416333734,-0.08682131077509964,-0.06192144521205496
