0,1,2,3,4
-2.579480698748005,-1.5911290115850616,6.859773994183972,5.288734179571883,0.4671330929495249
-1.9517202238517906,-0.8552292230387295,5.129175366557367,3.7953479435820445,0.1172512780417451
-1.3364888123058927,-2.206520517695286,2.570741064097166,2.4722824883343435,-1.0415569549028034
-2.1993041766664967,-1.7151687293136333,5.974467729880745,5.671245643159779,0.917875657544484
-0.951195478623614,-1.5613791601788303,2.0124957766497467,1.4564755696380307,-1.902049346295392
-0.9788529184973594,-1.8298866649633474,2.2802196758468383,2.418169415240882,-1.4395907237517651
-1.1322305158846062,-0.004060864583296363,2.5370654156795482,1.3067181811374462,-0.6371051159963249
-1.3750798183795918,-2.347278570045158,2.3561164364390144,1.6575362295462968,-1.2264202760944407
-1.1204133821765025,-0.025168417884220712,2.761124825044696,1.5943379872085572,-0.3604636712060018
-1.4253733086718157,-2.5315691936103164,2.4861681987110633,1.9928093340259065,-0.9199836045982517
-1.3246831946053608,-1.997861324084448,2.4374830286005573,2.202713873956804,-0.9798037153588158
-1.7188766851414563,0.30540926046017586,1.53516441670411,-1.1131611604818243,0.7353237983837217
-1.8364763693417296,-1.8676933966931317,1.1531573995082822,-0.9899248089304652,0.048741387976392166
-1.9552009810143791,-0.01592697188119954,2.4062100225887146,-0.2871743127272179,1.2538005965010133
-1.9713291704674567,0.096227416829805,2.4742391949479736,-0.25731431263016247,1.240567020352877
-1.9990783644371288,0.07146846351307005,2.550708991428368,-0.21721111228204792,1.2682165972485686
-1.11709227570263,-1.4339499461810963,0.3074561621000444,-2.0720650912633447,1.1985419800925399
-1.1487372667052744,-1.556636629972272,0.2962763188285739,-2.360391304396366,1.0106969714719605
-1.090347544328514,0.3920764765085837,1.5414839053908418,-2.7402249324942045,1.5359421317933095
-1.028430014045197,-1.6253490618366595,-0.16396156330900444,-2.3996314422198504,0.678304240148772
-1.406360693678216,-1.3230003389704847,1.0495983443764436,-2.1812555504430895,0.5508332411289454
-0.9468153588813694,0.419672428959611,1.2739755593362654,-2.5849217986158046,1.782253757712759
-1.3325644842912368,-1.2349414611573342,0.9618381552354325,-1.96109646489627,1.0675994347861129
-1.7262388259930015,0.1854144722548683,1.7667353128273138,-1.16505490167393,0.8162881932409336
0.9231601868201473,-1.9855341924821859,2.3129544285277595,-1.111654568846496,0.8868312092642264
1.1847390027386677,-2.0468161821463613,1.4256007341776198,-2.0360593683298664,0.4304055663251171
0.8495496630488347,-2.4610373547160695,1.5675302656950667,-1.4229304155430855,0.46394315308491824
-1.9560072789336502,0.3133242575796015,2.483462324802251,-0.35516750121946844,1.213883049591271
-1.8583919470583428,-1.780858937965786,1.327272335800214,-0.4335386215361914,0.37868052733208546
-1.9160896270621341,0.025835742710576474,2.2856436615107203,-0.35902678854060704,1.146318511041059
-1.9728239360757724,0.1676487925628771,2.4747811980948473,-0.3118120906673405,1.1878818159046172
-1.9457773359958,-1.5810997298746274,1.6086751087440505,-0.45642134738060747,0.3084279811441792
-1.8889158863164701,0.006712561605653994,2.1873178123489088,-0.424556285867466,1.1472558872384098
-1.9420272753052772,-1.3578661673455195,1.6580254195339923,-0.41647343780368373,0.1848955437106761
-1.8993488587474594,-1.6232999077769434,1.4455719120933572,-0.4161190157797735,0.1367864784207433
-1.9034012725546101,0.055776384714366904,2.24507832518719,-0.4557119311420837,1.163794482401253
-1.9806550737881385,0.06905935247741932,2.486379114367851,-0.360626954523945,1.1910489958409016
-1.9792368333368575,0.2850396085801375,2.5508846629056756,-0.3613228591486602,1.108708096293865
-1.994866134753671,-1.4274254241607145,1.8163012660919193,-0.4471231769405524,0.23720548522460025
-1.9948416954423425,-1.502159534422174,1.7996721162077693,-0.3986785834457164,0.2841521065691351
-2.025753193505006,-1.1047935507972737,1.9730352650034666,-0.5141005535274329,0.04270236380427618
-1.742889122277732,-0.10094664500198358,1.8491900240465569,-0.2805689655634665,1.3968316671137906
-1.6220662175068656,-1.63875991107296,0.808700145650955,-0.29784438740928126,0.3995981791445308
-1.8336088236548023,0.2500131687095733,2.198523569950939,-0.26791930652333484,1.2889509003189323
-2.2323628939186957,1.058225520689656,3.43225002409181,-0.3231680240101386,0.8449197389755965
-2.315578516441926,1.0381475595724032,3.6144277255592887,-0.4178220619533634,0.7928877938852296
-2.431917957395266,1.1915845060905794,3.9506131884357396,-0.45106835873551626,0.6480917361564674
-1.9075991940979626,-1.2671949688900142,1.6743840260376754,-0.30344161788478574,0.25357915685957055
-2.189681889575374,1.0644748163120183,3.3035274060674995,-0.4418994140786872,0.786397852775506
-1.781902521163013,-1.3975822674174938,1.356969286183914,-0.16399562547584307,0.4579261015690603
-1.930493567436267,0.6564522464256463,2.5697016673239528,-0.1860642609493953,1.1597827676900478
-1.3930267238843206,-0.735648135558998,0.77722658606164,-0.32367748793608786,1.5851392149379717
-1.2958589374557279,-1.9964714800931214,-0.053957726340503526,-0.10134952890090797,0.8812945293620978
-1.3225553721145484,-1.8618958766491749,0.07574752291569488,-0.004235031354479518,0.8865194218937178
-1.2781516835540914,-0.9323919884591377,0.41583638010663854,-0.11018094630448114,1.534352207250578
-2.1210914742482467,0.4798329729147725,2.9476233460553556,-0.3371680248197217,1.0171598474325279
-1.7949061068251875,-1.2219170838209998,1.4189630331644811,-0.23574640614884154,0.4420809651147064
-1.78549960206371,-0.985042929759121,1.4836765243994536,-0.1575490573592392,0.5152383714112969
-1.1973449555477191,-0.8573921372048324,0.25949134410052366,-0.1764019319534519,1.9656548714737647
-1.761381325835792,0.2679648628987515,2.0400550769256225,-0.13714324539777895,1.4191987966258335
-1.758071409066494,-1.5475295399302988,1.2017179437812453,-0.2162904265973253,0.5066066355397872
-1.7276864811321995,-1.536435177427603,1.1237384041460217,-0.263446080021337,0.49265707976669393
-1.8265072964131657,-1.674171250428613,1.314527899921223,-0.30273606907641604,0.4480610230141118
-1.9157607234854845,0.31884281921694585,2.43184846808432,-0.25980745483342305,1.3048886990719855
-2.038602441161707,-1.451734385074915,1.8776534254897992,-0.47058831339844476,0.18888471259806588
-2.0125600106818093,-1.3119851865143786,1.8857621870882322,-0.32402995436377613,0.25664743053856853
-1.8889788362260045,0.562619998526195,2.4823214707284644,-0.16090549780641913,1.3072559314029375
-1.7727920638253578,-1.564611501903611,1.2503167345087745,-0.3066378662680763,0.40232274465033413
-1.8380226223162954,-1.3085609787870847,1.5292147381976602,-0.13469138225043265,0.47287319050876275
-1.8551065746652402,0.4811123148057582,2.3578389364490904,-0.16001932327633933,1.341804569804573
-1.7947615751754302,0.2256341003250484,2.118598349407442,-0.13331625711027123,1.2931904488867896
-1.839324631324001,-1.2574175491752324,1.5427167105495094,-0.16603305710820088,0.3464741374704428
-1.8498207736826815,-1.3028774108067862,1.5480777309239533,-0.0983521729880361,0.40324879554692916
-1.8612534600412767,-0.013363812341929768,2.1549897159267437,-0.30632973489643583,1.1184143158360915
-1.7309313419245633,0.573015394289005,1.9906293781359665,-0.9163718585945392,0.7825622136281973
-1.947209793437097,-2.01305521844987,1.4736953196699698,-0.5534749364499564,0.19560752671356288
-1.8192352488192098,-1.4949252950271563,1.3563148603719322,-0.39098478114844265,0.3182871832689739
-1.811492821321677,-1.5546709327882997,1.305453470037191,-0.36979686994081473,0.258512879795426
-1.7953345997118875,-1.350989582388463,1.3558834177677581,-0.23555086571754305,0.3843243644230414
-1.5601596633590242,-1.2890579335253856,0.4369432616416437,-1.0041067367911523,-0.013919044898466399
-1.641784860893012,-1.523119063400615,0.6711394298341089,-0.4701163636466915,0.3205673291938709
-1.7127316631918978,-1.4949812664415512,0.7489135120232226,-1.1397929636440278,-0.1559196663160692
-1.6951783323035554,-1.234141062968196,0.7649734680226665,-1.0775581466421267,-0.19230018237620786
-1.7629928643577315,-0.05926241680751547,1.9141871928015108,-0.2673816748936165,1.2959867922613901
-1.677663394924524,-1.9763950634479905,0.8382423902081022,-0.39866680292692863,0.4058475007540619
-1.5832451437840827,-1.7201073561812708,0.7280300926324719,-0.2882469139031629,0.6413505356482275
-1.4998423050111427,-2.232683163415117,0.3077076554517166,-0.4153173520740369,0.6133214089959556
-1.2485556119487167,-0.5641522848712811,0.44970094796412013,-0.5691932118370421,1.4690421607418247
-1.1151414149211247,-2.3651728729639103,-0.7212906940955244,-0.9269689036994219,0.4959836190845261
-1.2495778824456607,-2.2600320853465727,-0.28897483344985947,-0.2173141079856578,0.859869737611186
-1.2097822249509644,-2.7564476780075506,-0.5975961421709057,-0.37938761795357967,0.7784086327059128
-1.1627499200121525,-2.259254414347523,-0.5072591852903764,-0.12612635722833543,0.8806094884924625
-1.2755398712529815,-2.3928583286090914,-0.42643755723905596,-0.16717624394937283,0.8263981098299455
-1.3563082615195572,-2.0266255086316347,-0.11764852112352145,-0.2844620378742684,0.7879869401569275
-1.2410726364426232,-1.810583911031886,-0.39172767979144535,-0.7127009127563758,0.5089421403406229
-1.3204264887136448,-1.9587112087723768,-0.24446949954913674,-0.6422057445220651,0.5399844910070561
-1.3191813412219289,-2.0800468385817825,-0.3580580431505402,-0.9598377884153434,0.29352942097771656
-1.1513981496217243,-0.3379418709548548,0.11075970000697374,-0.879881646244405,1.409754441915077
-0.9884184524281373,-2.4856744324485964,-1.0736605407484603,-0.8508936695588107,0.5924437396966522
-1.0007249320385272,-0.9009671216130873,-0.3582086535073914,-1.000195196376963,1.3143696554097997
-0.9819081890614287,-2.385949203277802,-1.076794208557059,-0.8706690594859893,0.5430520207290535
-1.262334095638765,-0.842492899396933,0.19938925573395738,-0.33853277099714363,1.606992674001579
-1.3049066657287642,-2.070119079373571,-0.28321741468059247,-0.3295276640233006,0.7657408057476409
-1.2297686751720864,-1.9110921924881186,-0.4834318874303981,-0.8006973638517592,0.47757865074087985
-1.4338831509047307,-2.436426110712928,-0.13470797392047165,-0.6175883233673504,0.615341748733552
-1.3295257690993774,-1.7730515426216347,-0.1935043036676737,-0.6513300165145276,0.5283448257314094
-1.3445504651749418,-1.6531395150708037,-0.20594492808267184,-1.0750194934508261,0.2106046808650299
-0.7151991794513078,-1.3528089606244513,-1.2890588999648165,-0.003254305400405484,-0.48809477216935243
-1.0632744039874962,-2.184932066299755,-0.7898661995872566,-0.13048986282022465,0.3801276929490078
-0.8124943557471718,-1.981685171746175,-1.3776882952428913,-1.0711808572926766,0.2207605548357336
-0.9245187282051379,-2.3408163620485753,-1.1386865072159846,-0.7984304487009842,0.7022198374467903
-1.0086871662805592,-2.0500059537683932,-0.8318678669930984,-0.7844249302013135,0.6464636659311974
-0.9172716471912172,-2.185935725855044,-1.093770654399857,-0.7727172306013335,0.7471983311482953
-0.961532726299053,-2.348166592635485,-1.0628121270614743,-0.9135942840765116,0.6666590384187919
-1.3157067151667274,-0.9610703020317231,0.2834695054875269,-0.40885752553036486,1.5077294859404238
-1.3333137521226903,-2.170512986296111,-0.26830013407257725,-0.47109697663975936,0.696078613371357
-1.332727593955172,-2.089684526494444,-0.31727677501495233,-0.9253699532526645,0.3786215025635979
-1.658628433968119,0.5381054817765721,1.572200659348714,-1.1566059470600383,0.735135198275763
-1.4157902706177312,-0.06958191648590316,0.7138566185482295,-1.272475846788482,0.8311679913365877
-1.500362299307414,-2.1568077830732393,0.45326734334748414,-0.4885883595175661,0.6112180797662169
-1.5659302180592223,-1.751565886633046,0.38852337492191974,-0.4235512206962531,0.49459933162336706
-1.6426228345850786,-1.8326816470417024,0.5432788802089046,-0.4953069652763221,0.4344053651187052
-1.739661097723537,-2.161582516988355,0.63918615034044,-0.6612582704852497,0.36794473580592785
-1.523588778092973,-1.309499251735049,0.350951853946908,-0.9628360306755647,0.1205452175769741
-1.4864244402626197,0.8466611232675318,1.4878723033717685,-0.891282321119554,0.8883614507649062
-1.7755389381373918,-2.306293799929311,0.9513464985536199,-0.5801344331470321,0.34357226866904983
-1.6092125726646003,-0.7362047524927079,1.2896938401138043,-0.3229006482997048,1.3630715499227746
-1.5019893137313767,-1.7514552835753685,0.5279179844890513,-0.23184334356162786,0.6414491491839143
-1.4912503697098847,-1.8752477932014613,0.434779637866737,-0.3153802125779943,0.5365703044332661
-1.3791389384752668,0.1408291946168318,0.7164698531933951,-1.1762791502111345,0.8179941042704116
-1.3822873465072487,-1.518368577749406,-0.013633760005240182,-0.8302032838015272,0.291775595919131
-1.4338086589263146,-1.626811444460536,0.04039630976877662,-1.0621655319074768,0.15083598782378013
-1.460953111283332,0.24841595501143532,1.249710575915876,-0.8280952759483536,1.0824442721068368
-1.7682511113300905,-2.431243805251463,0.9064437627710037,-0.5747226919942521,0.46749704085849464
-1.5240292134220443,-0.5317323252230431,1.1494799193778305,-0.2291585100513322,1.295732075853364
-1.5183936166186927,-1.9092884942484303,0.512383018453354,-0.29830768578614997,0.6311800505177952
-1.4357375762322455,-1.629433302957765,0.35406131672048574,-0.5281950374397751,0.44110787859043193
-1.5533935982926268,0.38202530353877034,1.4921741748676913,-0.9267089640791027,0.9762383933343565
-1.605754445745543,-1.4597449355030852,0.8697821253868119,-0.3188621095384799,0.512373739940707
-1.622417165052306,-1.9409259067277917,0.7351404157962347,-0.38299984387965935,0.5275673138311492
-1.6711170827250008,-1.5465052191033746,1.0012058194888562,-0.3061211039153466,0.4847489992173153
-1.6164902571573032,0.3720717418910309,1.616592726000928,-0.9358400356569606,0.8457617553871396
-1.73686652916125,-0.2934583360420028,1.7322528380411917,-0.3287503912973159,1.3286151817072809
-1.4414627967414202,-1.336913654707383,0.18175830400335355,-1.1736699773705825,0.049297160919813884
-1.6240113717819011,0.5972995962611276,1.4124383815059953,-1.131299909366893,0.7284638176905968
-1.5808731421453848,-1.8948198474846307,0.33859802312038945,-0.9727515434355629,0.19639877588732585
-1.7207207109260905,-1.3368580879546776,0.7812320044638631,-1.1601232793378187,-0.12765316591700684
-1.7229152745291156,0.6883629632060257,1.7828677730792322,-1.0161332097398432,0.7826099684779868
-1.7864495414798596,-1.6733845205478388,0.8461876106846312,-1.2541839235588284,-0.11490688032520147
-1.5704007280649375,0.36627057163251847,1.302724839602361,-1.0998989515992037,0.8206854290406761
-1.5187867006750866,-1.494011950359298,0.24334986912041215,-1.130581050854625,0.010707875948527958
-1.5429846454433012,-1.885371005963918,0.29734696861585197,-0.5292695614476753,0.49707491331097814
-1.6873056858001965,-2.242781832950253,0.5225651397662078,-0.6659761612186397,0.35531011392249323
-1.5369598901568269,-1.4953176963946422,0.33892617665885205,-0.9394033689252007,0.12155263741910646
-1.5314888620442058,-0.42617121145798187,0.9466942598023212,-0.8775586273638387,0.2339569050029544
-1.5734759942595737,-1.5938836605774087,0.38747860670881046,-0.7752598677295934,0.13910261930771334
-1.7917826008295072,0.9400275405955635,2.0042550756147253,-1.2099979034911166,0.6270978326689558
-1.7363174031262165,-1.475159641099302,0.8691538027955898,-0.7766440347190323,0.1617394692082352
-1.3554415857745168,-1.622817677912714,-0.11401648629827635,-0.7907702547878261,0.40248028348163223
-1.3095155567500625,-1.6825441363844578,-0.26049612200056155,-0.8246996834372283,0.3302457087462223
-1.3602995079190896,-1.7045495818911016,-0.1462390447906228,-0.7744352116124725,0.34174442296254887
-1.3376477118264936,-1.6500780118575387,-0.16631391076973034,-0.783863394383879,0.39896772385997425
-1.3938000885763657,-1.7966017217984602,-0.016612652526869044,-0.4777412851632366,0.5971179177771889
-1.4922429464773448,-1.9969205360105124,0.12632052154038811,-0.7104015914327846,0.4666436906382971
-1.639973704344605,-2.4278307207459995,0.3191692633654526,-0.7574270227389645,0.39919864932225513
-1.561214973394521,-1.6453120948346451,0.47905464678968657,-0.338669843829494,0.6026758682769715
-1.5570674696636682,-1.708736979622722,0.4318953378946766,-0.31837930193487957,0.5515692300126748
-1.5397184808565998,-1.710861898605444,0.371634657038094,-0.38760412242818537,0.5355136606420848
-1.5464357334196224,-1.6941039874833947,0.3933830748745951,-0.3798960674733879,0.5180957946520537
-1.5745725973340916,-1.7857828878747686,0.4093516095493779,-0.5123819905896971,0.44964133264733214
-1.5947672192951101,-1.8972353985673052,0.30056454708035885,-1.2740680255683152,-0.024584464600101184
-1.4598655730971501,-1.2706764101993866,0.18567068895157773,-1.0252986847605279,0.046519374851187366
-1.5731896371760383,-1.5861338688324034,0.3620012736350413,-0.963818883151636,0.1097141324869783
-1.4526070747232644,1.2825834593855356,1.5301200522461817,-0.8718607568553493,0.5543749722616833
-1.7805614845896076,-1.5666687552761638,1.0026692745276014,-0.6786690906928665,0.18675750488344747
-1.973624618313381,0.7462948827901186,2.4934428906530894,-0.3857053037250213,0.9650820479880201
-1.3838094553140587,-1.432444482886515,-0.03366021495188943,-1.0763535963329165,0.03355487173288169
-1.843694073337154,1.2124921543366791,2.247696187966199,-1.2134758757631074,0.5020165940353062
-1.931719928288588,-1.5988498247657237,1.3505098120661032,-0.6307464341236697,0.14678980274858844
-1.896004458641152,1.3229958744384402,2.4121656950236456,-1.251512964439417,0.5094819943875236
-1.857625459744378,-1.7123617325211162,1.0691291135660526,-1.0301933125629463,-0.019189519069886116
-1.9950843981877908,1.2220893752754198,2.830903426949829,-0.9563317945374196,0.6034748069084306
-1.7825222580747118,0.25176875119380393,1.867369221831506,-0.2740977482260448,1.2618970286675772
-1.6952306580191778,-1.5809153886948317,0.7808844728893728,-0.7166966672185002,0.18744841452273983
-1.8926381451748753,1.1683828984577227,2.3657773648928773,-1.091726756462727,0.6441853695738188
-1.599480149758441,-1.4753712017255323,0.48214857798749067,-1.1173615572653148,-0.07938968512919181
-1.8521044316031567,1.2825421446327574,2.2561862450372123,-1.2764649257390812,0.5441591634132406
-1.7799959973978574,-1.4719192448467002,0.9972002486492683,-0.811394949930635,0.09889476664980928
-1.5050941697740512,0.11565908164627901,0.9346990530167791,-1.1352806702125764,0.7648070878994774
-1.5923659079733532,-1.650586561618145,0.7320952058058255,-0.20632518316490892,0.5004065309686125
-1.681020391569342,-2.0006826870151677,0.8044592331276301,-0.3896005267550401,0.43263556317233137
-1.706678677174182,-2.100195987890839,0.7529109357735946,-0.9061597312472838,0.11630510131118663
-1.5019584010671199,-1.8215855691698455,0.11775534367035953,-0.8721446880843904,0.19655685426533367
-1.8408048989360035,1.1254656051745977,2.1994148521866537,-1.19181223385247,0.5658347537491092
-1.73466300528726,-1.6727417989627869,1.0424721815738915,-0.4489467648672367,0.3260565518330897
-1.581318604011842,-1.8763359096812549,0.6037052732662894,-0.47271891419787715,0.4830465057530242
-1.8832781604860176,1.1907761444368068,2.3391391479329715,-1.0892319204607661,0.5596113822218843
-1.8105483020764286,-1.3302360632764534,1.0670187985970176,-1.0983007939048146,-0.15164332028872599
-1.5577162212747597,-1.6924193572212536,0.41333225619862274,-0.5833611308556527,0.399103628639838
-1.6480100099089379,-1.922728787296605,0.5116761896769083,-0.8827599215374177,0.224051821310769
-1.7374935459335537,-2.2827396145868923,0.5766548253927009,-1.0592470514455037,0.16711879682712943
-1.6182762691589507,-1.4902204121444715,0.5859779490245091,-0.681012091762057,0.21875289862284913
-1.8882345158233385,1.1262920257068016,2.3104087971309193,-1.212799294994913,0.5024189191680216
-1.8288331169404068,-1.297627353804432,1.193489847999869,-0.8114860116223108,0.08521732616399257
-1.4134471727621576,-1.8568330399437478,-0.07433221984344103,-0.9055397437001187,0.24380391107034502
-1.642321924649755,-1.367206675612782,0.6847216628322613,-0.7512249876659556,0.20814184969477104
-1.854995960737201,1.1986973623257702,2.2774599774399924,-1.1652891955589346,0.6513470371508018
-1.662881788534504,-1.1273951634620913,0.7764864257201964,-1.1867265343970759,-0.09246968938635983
-1.4354442966165177,-0.283903456220573,0.9177001182222928,-0.8961978132100188,0.9754449737406252
-1.6930736284125276,-1.926575350845064,0.5612299235947689,-1.2454974641313072,0.045661514845871144
-1.6595950818388665,-1.5716860762632643,0.692307615051689,-0.6003344325911201,0.36411556955333446
-2.2684990029711734,0.9079044924250507,3.457313137049528,-0.3664770386730259,0.9314402883151693
-1.8211376862295179,0.6492723777728455,2.103363277693744,-0.5274719087046219,1.1195657273042587
-1.7429946889810681,-1.4257849296142107,0.9574597122197646,-0.7190662373574324,0.17250393866261324
-1.738869379730971,-1.8326460574715553,1.0199162717795114,-0.4243255653707076,0.384420271313861
-1.3422964269460587,-1.4952769969973112,-0.14702730181009824,-1.0247602350403444,0.1861874489002127
-1.4947623343819854,-1.5144859422851664,0.27968395157268194,-0.6813670748140709,0.32971585171616563
-1.39662629392317,-1.3136207449866757,0.0937176525858794,-0.9054547704107577,0.23994381804684253
-1.5345788082048222,-1.6614701017194022,0.39820809522328665,-0.40089446928186095,0.5941239326458565
-1.5174921277398559,-1.7415249998663853,0.322281197824168,-0.29685986215268845,0.6131652160779631
-1.5389081592109297,-1.8334894248578937,0.34615725177083034,-0.3385700694538664,0.583064409051138
-1.589511072939635,-1.9359465367656925,0.42613443092836856,-0.4312433418338601,0.5265272212538771
-1.7693930585415676,1.275374774749906,2.0811662143861636,-1.1451189584759107,0.606101557297991
-1.745651066863608,-1.3401872541638598,0.9511842318607737,-0.9839740532377209,-0.04345252814780872
-1.5532213480796024,-1.2710538672794074,0.43319875441699357,-1.1984172933718675,-0.06126169996387819
-1.7553774999554976,-1.623921427076543,1.179001044383788,-0.29119740115827175,0.3955015997182257
-1.646134760236845,-1.5568605896874481,0.8526015421820468,-0.814138482427718,0.10499481266510166
-1.6913451937170894,-1.56842137736783,1.0013612378987824,-0.4557906806620801,0.31798273959390067
-1.5720283580551435,-1.6429379855021835,0.7170103571961275,-0.3145830955074181,0.5061885865184371
-1.5696999379756733,-1.8803739376679165,0.5987696514282758,-0.5455362472480626,0.4333714882784305
-1.940736685205584,1.101118312285358,2.4687802672544823,-0.847441530622477,0.7800980110163109
-1.8073158841142314,-1.1141841917451833,1.2474568560889139,-0.5943817618814518,0.17601988328344462
-1.8732932239066666,-1.4049337124110366,1.3283624086960693,-0.47673529235113055,0.2933929915346515
-1.8762913050732408,-1.3405051131278243,1.5701535387345051,-0.3089019047187678,0.2679062346599335
-1.7937567674215813,-1.4821801258164993,1.2659545318504233,-0.9365640596250261,-0.018629454882481827
-1.6453764997508726,-1.49698903391638,0.708986565583398,-0.5175739829212128,0.46579143471996937
-1.7768250707877977,1.0537833225988995,2.019845531707625,-1.223025572507741,0.6127521764082747
-1.8345647802552791,-1.5523669842844274,1.0990599386534998,-0.8792811413791831,0.028626539816495426
-1.6293820224278224,-1.269890630170915,0.6249903187744734,-1.0918357097869944,-0.05973630286958565
-1.663457608692808,-1.4131480249419435,0.985686427063747,-0.407322682404905,0.41835220149576535
-1.6561427816199965,-1.4420980462331359,0.7461537268889773,-0.4990722558442178,0.4629689567479701
-1.7086106489287327,0.8474250040660233,1.7902166665491497,-1.1633030266655167,0.6698036509931872
-1.7125936295383202,-1.195976095424892,0.8505762261267035,-1.2423648504504636,-0.14141351880439484
-1.946593116637952,-2.011341003141026,1.2252073499769582,-0.7829311476669889,0.1734985520083927
-1.6948606262389747,-1.420736255717201,0.8353359695052659,-0.5814860798117047,0.3671013593885012
-1.7167077198183662,1.0262189911101893,1.8892645095254499,-1.1855827325019797,0.7936068748960905
-1.7337506346253928,-1.4201595795398425,0.8985058243246884,-0.883121611378422,0.1546657421831261
-1.6342010178305209,-1.4353289533236167,0.6265566842148326,-0.8658894242303129,0.1516715110396204
-1.7792246574386976,-1.8273147508998169,0.8403710635446735,-0.9292502812319238,0.15247156544462204
-1.7446996714797933,1.0301959786034627,1.9521401145238173,-1.1999854320423518,0.7499860928026147
-1.7263285557918717,-1.1586499195402717,0.9310420505832046,-1.0979874342738398,-0.0672732436979109
-1.92098095619278,-1.9042257961637095,1.21355872291736,-0.726323993914277,0.20249881521404173
-1.6004163142513026,-1.4313144423993958,0.5133694451834097,-1.0667604439781864,0.0388519771751295
-1.606964275604678,-1.1423245530725952,0.6983308299714149,-0.7132481130950108,0.2642008705049146
-1.7031942241063869,-1.487994291159327,0.8509040667253037,-0.46435557561686813,0.43770866970158406
-1.9198084060831464,1.1177682418802328,2.360478026148032,-1.2861386252105025,0.5908210601137739
-2.109336966620756,-1.5242403811654455,1.589374474933532,-1.660483162015705,-0.5851256678947745
-1.867246959810292,0.738020496708725,2.1621834994083367,-1.221170173841437,0.482823437906713
-1.786097817821898,0.5676888224556197,1.8920993004820466,-1.3115317981949335,0.5592367097880449
-1.9559916858130393,-1.4070007848953576,1.4131172569310686,-1.1329192233604284,-0.16614319809942268
-1.7921173869695814,-1.665104837306376,0.9576803172890821,-0.7224737968687457,0.20076155456609654
-1.6506072741456508,-1.506318081994824,0.7072107040545842,-0.420198677781841,0.4494814227464763
-1.8219192880491857,1.2742310032825062,2.4249753571606747,-1.057318028565873,0.6502268832368286
-1.9407358041428544,-1.9297491102961226,1.2652278669696262,-0.789980883898511,0.208871829848949
-1.5323445825142195,-3.311537310467612,-0.4816412860547794,-1.0692014766606202,-0.5136975195246142
-1.8806211738482674,1.0805115944826842,2.3271532367884786,-1.0858794467793442,0.7308169715631285
-1.811385951214206,-1.174438588684704,1.2081344361649078,-0.5902211603337615,0.20337746927533076
-1.8513061090154326,1.0259611368323642,2.191280033672415,-1.3041719052607612,0.5614244783253182
-1.8067614781337038,-2.513306327199395,0.5985891351119889,-0.2098865211843594,-0.2683654650605468
-2.0145771245961113,-2.377923761734815,1.165653326719588,-0.1147867724867439,-0.5099030127932993
-1.7829990576939487,0.33478798044887764,2.0055943203019746,-1.0303666313068995,0.7501383697725533
-2.052688979675443,1.3192417651750765,2.743610397264589,-1.3720119746502395,0.2610243031091773
-2.1457235169506292,0.7304688577688564,3.080237702755551,-0.7528402429642423,0.7485927164372075
-2.065340034446458,-1.202600886769921,1.8366308803419478,-0.5960814354533922,0.1205398014774348
-1.9480882235566748,0.9536964025412091,2.381592570710519,-1.3248294268534981,0.4877733081936349
-1.9816277965141986,-0.8155119750913133,1.6551658484388032,-0.9068791890024862,-0.1616940719277907
1.527287124930711,-1.6923811842071574,2.308625275630797,-2.8459563850349063,1.3478698982882864
-1.8758908245539965,0.9145263795427633,2.193180554557588,-1.2702078366925622,0.5280851255476144
-1.8714546622641661,1.1724427049829467,2.294925071330494,-1.2625635762486453,0.5183290697852608
-2.0581267935335226,-0.8402149991399788,1.9308388882726732,-0.5001362910424627,0.050078572973030845
-1.9502841164200824,1.3673645631451978,2.5169187774435544,-1.2959446016407385,0.3880940764853056
-1.9089830763392408,-1.0490841814748064,1.4699670296366762,-0.6846556445999419,0.03577894630095412
-2.0308514334348184,1.395762335263356,2.730885885852222,-1.2799285147250967,0.31906090082035127
-2.152649504322741,-1.8952283965997605,1.6911273952650037,-0.13953406071508076,-0.5490689595896096
-2.2379084535569405,-0.16158209069723856,2.8014369975994375,-0.4297465119652295,-0.08388762432876797
-2.294178693507442,-1.2467960587263218,2.536746810103627,-0.6975350995914894,-0.10869612550961873
-1.7565215849821474,0.795173599639959,1.924650059680608,-1.235999014200071,0.5887720448869994
-1.7868996831148547,-1.1025469258433263,1.1483122585822108,-0.7925558486713046,-0.030770851564241915
-0.4345802825917587,3.0745239357655914,0.739920849413178,-0.07965329170787495,-0.4635992010136275
-1.3702517394646416,1.5270653235086482,1.8662440629988157,-1.3430876224023593,0.7653919055816728
-0.6175052437064311,3.9836222099410814,1.586014606286942,-0.26010189253656146,-0.35312552796908603
-1.346440273327935,1.37483143599844,1.6079260026214102,-1.7147296957272404,0.34432544156801975
-0.5599620207146624,1.0829137106323523,0.1588802802243156,-0.8015537819829773,-0.8628817940643505
-0.5303600324503079,3.9736749567631953,1.3976849674892753,0.01831063254323969,-0.3878222512908435
-0.5283376732506516,2.6370744319248294,0.7954051728275885,-0.23374868782522443,-0.5103167861870036
-0.03044607194792278,2.5088767271477947,-0.3708872471614411,0.021447767543530033,0.2060288477934955
-0.7587209014766184,1.0718251403767558,0.43971638547758396,-0.7207179377601461,-1.0258587800375112
-0.5939139594904225,4.029754158057266,1.5037859946718486,-0.05865105073718119,-0.45077275900615005
-0.5782077668202618,1.6953495659346403,0.37749826789186636,-0.3326096542787241,-1.4331393794361682
-0.13939601023818327,2.5858208415009547,-0.14877946937279551,0.025398305401098175,-0.02716449920232312
-0.43920075694064187,3.8766378620633803,1.1362752526199553,0.07616519346860778,-0.15487796774491408
-0.6036380741769591,1.5714441640271744,0.41390140454708146,-0.23724244811658574,-1.3745089587614556
-0.07926294352343381,2.228469416002725,-0.3878028780287085,-0.037008168812106924,0.2968691694914357
-0.5311793053132544,3.596168949931186,1.20227225868068,-0.07329902990623298,-0.1356391133609141
-0.6080095672961929,1.2143948803936888,0.2767853491283952,-0.30701946316335754,-1.3439471268057448
-0.3727882750935894,2.358227897739877,0.3038193557664078,-0.12276478421715793,-0.12021032184732974
-0.802439736398375,3.717619289320896,1.8501407967068573,-0.25080287837006077,-0.39610606352035077
-0.7203643155573541,1.5540124516539682,0.6823000867561666,-0.2922440040140565,-1.5002782364746678
-0.27604142108870505,2.0795454617128115,-0.03116443113684477,-0.16128617142767096,0.05894397095383925
-0.6768135126077006,2.374734289758131,1.0490321949978765,-0.5446157314097826,-0.6479695232062528
-0.837308262922092,3.4187301395640723,1.8061335415092397,-0.26783213224274816,-0.6512202862372518
-0.6825431542081113,1.4565588458774794,0.5397534830569578,-0.29530362501060664,-1.5104564081098146
-0.405505673749354,1.9095714844713831,0.21897681075349096,-0.26470958117255156,-0.3019028644829552
-0.3140014052846003,4.024196396313874,1.0195871767893057,0.3327634598985907,-0.7840681086998734
-0.3330707087109091,4.447607130560015,1.290709427644746,0.0005276396426965798,0.013609537918856605
-0.7165991941859698,2.12138637474347,0.8651583299850559,-0.40431945963369503,-0.8031375102731841
-0.03368497001688594,3.6938293018884476,0.2328447391324044,0.27950070516155595,0.1928905695868225
-0.338651146561282,4.859829764121166,1.4526279909665991,0.2979521361899133,-0.09497692478107994
-0.3483808710930855,2.407996232964594,0.3508060219395827,0.09209995504179991,-0.9356297104088925
-0.24190927377452998,1.6697993241555096,-0.24983036936530742,0.07655960295157566,-0.8019243915148526
-0.17397648757990586,4.437091489160937,0.8796119803790269,0.41152777529981455,-0.0774733672053443
-0.32039421861289136,2.03235243887318,0.06470603498493807,0.16454649811169106,-1.0822755872826215
0.010527896446361165,2.964178766064645,-0.18787750310853568,0.28844184828271335,0.012901558736297239
-0.08656376995564821,2.9680608244657267,0.06110562019358149,-0.07522226532221175,0.6235562711439272
0.009364827895487988,4.966664409157319,0.7311908728467128,0.39959457200901494,0.630291335562345
-0.5671289567895466,1.7049001043834622,0.38049453453647575,-0.3369721378765144,-0.4488665229798157
0.13229346919970594,3.5529835065107687,-0.23283863339905186,0.28712999911272374,0.6212347657483257
0.0315894737508233,4.904378805847986,0.6464836088375095,0.41379921648628326,0.6645560936979881
-0.5466948942093607,1.6435299832105086,0.29848851009747945,-0.28390171542787923,-0.45176974368735984
0.08578218928314102,3.692166845879735,-0.03477037280366221,0.28953294203207025,0.637238117785964
-0.3610836726271877,-0.30294365367366943,-1.0256799242278576,-0.300595737875389,-0.9372100265617772
0.019509675325618665,4.9029695572885466,0.6622636929778032,0.4127534829487817,0.6467962117671198
-0.16871769989789373,3.0995935043871885,0.28489072629649936,-0.04969074626081467,0.3297923813180815
0.06857155430875257,3.1022322043511545,-0.2497952418347332,0.13641752323785483,0.6358261059175133
-0.014981422789611487,4.927332096960249,0.7580361416630411,0.43112600346601704,0.6116585487563374
-0.13947928099656703,3.3033846899622374,0.302209380789775,0.06282095292644754,0.37324595942051364
0.1658298816067305,2.845941137025522,-0.5838661942219511,0.20064287554009216,0.6978069202801188
-0.36585522444435564,-0.3976555324496565,-1.0645836801507043,-0.308470509934174,-0.9597051426787548
-0.1210453353955735,4.932315390389521,0.9933646500138634,0.41212633239964513,0.40341949591221676
-0.19648108302823006,3.344836904525495,0.4698286549158736,0.062154899268956836,0.3929850081683279
0.050652034798174816,2.7486038852208785,-0.3597527513309466,0.13096198296587783,0.5918810729817093
-0.338397759815994,4.5439414847867505,1.2383592210376717,0.08999853449371469,0.6557344667374071
-0.20338848255261519,1.9929670121618952,-0.1750172216576866,0.05246323977611565,-0.5904408743078527
0.14010976584947152,3.1378955087905136,-0.3912732739869903,0.25851175546371236,0.6272488817725164
0.056023157233738546,4.7620253359131315,0.5258992245014346,0.38651890359193264,0.6355618791791422
-0.5868316751927087,1.409140084539023,0.28673906360250995,-0.36667744045733547,-0.4315628815666819
0.2498993907658539,3.3731692735121106,-0.551528393203046,0.34918297186690045,0.7485452721153424
-0.06006093295782837,4.732814880762352,0.7603007866144451,0.3847752721596656,0.44014340811099817
-0.12725737599762485,3.191462747335028,0.221133129876722,0.07165628725748725,0.32125673630513024
0.05868014907499643,2.874117112950377,-0.3514683924514092,0.1722761618762256,0.42878215844049744
-0.0397302427203376,4.902832648563718,0.7939915079248033,0.4299482294072421,0.4238411371876956
-0.7094286121261496,1.9770523737901597,0.8218321766796752,-0.2984233648904667,-0.6767698619742182
0.0975741361807293,3.888406730246411,0.02078252295958271,0.38178141381867226,0.5131689447856311
-0.2510542908558724,5.131029867552661,1.7183336034191625,0.7165481737941608,-0.08599671552663374
-0.5782188096386609,1.5697097708420298,0.7075544399444077,0.06005876288547378,-0.8341572340876069
0.1539856261619321,3.465962095196867,0.05677669114781552,0.6668869715409681,0.2908536705991884
-0.16661608583945134,4.891138415050163,1.0614078926087118,0.3573019944273265,0.24412347200727363
-0.6849888281909534,1.5890993803529032,0.5946084936709918,-0.35633263689099315,-0.6797476601316508
-0.09438204140502982,2.03289725967573,-0.4693085183104644,0.033550500661494786,-0.15735336383598902
-0.3520223623131755,3.292146081423858,0.666419881618189,0.18792159019250887,-0.42137751852022404
-0.5085639449429294,1.120356881797281,0.0319528931811482,-0.09541735415888825,-1.3011389962624638
7.909529992989656,0.6251953461084659,2.6650220906994067,-1.5556543441217867,0.179616764941711
1.76454162506799,4.660158893691825,1.957643885784206,-0.020775360339037145,-0.017000236249950583
0.8305620737747923,1.4442834527300539,1.2343872189470657,-0.617932066737583,-0.9078607342073894
2.2313652493186957,2.8888648832135093,0.04684865871730697,-0.1608973602972726,0.33245907872749864
1.602816912344103,-0.7538205446987177,-0.6782933051548148,-0.6440054523265502,-1.2134545311522693
-0.1718038060926551,4.869107791642925,1.0418097034799652,0.36395875498792934,0.14345209791657376
-0.6195677789947385,1.4538726460453018,0.3745625411821505,-0.3106283355276957,-0.7699099875680322
0.23063033286623996,3.3159339391540334,-0.5435824968448558,0.4314288256468219,0.47882736663347164
-0.0039442106505058975,4.468977599210648,0.5069888527381164,0.4444638673961444,0.23104728997174673
-0.07700121101833617,2.908991084778398,-0.01461691001661163,0.027168922480385247,0.19696399665783085
0.23197776052604122,2.250696856938303,-0.9816914308565625,0.1273819383307601,0.4808633231372818
-0.5673042483713349,-0.2135050132941848,-0.5989214301744786,-0.7074535352864384,-0.18230233745528465
-0.21098318861037865,4.674852306722983,1.0451709179939663,0.3971617230678989,-0.03620870956249827
-0.665084585773161,1.1813540016947979,0.34203771169348784,-0.3720279517818752,-0.8348684712059091
0.21945470344920617,3.2607808279803536,-0.5440175932005917,0.4384565197590073,0.4174542929660926
-0.6604654786566141,-0.0658374933162517,-0.330082348612217,-0.7381998611214052,-0.3374755617561146
-0.09707249200725959,4.487012873742498,0.7104554472964614,0.42642463956223353,0.0838289779447794
-0.7169889584891215,0.23513952867831214,-0.042538488166919776,-0.30283904300584075,-1.6923161479555686
0.2979096267730242,3.192687516744721,-0.75406882059058,0.4100223899493704,0.4570639110967958
-0.5203299712751732,-0.2690827076123227,-0.722378057894082,-0.6963489834985568,-0.23759566865982942
-0.9181992087139321,-0.2602924522129877,0.0941981837804293,-0.9412966259703118,-0.3528630525766895
-1.1042447747236863,-0.5465753828477617,0.5318879200249813,-1.2564744979065894,-0.7189278561214916
0.023765999292707497,4.517157069669105,0.4757147658645013,0.4808940550225657,0.19469376815099293
-0.566003453401289,1.2296369317222093,0.12656935231273347,-0.31786545688956014,-0.7524112723787741
0.05291090220964923,3.816793481543945,0.07843764402100946,0.41193895645486867,0.22033107378661407
-0.5393800069646802,-0.19552841646776,-0.6524679255771235,-0.6785776563775712,-0.20079508770816695
-0.13014822128759657,4.737797698099332,0.9032264529014361,0.438423395242934,0.052279696425419096
-0.6618108543174608,0.3020263948471869,-0.1092934297506751,-0.24801411279057,-1.6367440132673274
0.31950763574404933,3.086361208635925,-0.8710172054284977,0.35558722986294217,0.3124835440936215
-0.5278751935666317,-0.11768833048234789,-0.6529447036723464,-0.7534518053148995,-0.31123443124674655
-0.07231841225678456,4.450073631652727,0.6403081527788663,0.45340235905525084,0.15327008805734865
-0.5836605270483286,0.44260902454490725,-0.23272691311051794,-0.2413635179500868,-1.359316031734219
0.25184113416606063,3.224105541162353,-0.6517279991474826,0.3459878641186229,0.3429098685383962
-0.6318730288620489,-0.027164448601682264,-0.39405644234680853,-0.7790480115483738,-0.4436490182615317
-0.6310251812350492,-0.016587546140200173,-0.3728366744974485,-0.728503093483169,-0.3891681743566875
0.10887666856561033,4.323924612400353,0.20101355562852954,0.4662804523916741,0.2521695452369127
-0.5967762379458298,-0.021118284342658736,-0.4067971501564263,-0.29340219965128994,-1.5671183339264727
0.3518285660153641,3.1593831641879206,-0.8818758392906672,0.4382716994220997,0.460065716823675
-0.0006322871852198938,4.464052247256647,0.49800191372829616,0.4501832905948338,0.1116893258093312
-0.5413935625331497,-0.15303798217426526,-0.5611240140168897,-0.2764237278656352,-1.544089164070306
0.38424749579017375,2.926196112601329,-1.049416285585308,0.430480351217846,0.45186210235838276
-0.4853945107571339,-0.34287828602270193,-0.8381661508642032,-0.663231734692729,-0.2726445361618011
0.08222599094311342,4.264842848600466,0.24021858917034908,0.49315592963534866,0.18321233894266906
-0.5639095972275008,-0.071738960161522,-0.4984775491685565,-0.29031665796077605,-1.5277870435940033
0.2568974914070119,2.9907331092343514,-0.7598398893057928,0.3812194050017418,0.35089343977829757
-0.5534368167402087,-0.19284321989427397,-0.6097747641639532,-0.6929514494128481,-0.2876749991685538
-0.09435529636043363,4.773568388141941,0.8547364929264835,0.4632878234352275,0.07087203791913836
-0.1259882570586369,1.8116329211798452,-0.4501354279675694,0.2510050411482577,-0.9431368586876445
0.25847439430055824,3.2960654481050864,-0.585503352569593,0.4779276539659749,0.2830590188548957
-0.5109451917859988,-0.21808619364467033,-0.7119637170073777,-0.6714785197692821,-0.1679093929972653
0.10092895143590766,4.262456056473437,0.18784426177785737,0.46267320789069327,0.22843131096781238
-0.5339951141632862,-0.07165625899118919,-0.5634398141744736,-0.2415220106416972,-1.6022432010213812
0.3324120399986028,2.951613775581148,-0.9336053224150244,0.41336089009238397,0.3918033008731401
-0.563586596352864,-0.184268545708421,-0.5810043529899405,-0.6903602203597192,-0.3327600728265862
-0.6503779101933812,-0.8462891059930212,-0.7661021378243685,-0.608406875048927,-1.0171657197522428
-0.03149088059754309,4.456422432761919,0.5639744872057396,0.43706001599581296,0.05915131904001019
-0.5195163371868043,1.0755975751386235,-0.021581105295857803,-0.2904626412082554,-0.7085844014242372
0.16659840448747418,3.3327241588356786,-0.3831720257648298,0.4429158215493082,0.07968311010791963
-0.6128165738465968,-0.20459066707418783,-0.4893348455363995,-0.7216144743988576,-0.45424022288356664
-0.1552667314745351,4.732211836126777,0.9676541031417044,0.4484210403286508,-0.04644714175053712
-0.5924052080851027,1.0739751555322077,0.15194987049147674,-0.3122438070768558,-0.780572070065482
0.15861369960737373,3.0810331448501604,-0.47420649883851507,0.4438909120838311,0.13159307581575302
-0.5338990623832365,-0.37265450919925486,-0.7390792508783214,-0.6463644947136885,-0.3682775917545821
0.010809951983924987,4.207606097400628,0.36482048018311014,0.45930206462083156,0.09682072382687076
-0.4438454889134028,0.9592209980782713,-0.23628707268044805,-0.245242798803854,-0.7339258037895973
0.293216462263936,2.887439582216388,-0.8786493570859671,0.4050538291662476,0.2984653910258566
-0.13079110470270883,-0.7040386884043972,-1.7654282788053313,-0.12103406121008259,-1.0870292998076176
-0.16349338503789934,4.679052473389494,0.9583937883593593,0.43827347779270964,-0.15616877382059627
-0.5704577919525055,0.20100153896028222,-0.3691240462369181,-0.14307824086105203,-1.6690156417335447
0.20588575152082628,2.977391495461815,-0.6280481351102045,0.44028426066336745,0.20125989832725644
-0.5514606964900872,-0.39862812882980486,-0.6940408827126499,-0.6477617866955425,-0.425506979847373
-0.06994774754677337,4.362615180037126,0.6217197883419273,0.491653700516896,-0.023774886366539662
-0.5153541644614509,0.9638588919483033,-0.08011807214421571,-0.2653540590731152,-0.7278006451031908
0.31019517552944054,2.896668483132775,-0.8988091419504628,0.4797309188631497,0.32878346070200987
-0.5809183050428136,-0.16173170605236584,-0.5317357796663703,-0.6685548741935755,-0.3221186123564867
-0.06793651520582293,4.3564673203341755,0.5904974460464458,0.46214170882398525,-0.02523502539243648
-0.48462373694270083,1.0142558996428133,-0.1342411201715652,-0.22048930975547756,-0.863237543281651
0.3044974087631508,2.7623816166584794,-0.953393390250908,0.4537803860525733,0.336222210819591
-0.506553516918014,-0.35849283590557485,-0.7816115216250956,-0.6314559445064096,-0.3401431933557227
-0.1149589652094119,4.526541404741102,0.8000508385511266,0.5044193308495113,-0.1399695384882275
-0.6086969443433606,1.0105277092878753,0.16209810078462236,-0.3096127078641701,-0.885976450181288
0.23580379084125608,3.1441684592433496,-0.598649603924009,0.48170322434040236,0.12409337271260627
-0.5900977198733344,-0.11972964021535853,-0.48296111304703904,-0.6595453317037513,-0.3438740143847731
0.017365143856741008,4.241839194028082,0.38249656967309403,0.5473396484153961,-0.05693391559074354
-0.09657208475307698,1.3509115938668652,-0.7164370961435013,0.20940610997250064,-1.1195125609477958
0.2573536929436335,2.868864802715661,-0.786151787734517,0.46512566028566765,0.12499654813431688
-0.5398953056904153,-0.37894266096106655,-0.7146373608664416,-0.6523941764004675,-0.47249577785545643
0.04347305419525347,4.177978234942391,0.2951320236467398,0.5073985636788025,-0.01592225096324316
-0.43200254432416224,0.9097020443151421,-0.28013148094726664,-0.25140011129599615,-0.8118360125089582
0.19298943759149428,2.8732208016324665,-0.6516422357382397,0.4111215903373556,0.013871734018639796
-0.6056204496891209,-0.12040181408964826,-0.44872463647485594,-0.6939953365227033,-0.3969412899969276
-0.02292614437565333,4.133560454519933,0.4113134116740036,0.4929845430455245,-0.13298227910933313
-0.45350237502368707,0.8564052650186313,-0.2669091892489131,-0.22375242087137873,-0.8326446823861325
0.11319635802430573,3.2732398793232633,-0.2854881801249402,0.4609601837820833,-0.1509275900229067
-0.25666891501838746,-0.8575019028104451,-1.4993617192229018,-0.1755770139143536,-1.4062250862137604
-0.02767579154344859,4.194995983323086,0.4576881231717632,0.5136424045238932,-0.1870296704106582
0.06920450942014685,2.9379899308420176,-0.35604609632376394,0.36722789738423806,-0.13057672204186163
-0.3516837896612767,-0.7753115393614433,-1.2681025192941704,-0.2613115877985803,-1.4334252106490313
0.02890946407980702,4.081351637543295,0.28817749986732066,0.5437406068418258,-0.20878219488415106
0.4351365197509442,2.676460233752482,-1.2550708294591415,0.4888050124269975,0.25194967806025836
-0.2285400591479478,-1.3216326592874923,-1.7792142343401542,-0.14884834618739046,-1.6469743073328924
0.029945665358407956,4.741548260455744,0.5768021475722648,0.49252351061717753,0.2784917676386986
-0.35687117348931874,-1.6116083379126145,-1.5410015577865266,-0.5600639293207149,-1.3600394513295588
0.5043467401083049,3.4517453705018575,-1.0565067613411372,0.4503157713312418,0.7138541779798383
-0.030984179867299275,4.77201036900312,0.6925271754499808,0.35805600051835434,0.16763107659909926
0.4215780470449041,2.947163165315236,-1.1522187265329369,0.2940519654168749,0.4813632960729621
-0.26666911154358325,-1.3307729649290962,-1.7703493850959595,-0.562762056736465,-1.0384371632562275
0.08628219359001897,4.656515043557232,0.3881710688126884,0.38726422663765014,0.19251646650292265
0.4043190649824315,3.1997628477464737,-0.9783443824627089,0.33533214100603875,0.4281549788959806
-0.05193857320663361,-0.9255096833935774,-1.9974255535332635,-0.2742751687199383,-1.3817259373636164
0.10143000144409647,4.616860855147611,0.3287311961973577,0.4091943097302703,0.2610223113659121
0.28558844473665546,3.226211022356335,-0.7147245526611595,0.3097129023362144,0.20229733485619494
0.1277204854613065,4.3090945569564285,0.12405196549081692,0.35665779735418196,0.25249870228763854
0.19289005747587756,3.2471129379974655,-0.5137333088832718,0.30127322180567734,0.13829111630282215
-0.24866066629083208,-0.6531831388821697,-1.4579391954564027,-0.30416086177018886,-1.5314297793573206
0.09500254011317612,2.8819437604414864,-0.47455522994123545,0.22949703361549262,-0.3357039427169588
-0.060162238841707044,2.9992014708044916,-0.09051320120114556,0.20604660115859613,-0.3974012475265605
-0.1616617753241283,-0.7148056029250243,-1.6819120992675798,-0.2648573083308357,-1.4738870224771665
0.1524514878936093,2.775852617546479,-0.6527762222467238,0.2582796909007096,-0.20417710930247868
0.02758945915901686,2.926604676205801,-0.31423135797539514,0.2642285146693926,-0.3624404801376653
-0.3947968904928786,-0.7339290425140924,-1.1952839851549204,-0.37501377036741446,-1.672040990007294
0.09930386076464938,2.7213558074364235,-0.5599369484804037,0.2377126876254893,-0.32757449469182953
0.006573198107316857,2.664186521566179,-0.3855301783365084,0.17480598717415896,-0.4355019734048023
-0.34997500282878935,-1.1974416635571692,-1.5378777709432894,-0.532256164866251,-1.2520097559939964
0.1197759351245262,2.7468913391928225,-0.5807873349544121,0.2844999997708765,-0.21442732082117602
0.0025379777782328673,2.84349876599897,-0.2849439355177433,0.27530442077802936,-0.32615944609980047
-0.34134954693418307,-0.6984062772461526,-1.283598289018471,-0.322026184414596,-1.705345085592949
0.1225317705094074,2.599141476336071,-0.6619607174525586,0.2675163405720045,-0.27673251037761976
0.06430918984260935,2.568668481929114,-0.5567910235368879,0.22779213746636248,-0.33451225710899274
-0.19621628484995265,-0.9728464193757765,-1.7333706577817247,-0.2925241188480602,-1.5693826269801705
0.07367337270171793,2.619651720898074,-0.5421695719305775,0.270648830614042,-0.3308930600445032
0.002150184300570392,2.5752174904268115,-0.4068481359981753,0.2521378180140739,-0.48058299974091284
-0.3685394602687287,-0.7059532677864881,-1.223784946838451,-0.2619774248896775,-1.6411324730446062
0.1959130231878669,2.6102571011244837,-0.8033620477513957,0.32842146293290925,-0.08276646249680565
0.06061335123633261,2.511728775732386,-0.558378856758043,0.25386414558129705,-0.2738939952843746
0.05478087774002762,2.564006519746254,-0.519590097455337,0.20588178059203302,-0.2693931710614016
-0.09858073023872331,1.5906025516568043,-0.6442773448869333,0.24468882538932885,-1.1026579973806774
0.11010617671038392,2.562235785635091,-0.6485355649001491,0.27130114484053397,-0.2729193654085924
-0.15657548473003546,1.5540948788200295,-0.5326195541755986,0.13824726690223985,-1.1979647674747038
-0.43550800594065747,-0.6388853508566751,-1.059732758995917,-0.33891495687282264,-1.637043573077622
-0.030432017971206298,2.8685098530174806,-0.20809666845820687,0.2979185136879824,-0.5259792883987258
-0.04516778244752817,2.7632472609168377,-0.21221668002962804,0.2723810647064358,-0.373892042911299
-0.4283809994100787,-0.8263919471940365,-1.1659778630980902,-0.3439289387098317,-1.6896105096370309
0.09354218868731067,2.578333558081063,-0.5976147972492143,0.2897738509444922,-0.26351832942428577
-0.24664274228563213,1.6988207646272133,-0.2797068651314729,0.1644960421234235,-1.3015583366156938
-0.19690497685745983,-0.9464754151803006,-1.6931882494650703,-0.24031674272588352,-1.4127087312384947
0.3064336213789586,2.2677902951853373,-1.2091074839756435,0.3455640087423894,-0.027964957761101545
0.014858548123254886,2.6693764543352687,-0.3890471931342271,0.2851625616234,-0.37261961293574786
-0.08025742588749551,-1.2691155541880135,-2.112412145653635,-0.24079974902908866,-1.382518820611289
-0.2897508215054972,-1.0823621610603813,-1.5568045386318146,-0.3535719294762058,-1.4519330800283121
0.33817088469238793,2.2627143148093465,-1.2752416157324225,0.36081900779397524,0.005518567438358363
0.06851608877684948,2.765486759322882,-0.4660604995401114,0.2874099538340409,-0.3088558021902874
0.27206108438407767,2.3327075179708903,-1.1067517859390579,0.2961341060805669,-0.14002079431485706
-0.04137905547729252,2.8949096217953114,-0.17088327072969442,0.272113208113425,-0.4535083441876235
-0.40793896495638793,-1.0215650133502707,-1.3223693311538833,-0.4285347549235115,-1.430912441261045
0.17124331280479826,2.5226207263706124,-0.7998937957558889,0.30596955203923437,-0.3144788355907705
0.02923212213214487,2.581579990135009,-0.47430862179252026,0.25196057841810654,-0.4802658417568465
-0.3509603275404001,-0.8658215275028287,-1.3452684065389657,-0.3339960794151444,-1.6441509585851788
0.14685176374471542,2.3651347974418027,-0.8221934028938941,0.23501397535268775,-0.26417414293589947
-0.005346350385626106,1.6923394447836952,-0.829100586088703,0.25652497986305456,-1.0538846186150352
-0.4566338334327901,-1.3382806232528006,-1.397011671919685,-0.5654002077484788,-1.3319151668522418
0.15004348331683545,1.0750336817878678,-1.4331140656301167,0.2606278490685418,-1.0582575420087534
-0.2071871706043625,1.615189078540652,-0.3974830492261692,0.1562251498176498,-1.2249512877913562
-0.04185941989841627,-1.2795517480045575,-2.1955911051983525,-0.25113430254252433,-1.263744035810581
0.3180905890285052,2.0446859776236597,-1.329680838815159,0.27951651159351676,-0.03184180567257554
0.004924498432185393,1.551533991013291,-0.8893338008875187,0.21295894872867036,-0.9637394287836735
-0.3552334538784319,-0.876031784502529,-1.3765669460174772,-0.7755168357193667,-0.28990092212325097
-0.30124979732731205,-0.5745499875492798,-1.2860587011752345,-0.23885158686965952,-1.5986802796293111
0.15729504051822557,1.2290176606982912,-1.3640349282867408,0.25078928883354695,-0.8523739408598743
0.29383534091484503,1.5445857803336718,-1.5369882077291435,0.22909394201139832,0.19171165596653172
0.08883496712912956,0.8254660022825705,-1.4353982204707825,0.2059798080255417,-0.7113120821086831
-0.4046925969051695,-1.4174407445508665,-1.5086266505740098,-0.43276024847772093,-1.0680217968727868
0.030006404364761145,-0.7960966600830152,-2.097232189718526,-0.2935422961798504,-0.0944595501926835
0.22998320922290647,1.7318584150494545,-1.3076448556819504,0.18324865203459909,0.2401998536221698
0.06050573814720507,0.7710482525009225,-1.3985096274521118,0.16748405748840706,-0.6846686515056147
-0.3904289999055016,-1.090181549419905,-1.3967873442957899,-0.7140838680265531,-0.1407131725310091
-0.1891886843174721,-1.3550688352625855,-1.921084073863789,-0.2681872173975704,-1.0634372473398135
0.23588616168415702,1.665937563563453,-1.3485724449920167,0.19122578763831907,0.29142878804891686
0.06567022316246299,1.9601848860779088,-0.8458419701303559,0.14090028359029907,0.011693077936990886
-0.17572582875145376,-1.571948764799597,-2.066394963134173,-0.6596744938672775,0.07489835482156289
-0.18360163095382412,-2.0744865818669127,-2.308303952287124,-0.49485397042241464,-0.6221230373665001
0.3300007769784106,1.517807884340677,-1.6205799039393718,0.20802469474124763,0.2994475261748104
0.20166833741121543,0.40188772049579086,-1.8547864436013024,0.1823007105860309,-0.5244094464865215
0.08044626183444283,-1.7554333376849325,-2.680929572012212,-0.24406894388942982,-0.6332825802745768
0.33732166183691986,0.48345565040942917,-2.1153566139543316,0.26108005298579495,-0.32994468541268884
0.2140213460603785,1.6216478517117552,-1.3014505267893306,0.16600390265218154,0.22154554144498084
0.13374405001105866,-2.075052859053311,-2.926200727071523,-0.29845535434038895,-0.5503032890535773
0.3586788255791912,0.448649698697627,-2.1781585299598327,0.2624044174606603,-0.2996816493488846
0.16345364426060127,0.5142483445031216,-1.7391771277760368,0.20107496677611986,-0.5522188989281351
0.053311278942165696,-1.747049749348194,-2.5973870060550444,-0.23512610310045534,-0.7786234583816509
0.15427575040809643,0.3642439952135397,-1.7707592644903931,0.17038572809748087,-0.6122478285245563
0.0797442027058026,0.574958320668222,-1.5008328948794705,0.10705662271755662,-0.652325724316271
-0.1915269055695733,-1.4287568242280855,-1.9383244230549106,-0.6705128591910309,0.13093608889557223
0.020041750679751454,-1.7806714416042657,-2.541341471008682,-0.2698822821258729,-0.7622943530827804
0.14803567859086153,0.25454091902749426,-1.801536519731174,0.10319868359506898,-0.6405686093796626
0.11741563392278184,0.5233086103228334,-1.6015062838875773,0.1372369619289373,-0.5769305755953745
-0.038336494146536615,-1.8178080547218252,-2.4391618194140685,-0.3207887282295046,-0.7609514878156386
0.22682668439592746,0.4435035350823976,-1.8938213129830268,0.21331943502538586,-0.6017430924982731
0.10767660448890184,0.4978775133976168,-1.6019084473895322,0.12710383844168463,-0.6709984197904031
-0.010665354110666946,-2.0447221868119407,-2.6209375297686264,-0.37724830096753553,-0.6211005131910506
0.2657187729334743,0.3667921420255148,-2.0301200971991586,0.21560534103038922,-0.5148119211760301
-0.08424045043983765,1.0212034918394588,-0.9724182024207011,0.1912961632146787,-0.8694456765384349
0.14126603420686643,-2.098901187150291,-2.9652426594157406,-0.3233332290207818,-0.567152663584666
0.39924931462182567,1.4389232912316883,-1.7949262344272776,0.2437115258849283,0.4168911612205488
0.06112054083844551,1.7665132167129876,-0.9012589514164875,0.12387873775938747,0.03373003766167803
0.06911582131530393,-1.8067587556587756,-2.6741809478232175,-0.23550455478714843,-0.7732326226723824
0.3087527176172423,0.40358179831621827,-2.09928557863698,0.22120680113899083,-0.4106372543925453
0.23329560332842234,1.4837714526123609,-1.4098039208257598,0.13511250306618536,0.19271922542377443
0.05190263561332921,-1.7761655159455814,-2.630784727004204,-0.23428507333760196,-0.7916226735640697
0.2002881300360643,0.5348842617268235,-1.7861727081268775,0.22223334325948532,-0.5491005915090268
0.09677463986324426,0.7009136192781313,-1.4904205423717642,0.1605053774683805,-0.6478171789375746
-0.019494720197885354,-1.8146019335303443,-2.4781476356221557,-0.304363343430537,-0.7699025836423086
0.2634153379023747,0.5363806447784666,-1.9227777709712666,0.26084930302420606,-0.4852985224699601
0.06057757275589469,0.7288033312600503,-1.4025655470985166,0.17558857163330646,-0.658198931861431
0.05531601856812264,-1.7420422173319918,-2.5959060140600494,-0.2287786336285178,-0.8064572970916849
0.23937100780825762,0.6419228774610907,-1.829317886024816,0.22549293609216778,-0.48467229486202507
0.1696421306698592,0.7056342535186751,-1.6360172897688017,0.20332648577906418,-0.506948492328183
-0.17152141527454945,-1.5095969596288679,-2.0334170197272075,-0.3416499224211272,-0.867919891570107
0.20555904821983684,0.5723320444419209,-1.7812012690632806,0.20992235853048458,-0.48745263758833784
-0.24008574838945487,-0.31976743034096167,-1.2958613782208244,-0.3778089671643133,-0.4277146306932306
-0.21869193797276326,-1.9745658453903105,-2.170345549763016,-0.4860679013454784,-0.7048542038178784
0.20955911654796902,0.5506923418627917,-1.7899007741861468,0.20435027734060546,-0.5111911785013971
-0.3665283615427388,0.11537441850901532,-0.8183444013581145,-0.3070986379607922,-0.6333083462437507
0.17431192160344228,-1.2527781238314222,-2.6830105915852296,0.020208322009759125,-0.7344230697321831
0.19364389696434006,0.649858445410881,-1.7310169807501061,0.263025219770638,-0.5984407605763323
-0.2941950941026215,0.1082470065852263,-0.9981449773802529,-0.286862040008796,-0.5563703730205048
0.2626234584378365,-1.9295124790136589,-3.188487142247861,-0.11973592744431957,-0.5530089601774306
0.3602791656551397,0.42143784680038593,-2.1884865230555786,0.2568652779365357,-0.30365244703335187
0.23674600118263717,0.46011572010134527,-1.8962095315309793,0.19438646203200638,-0.4641968630844397
0.16184235656835622,-2.195730162618897,-3.045897462766405,-0.29156554253925,-0.561149517330706
0.48486981208992186,1.4515490755435168,-1.963967397678035,0.26622845740130324,0.5480744174155031
0.258341425173352,0.48124427322799923,-1.9446245483050617,0.1928341117848653,-0.47433814737284763
0.2064380498112788,-2.058073595415596,-3.0834639548627987,-0.23528817259830587,-0.6654043698308997
0.4256181585880389,1.3157550725629577,-1.894915483025187,0.21669975771079691,0.4559511930073763
0.15744600091212785,0.42581720181267246,-1.7336711997364564,0.12970200435119228,-0.51193051637061
0.10839175640352329,-2.02770017012404,-2.8514884997975782,-0.32445660098047346,-0.6132531319884672
0.3500466264001508,0.40785052699336893,-2.172800578431467,0.24599397847151783,-0.30861713724451506
-0.09605171232720547,-0.2739614339835106,-1.587942479853691,-0.2096469518785871,-0.41583740694095855
0.030539792511343263,-1.8691505066391942,-2.5977885874278837,-0.2962365785995596,-0.7151160750874945
0.2881599284758358,1.4337465630829522,-1.5548730500125112,0.21411121449707965,0.2333903441885709
0.18419246584687524,0.49306427901282124,-1.7905665117638432,0.21208193723769142,-0.6552439180822368
0.008648455109445608,-1.689214468524096,-2.475089287124186,-0.2656091648793183,-0.8885602293773718
0.3089453865181234,0.3532094903468128,-2.0995202363024554,0.2616164437896975,-0.508773369824094
0.13109964227317616,0.3720782748927075,-1.6926290077267052,0.09170253905953109,-0.5140023766840489
-0.16287957315531618,-2.085255635122073,-2.3387664829406822,-0.4602421228439714,-0.7122436384215113
-0.27030101996260014,-0.9345549857596064,-1.5336509980243076,-0.2643699093772881,-1.2018763807805923
0.26812789352987265,0.475753115511672,-1.9665350415702152,0.19600445403560726,-0.4609658917998511
0.16674323374120925,0.45505500603743665,-1.7493825228240556,0.18169642857473745,-0.6007390280149796
0.06524937874099361,-1.762066400950248,-2.6294343040435533,-0.22841627549569526,-0.7909695725083841
0.29250436454253714,1.485227892881934,-1.5405556596851246,0.1726133363563751,0.25294852145403035
0.003335022603937677,0.6740616883793291,-1.2911021600204173,0.0684164612966794,-0.7068733931820311
0.0811531332431816,-2.0535863377726997,-2.810271220502249,-0.31881206986962024,-0.6070016483624141
0.2472027639019645,0.5499512114801457,-1.8897645391884,0.26389061710539274,-0.53272791162897
0.1174980969882246,0.4720132203449982,-1.6215881490192106,0.12402613787237336,-0.5747628237103097
0.028928807611706242,-1.678547887117726,-2.5082937658274105,-0.22143023622043534,-0.8688694569050993
-0.3728407762368768,-0.926073526810214,-1.3110857469032426,-0.305967453259848,-1.1771367927647212
0.20371078633375533,0.48215764233173536,-1.808247125267493,0.17722705055961924,-0.4798482941377574
0.0649867838034787,0.4024482159290333,-1.534967645985008,0.09899453521291883,-0.71274529122779
0.2975588202550276,-3.210217040281931,-2.844529119759657,3.2109738471344027,3.9323938077457172
-0.10791544635413733,-2.4419291776928502,-1.851156839098056,2.2579302757894286,2.5006152101700954
-0.2985830733980148,-2.1366664637586283,-1.117768653894653,2.452165673996023,4.290538479224867
1.5297851606982482,-1.3940163313731921,-2.476887614873707,3.7808619123300105,3.8972404590164254
0.48670124905892337,0.6359877392734007,-1.6855745471108328,2.6652542271214448,3.610723388599807
0.1347073215766032,-0.2665498489675123,-1.4205172950788463,2.1989655996002875,2.185404309251283
0.0023896592492604696,-1.7291338746864473,-1.6234477484281933,2.709671609841845,3.7687582400974566
0.5001280428250678,0.8000825673776072,-1.6820259826776955,2.5159190579883557,3.481241373467812
0.34919676200098365,0.6635257618122862,-1.4130601130376224,2.305382712726834,3.2376065452157277
0.30475181910111915,-3.214466855117685,-2.8393778183867675,3.2046133735634355,3.9539829116710634
-0.14217095764623955,-0.763689475887645,-1.1601532531124974,1.541349192116296,2.2309766983746018
0.34227335328661934,-0.2757551465263903,-1.8368513015407681,2.4930922803006728,2.6044318935940023
0.08257073463823367,0.10494332675448581,-1.2314141424617233,1.8926811316077081,1.658548004892536
0.23273980610069372,-3.272923152154366,-2.7121904352164594,3.1885444026003253,4.023920046158548
0.486866140197455,0.6225803124323546,-1.6895421815481353,2.580339106654234,3.4929010029494627
0.3092599781213176,-0.5948163723993573,-1.88505061937581,2.4484887645742313,2.5951123766131037
0.3992044951952133,-0.263914280712546,-1.80883921803405,2.4768032755720566,3.8860862195279147
0.25389590321114264,-3.528417458313333,-2.8701569844146713,3.187273648922627,4.27383178594129
-0.07444283859296913,-0.6613074517303854,-1.252218859213465,1.6515097248750639,2.208420363486271
0.37416609301174564,-0.3235774901350825,-1.9165411890700512,2.5215111586644614,2.666740610517473
0.12996014461353492,-0.2673978613223591,-1.4385641233193591,2.047302072173126,1.9735152202774178
0.013305576534255906,-2.9161238032412093,-2.149169397110565,2.898952986897284,3.441764163338055
3.4277653177352203,-1.12048347320741,-0.6099812712366242,1.6832174821944301,3.2394960039914307
0.23039498519105842,-0.40842206226117367,-1.655051144407285,2.277444159375898,2.3791562055309083
0.07740971256974695,-2.785639030348007,-2.2724666573865537,2.818417513040038,3.188190879539917
0.2930354658490173,-0.24731523872398603,-1.748439733410741,2.380426320631398,2.3362472626195
0.002913691368355714,0.19300849483689422,-1.059291604861824,1.7516122846722169,1.3523101674347413
6.516456609211563,-0.4813795733926896,1.0322704307381572,0.7599345174045455,3.7296367099645575
5.436435093385664,-3.825373893102299,-0.032665918541449616,1.6741374232917128,4.066793989769273
5.7702535663646595,-3.9129354720206337,-0.43086332079916384,1.746283776732356,4.1880016857178255
-0.12593669229085658,-1.8578593671843493,-2.2539645053345656,-0.12124168270966519,-0.5444433724747478
0.0915138349035778,-2.2332987607745287,-2.847401713371302,-0.07897499427276598,-0.265883150322163
0.09042321901963303,-2.061043065691991,-2.732162862704249,-0.018129908644053075,-0.5277736122776004
-0.08062422786145665,-2.0154441494537347,-2.340146200393034,-0.12122448808943183,-0.6015776054532757
-0.011298241448909199,-1.8818015246635413,-2.452622874327994,-0.06183164274756424,-0.6454100240893084
-0.1468560874232682,-1.8046535295918773,-2.096902717251744,-0.11178523452570566,-0.6944419157381557
-0.2305471078411695,-1.7414211640807842,-1.9271218660862954,-0.15783276497050638,-0.7857393425380088
-0.20970696673481287,-0.5611081605313201,-1.4171444927249508,-0.12034079260296279,-0.2879049980267049
-0.38839294859849477,-1.2062462876504143,-1.3600453930838896,-0.4397506937611811,-0.03535418194779792
-0.18071488203978284,-1.6556773416133557,-1.9893198087504598,-0.14805520327776958,-0.7753351013443983
-0.2586505066133534,-1.0860803737372275,-1.6224035133882377,-0.03322352196189895,-1.0750969512902067
-0.5174054079176638,-0.6810752582580396,-0.8964273096829423,-0.43331026888547447,-0.2668309941356323
-0.12991758655154048,-1.6852383695164912,-2.1030609864220415,-0.40714406284797855,0.3445614043077075
-0.4645554081127979,-1.0876754309316194,-1.1515084153058743,-0.4981991596186082,-0.1876778789127023
-0.438853766084797,-1.0791993265826696,-1.196535177032738,-0.5087055443232954,-0.10514092899513963
-0.13795039618527127,-1.6567534094444643,-2.057875263304769,-0.4117833836642474,0.3379421002265608
-0.39043304743507695,-1.2003753787770042,-1.351744442737948,-0.44171949569480884,-0.03330457647917769
-0.9455474586756485,-0.7626390446986949,-0.11538121145444792,-1.2986939808803024,0.8330942166361057
-0.5909667109657899,0.18865008684085802,-0.591241195857365,-0.7500807114909431,1.0847811383132155
-0.27610376604124914,-1.7911218078795437,-1.8066778459285495,-0.058310547176209405,-0.5230149004148311
-0.10866350429333145,-1.7046556457785649,-2.099316747250555,-0.20483977789612123,0.6649962560015628
-0.08013717773060053,-0.8495169523003427,-1.7599269786978833,0.05329843762871698,0.04587832210952634
-0.3338640586118142,-3.4104215221621232,-1.6001644551607277,2.216757752681268,3.706167208278692
0.7494658248206035,0.48141350370559677,-2.26256139657425,3.1086024698492416,4.168463198948675
0.5056859853546039,1.2465431117115036,-2.297082441933345,0.37997424204864194,0.708523496753991
-0.24969182972357562,-1.4031148498817942,-1.736506767683948,-0.02409559313749288,-0.761833459605057
-0.0666311428482214,-1.7515464570538668,-2.2315723524443447,0.09156879002820212,-0.49466184392233187
-0.44817736676165887,-1.6673652336559472,-1.480736464112024,-0.26961727968099736,-0.3558830424721969
-0.18913208358571232,-1.7680245865347644,-1.9905190000274577,-0.02028822921772476,-0.54221650563529
-0.3699810116905002,-1.1186114667296647,-1.336790808920403,-0.33357174796129274,0.21200409281268237
0.04820604830260804,-1.2035694184445191,-2.234708267589387,0.1826166915032362,-0.17697714161235967
0.10825571636720224,-1.9176136952451626,-2.701126875655204,0.19095562810364194,-0.19007946086427385
-0.43153574357748414,-1.0951031515592933,-1.1911456992734668,-0.36246162693157097,0.15755609114526564
-0.15686447564564532,-1.5419543741788837,-1.963791668957628,0.03723145037807809,-0.7516040466306189
-0.08995223135829898,-1.9241962895361604,-2.270529232647584,0.015513634681896048,-0.3906993651768245
-0.39689594444348275,-1.546173634639624,-1.5119595629979534,-0.2693103278428708,-0.20551508564188659
-0.10664143166805008,-1.5815789431280325,-2.063176387136525,0.12327556862900094,-0.6059890515782381
0.09319081728911972,-1.7236028814235183,-2.5828540627067462,0.23041554278837403,-0.3848855999599191
-0.21940080824229127,-1.622021640842766,-1.8493797298850976,0.00980752714058671,-0.6461832397878666
-0.43677994790805835,-1.1185414365594193,-1.2023726531157777,-0.3161102425127127,0.10678463347597071
0.23035986464397135,-1.8948003673277944,-2.938655797828409,0.2789543325271404,-0.1756524162982029
-0.1372893001261125,-1.6240107541812459,-2.0576986997610436,-0.3096922556240777,0.5405395074505374
-0.2271620676509645,-1.6744281169010413,-1.8867545536112127,-0.26315342524279695,0.28098299917078073
0.16679855056434714,-1.0463176322422163,-2.3663195134233934,0.19094386115642023,0.40874091126161555
-0.5320167756008226,-0.9309483668496844,-0.924988224043948,-0.38087932846429917,-0.13602264625920335
0.07330657864573627,-2.2388197610006633,-2.7447956439382883,0.1137258824064845,-0.1529436112062573
-0.4275223567703248,-1.168804865107451,-1.2380606985186429,-0.3253522119471984,0.13695901830982718
-0.41335634016311074,-1.1829941684840346,-1.289233976521169,-0.28617526468258214,0.10942715979945136
-0.3863265150096231,-1.1851454242339623,-1.319688096182737,-0.3447292240103835,0.2718514445118218
0.2238937674410881,-1.7105883560306105,-2.74311414091053,0.411663394468896,0.15834956814290124
0.7207871907436827,2.3067291242890593,-1.9133488313796823,0.8840956469377782,1.441254822149712
0.2759713178891528,1.1180257094639174,-1.5484273482329718,0.6852197202370384,0.006301050687745195
0.1714656215216595,-0.45251583409389035,-2.0447003098114775,0.36873097377783126,0.7097305159369606
-0.19142180792872335,-0.983637184077954,-1.580128499404476,0.16242133817541232,-0.5717631229085338
-0.28626226799883053,0.4195194332762447,-0.7351011349303196,0.057418027095414395,-0.041998961348915446
-0.03741444588503268,-1.44239240580378,-2.081371578739942,-0.016885032052688584,1.232995279117825
-0.01652138989229603,-2.1669719827015146,-2.5081427781935117,0.14835932362535217,0.30971662278953666
-0.08737214961301007,-0.8222030895760988,-1.7154553376490065,0.2605030465628669,-0.5652013301367176
-0.02389028721899815,-2.6483186741635474,-2.650918936316802,0.005946132742229547,0.4915529174835098
0.02674826476558533,-2.821335378222344,-2.845714268254004,0.03400020117151169,0.566512177604495
-0.21119608852142732,-0.8622891612342811,-1.4885199258767383,0.1430016723062086,-0.6087116955530605
0.37736529534022384,2.1578638176678258,-1.266789369369427,0.6800417374327661,0.8541633429005417
0.14108696185514757,0.03274265435246122,-1.9191566880658573,0.6146300193340551,-0.4375039354096632
0.01649817965319536,0.4936450085662906,-1.305157179121361,0.25997131847230776,0.35375758427379117
0.010965413210073187,-0.14759806044747686,-1.7163154260546853,0.4384703741964222,-0.47674853973067144
-0.2903918166626378,-0.46140985760978254,-1.1325151829679112,0.13361512223900338,-0.6200110545096956
-0.07892293321207712,-1.3255208654553996,-1.9316722153513362,0.2678210848728508,-0.2198941318916435
0.5694762517342693,2.4143105962256306,-1.555138757400303,0.8117534371600773,1.08873268476721
0.25874063371633016,1.3234714183474057,-1.4169950849823405,0.6121861555010643,-0.06788596940336258
0.5888803859562524,2.385757577076706,-1.611620023991596,0.8127935399731687,1.1183897688516893
-0.09441415004354466,0.22609644135442597,-1.2142410530923873,0.1630166269193094,0.18490575084106853
-0.0443190852141293,-0.7984476540026197,-1.8216609047148034,0.24103207975745394,-0.29869570986790206
0.3302197400378956,1.3555349887338637,-1.5535707448815328,0.6907855691134999,0.011572788971794937
0.18966477046352528,-1.492281341966081,-2.5844643656545596,0.3927526590980117,0.04002627072049163
0.06389380090269885,-1.1210167169020948,-2.163420567079155,0.2475392459816679,-0.23113015342516444
0.595913535689885,0.7644881329151927,-2.3744960410810894,0.8169761497144671,0.2878193325079719
0.3400834035882443,0.9719945352730062,-1.737306816206391,0.5611131329194576,0.14737637720599933
-0.4355043089205033,-1.2400563970227467,-1.260723237619522,-0.08635216445013595,-0.8569700958122605
-0.12999696252136314,-0.5971394572035503,-1.5678189515061465,-0.05752692903306774,0.966692168054717
0.2727845662808845,-1.5437246196838896,-2.789559388213515,0.4020190921977218,0.07981369772681954
0.3649608888503398,-0.6515940887760678,-2.569386665614537,0.32045131764509455,0.9089623152502074
0.5829776585190858,2.203802809430869,-1.686897287753854,0.762527927832785,1.1217597094985294
0.4195710704059223,-1.1948903967034668,-3.220120586550542,1.2130593325210335,-2.247848238854977
0.4507813786996897,0.9997192423306175,-2.051893790943864,0.784839370279428,0.2589836314952922
0.501634797823319,2.40932146173932,-1.426605330057491,0.7550875616132876,0.9803292457998628
-0.4803537358007281,0.2178852144580254,-0.48433074780296453,-0.2229163811944877,0.2905873706817334
0.6762418278420973,2.095627999320199,-1.9299381680075334,0.8030436587394362,1.2746346572928664
0.32421987478767583,1.3239056972203218,-1.5528756448010788,0.6802217427817923,0.003713347001708069
0.6040273678461652,2.3129930222503217,-1.6879067077025736,0.8158136696417018,1.1084248607077523
-0.2900893500142495,0.6864626842567548,-0.6577315238940158,0.06950429700109786,0.04596223673003637
-0.23456715043634457,-0.8162644306342447,-1.3778679582238516,-0.1397407822003409,1.0119618712853118
-0.04156970271059902,-1.2317825017839539,-1.9827656594733618,-0.07833000490216861,1.2948102730748838
0.6466691911330552,2.24578651306436,-1.8139315498393067,0.808474061277035,1.2042567163754425
0.27124407081380175,1.4611758965017523,-1.3903486952667425,0.672036737592069,-0.123023613643897
8.857445794710666,1.7110452079134402,2.561879515126109,-0.36467015397563785,1.028469873421707
8.812597990955977,1.0032248446346885,1.9861884257220888,-0.23922598203552348,1.098846357517362
7.777151759443594,0.06844158959233358,1.7172706025989548,-0.13708425220463322,-0.15226114141183025
7.087085457838325,-2.5617307426240634,0.872409006917454,-0.41519157525302214,-0.14544601772582375
7.277134089412411,-3.0935269275222264,0.4865301070265623,-0.42772088926198953,-0.17798174586645824
8.031135260483744,-0.8531853567072717,1.4940789231258413,-0.33413768677802996,-0.07476211659683427
6.616147186512945,-1.2039618690688132,2.2303448416397904,-0.8326425989984765,-0.23949623102924458
6.850447839867262,-3.0072629418158385,0.9212758581485507,-0.5870296319120741,-0.4371438426617518
8.905246293839332,-0.04640648772534061,1.7802664482280433,-0.42287308708693094,0.993840727548317
7.014047300931345,-1.4577321800779843,1.7071435554539938,-0.7112989326587186,-0.12339342568674178
6.414536502400828,-1.6355160604504253,1.8093024339524058,-0.8869664390512253,0.5190998267753396
8.095945113578871,-0.07624253445070713,1.5562552715398619,-0.1979855857373781,0.07715591013252764
7.148775968465195,-0.35450972357525024,2.6920475491479716,-1.211325317423157,1.4863726796455776
7.046392950099668,-1.0370156089246947,1.7738131167347055,-0.6074073495100125,0.2882020278130458
8.351113466239944,-0.38745605221516516,1.180179936311007,-0.11595601727005837,0.36094602535775594
7.317181001352762,-0.8449774440389931,1.6672270830191862,-0.5839041953536428,0.393381413796711
8.383733947386311,-0.47492035347206185,1.109955024089061,-0.14790244878202533,0.31971241867152644
7.351597557999044,-1.2073542437758082,1.565193537608366,-0.6241017476428026,0.4316175845571072
7.144406393868357,-2.479520652021689,1.1961682439913526,-0.9613791494257591,1.1021135005462777
7.447837707149693,-2.8446287252374227,0.42563956384065166,-0.4344870446756368,0.04756410367102444
8.220115273913619,-0.3031002953921485,1.2348790622278885,-0.17151595354203636,0.21688954178375103
7.690608784244482,0.08326421043708448,1.7426426454500743,-0.19293901930236723,-0.11634258345340888
7.510624673619722,-2.8261853921571323,0.14785755487266541,-0.3121637829316847,-0.022805226966299167
8.11339276313022,-0.10192736908686913,1.3374708014959882,-0.12979829060309572,0.049401747349563485
7.67999219719032,0.11390271862908152,1.7208526756669005,-0.13307091973919188,-0.2307788491082907
7.007095214774882,-2.602806648092937,0.6885125463301872,-0.39027987877162823,-0.15449715022670737
7.980184453700331,-0.3617993463616216,0.9324620469130533,0.03721583940663465,0.11420458179722687
7.606179711942004,0.23953575474559827,1.8846773698984363,-0.17924665884619717,-0.1403739498800581
7.195321128546101,-2.3556540311902316,1.305261394341915,-0.9675535828483647,1.2445394475830587
7.318929066732048,-2.7676012498725013,0.43600275243883824,-0.40428535349064726,-0.0014010238726278753
8.212613343079143,-0.18357723609734833,1.2981330697042641,-0.1318838755829164,0.24615339014806958
7.950158358880473,0.10266746243175061,1.6288469837619726,-0.15092273216290802,0.03640205029522611
7.2546117136427535,-2.776497323559448,0.5982116634858875,-0.4702100175437003,-0.06529925034834926
8.310580678649817,-0.24267087045007568,1.2189864621304882,-0.1712069197779898,0.2931818755698229
7.592898553838485,0.1510236160418482,1.7731646083433736,-0.1811335338713082,-0.32639483184767365
7.32112911547829,-2.768340665656339,0.4257136373741518,-0.3706918034126696,-0.10034643875466258
8.313152026068492,-0.3683071745672189,1.1388019389234405,-0.11524271423570784,0.1820959515899624
7.892299599187058,0.13325578970656426,1.6586333177680899,-0.1759837469439134,-0.018056605272315993
7.129402249705371,-2.5910881060635345,0.7743587706351421,-0.5033801022371625,-0.275620548752363
7.271779196857076,-0.7758183250571271,1.6877393300713,-0.5583405507849851,0.3100657521356189
6.043080188574167,-1.3902576703030058,1.596334246782063,-0.38603957320961363,-1.0422256072890703
6.896542544329615,-2.384132796906528,0.9807310533677698,-0.457140379980297,-0.42681157581542445
6.505940021717514,-1.7537005534551398,1.1479471187485983,-0.3766976569242172,-0.6955505716858184
6.151099269216707,-1.441164813132837,1.4883402078274586,-0.39341342495098436,-0.9257395102374323
8.038358189759391,0.08858656049803432,1.5440169909319033,-0.1222450883316902,0.08691291394920969
6.042233817441394,-1.352450441989793,1.5907199459463728,-0.40381833199693556,-1.018279087598069
6.339017755219028,-1.6788251967886243,1.2502208478038823,-0.37710816676945036,-0.7421427139915341
7.470945435227705,0.11253106149012884,1.9104097646438554,-0.17949828446241803,-0.3164273369791952
6.58028709376403,-2.514414455573485,1.0655552871519083,-0.5265315813539782,-0.5487302593819298
7.9787837270371975,0.13523044220760555,1.5914517528650534,-0.14940313101069977,0.0246102092362032
5.940666915442667,-1.4153598184196048,1.7325901762514084,-0.47131097744508593,-1.006171586047582
7.148667573867007,-2.5220154072642216,0.46082274592378486,-0.3339453912203301,-0.22505360903799917
7.083212644036985,-0.8890925413084089,1.8028015097711934,-0.6311836521784447,0.3166147661954781
7.4468505054448695,0.23941694366550295,1.990064303114186,-0.22679013530371042,-0.2894499254571905
8.211940976257628,-0.226072774804522,1.208718956757422,-0.06532484477062692,0.16763289149056917
6.377497704992699,-1.772199740272833,1.1868263358373587,-0.37181819252136555,-0.6862671464016322
7.275759593150256,-2.8064177973557975,0.5016504731078976,-0.44795931733059563,-0.13895409609146647
7.004919396755123,-0.7615440772125824,1.7651943287824785,-0.4771321659447973,0.04705122754535102
6.707824804707815,-0.468192499894758,2.0717800448399384,-0.535650265152462,-0.17976963352231995
6.369143423195001,-2.4429493981317716,1.137106372303817,-0.555798104711514,-0.3617107722801259
8.316282011797636,-0.49032465057704044,1.0376820423071367,-0.061728548464427026,0.1802345194242704
7.728267585038357,0.07036843867511516,1.7427175453625046,-0.19566714846846678,-0.09636948170457087
7.006814883646602,-2.4740193001436763,0.5965583672975235,-0.365493959208278,-0.3151197179412825
7.68811987774988,0.07131328421041044,1.7512874579688906,-0.19774569272899614,-0.10973039048282203
7.387743434424409,0.3923318229048653,2.105627447830826,-0.17015596728079985,-0.4065843331691488
6.4716293378943925,-1.7880902290584055,1.1289780939889318,-0.35212471606816986,-0.7534897490442736
5.534126747678698,-1.324786229189224,1.9486191081382263,-0.44910986982507606,-1.8728002524018144
7.208699368180206,0.49206669574328993,2.2198486492347382,-0.19343231843511657,-0.47607932968360717
5.866862002332433,-1.2044073901557357,1.7556109869825507,-0.3679806087301463,-1.1146194230157487
5.726760780189143,-0.08581895133891956,3.1246680240385767,-0.8273607466290549,-0.6098042520358647
5.748120744450221,-1.2446100711447772,1.891869656252921,-0.4428216936825293,-1.1590701967028398
5.4004378547409795,-0.9597508582259596,2.137257917317494,-0.4536255226285384,-1.4111224525178037
6.357387029557896,-1.7296805679342646,1.2139989810848677,-0.34789326501199047,-0.8060642871057561
-0.09011463981692104,0.18828860527957253,-1.2283203560550575,0.15177100754708006,0.2835173823055164
0.11555758052551901,-1.2670299106578102,-2.324959887394843,0.45676291688509013,-0.10736258873196965
-0.024635775886705256,-1.4741740222508974,-2.1057730209051195,0.2882944546759287,-0.10126534551313539
0.49700717922228577,0.8143644107851234,-2.1264726294303475,0.9061003587921939,0.3320468278338428
0.01975812013208418,-0.01879680802557968,-1.5425629236645033,0.3052072168312026,0.5183364290648492
0.29095876733855375,-1.6708165037995513,-2.8099796975391893,0.5578750457928785,0.29073802429603035
0.5139495185272934,0.7320748713561034,-2.1900224724947526,0.9134168923582072,0.40445809914663183
0.2637385470958631,1.1886500546612595,-1.4757507316589245,0.7615769715467472,-0.022192692158538994
0.4538898846716246,-2.2500549481975853,-3.438114807727129,0.5144189880192592,0.55309824205246
0.5050746734279008,0.9216153848497467,-2.107228991588426,0.8451619214092644,0.17708276326729333
0.3995550718133495,1.0851841432015756,-1.7994246095207376,0.8022972988688649,0.2206836797235072
-0.14527211100773846,-1.848127722466103,-2.071037381855007,0.09109300464444298,0.5106577210926116
0.27443339211393974,-1.5865544799782147,-2.7641757450540583,0.5680369394209709,0.1636960816391027
0.3577116159851363,1.2164570400415031,-1.6596413264883203,0.7980663209841158,0.011961680948841893
0.1005439112237174,1.54677149598044,-0.9859996546400528,0.5618167328004642,-0.14211788501477454
-0.22216736730681427,-2.21246456348084,-2.1578140611965337,-0.003692438387404117,-0.08345143366516075
0.2854904378186667,0.37315419669883065,-1.9316556694227516,0.6018872765529495,-0.0930822776376286
-0.3120467998971054,-0.18367294831380535,-0.993921596860295,0.043841592601359815,-0.26188999356564996
-0.14379077336843518,-1.8611693923046477,-2.113128169833043,0.057630227647607175,-0.5127330333654649
0.2415387789654739,0.45685807803010775,-1.821043872575181,0.5266764882852686,-0.11950272911455889
0.03534177595349041,0.819712352970989,-1.232552617247446,0.4470914206736592,-0.39792083414892554
0.04721919910029737,-1.9920117474969279,-2.5538031496120244,0.23987275534727964,-0.2884775128395246
0.4645292397554044,0.9749585644596707,-2.0075338213829617,0.7557620121733674,0.1662071300471463
-0.18910121722760292,0.5210081616842273,-0.90035264662696,0.07706877724145617,0.06453709922809271
-0.13347289673189958,-1.1082350845578652,-1.7570872943839633,-0.12376800981693459,0.9734140714143747
0.4213629940480118,1.1618231178763803,-1.8255286098136312,0.7962055063028003,-0.06156893342211915
-0.18027782495205733,0.5641223241639826,-0.8788402422800851,0.14474057709541313,0.09850884525023376
-0.2790237190835303,-0.9063724297086501,-1.334078512791695,-0.09620054424160335,0.7342157055039036
0.04890464106513667,-1.1476654597667293,-2.1188971881978245,0.3984732136435373,-0.3486819971580464
0.4885079009380695,2.3454708233788,-1.4330682212570909,0.7327067580250046,0.9060393397272452
-0.12848148890755742,0.43008787875717913,-1.0435885920743324,0.12236721865350127,0.22387075872605203
0.00031692315870140666,-1.2792250749586178,-2.1079775341365212,0.24568968192569915,-0.24693319835562494
0.4413711348782076,0.9972738465979127,-1.954480057960175,0.7540029451127159,0.1341071493464114
0.27825979089242253,1.3686590218346042,-1.4319231317951742,0.6699152617764419,-0.05127749235601096
-0.1779720418081148,-0.8625882945786763,-1.5193821772665577,-0.061495802572039196,1.0899734771760192
0.4783719480226341,0.9284033553927176,-2.043986925294432,0.8268990640311642,0.2661090250838093
0.2894718468500532,1.2703796702731198,-1.4975179789900663,0.7275579937857446,-0.033564389633337785
-0.41782546653392755,-0.31100444596522575,-0.8257091765114186,0.061774913238806,-0.90333875788213
-0.5797216577199272,1.2022125389255884,0.2405204548722907,-0.10164032489961211,-0.3178502140699223
6.478274580073375,-0.4412611779845131,2.326623595913021,-0.5581827951865539,-0.1436880708272638
-0.45555047829034645,1.0083517574244019,-0.10453309727862631,0.004022684205137994,-0.38253941372547356
-0.03610382469391573,-1.1645933283332581,-1.9611100322349915,0.3433755374805408,-0.26468556987621367
-0.30499499902079924,-0.5904983547437227,-1.1556263006564111,0.1579945432161799,-0.5653973928188087
-0.5027265750128772,0.9549784322100012,-0.03816368690464812,-0.019108770922194863,-0.2768506597988543
-0.21620971411790968,0.5905490350183588,-0.7710537084115353,0.18587425738832405,0.06218691219543154
-0.6972338849296871,-0.1836136967230717,-0.1909949283627307,-0.10031609452038524,-1.083354197601045
-0.4198573542124918,-0.3434119424126573,-0.8041741149290206,0.14652795114851241,-0.7660256156300604
-0.12343879760169502,-0.8853778252958825,-1.6409518129476452,0.3592243782648892,-0.4990724790638163
0.09689554930453446,1.454396443759854,-1.0061258960015993,0.6227402509981077,-0.4393300788780964
0.07667681991258306,1.3412828670731483,-1.0155793198064649,0.5951370929620071,-0.3533669264761808
-0.3436408024624896,-0.5172016628099979,-1.0393812060107823,0.1381634589326213,-0.6711492341023608
-0.5409247131734267,-0.22225096946036213,-0.519042224395648,0.07317173851248776,-1.0723308918495948
-0.40389372104561416,-0.3618028223399807,-0.8564895245116988,0.1569793261537583,-0.9694818580138618
-0.5428254930444499,-0.1431398821800492,-0.4778749616840904,0.01727949772657009,-1.0891145843184535
-0.39924692043735793,-0.24006004197622494,-0.8110519132586552,0.1525696333280691,-0.8977997159758073
-0.7075338963048957,-0.7649250453992245,-0.5061746894141903,0.03918944095166497,-2.1133696402891613
0.07450299862368012,1.3398375091204369,-0.9996139775057853,0.5354661795970611,-0.3290019020360809
-0.5872750227475806,-0.03729183292883279,-0.34343982899104836,-0.03206191216531787,-1.0938099716640852
0.057440056665380074,1.3559096595792868,-0.9553757249509214,0.5561899558518583,-0.3176800356121768
-0.9233289309108086,-0.4851194445283679,-0.28020628400537523,-0.0780588523267329,-1.6071526601653063
-0.4861863594573707,-0.26943383861908116,-0.990386387938891,0.250287727852625,-0.9123903561051597
-0.8740182286381508,1.2852986372698094,0.5637723593271329,-0.19592718910521023,-0.6374717838904522
-0.6815148577123726,-0.04047435696088276,-0.4669077387661562,0.06608203801399776,-1.1351897149631427
-0.896148880945484,0.2533407758449914,0.09721109405658074,-0.06208514946483382,-1.4484190906651644
-0.3361984411142304,1.924012243970639,-0.2568747289038087,0.38594160062813954,-0.7855197821345196
-0.5447498297547992,-0.32598947007977913,-0.8655064581158786,0.18211372160763462,-0.8981388064797885
-0.6792346887328893,-0.0514303024423459,-0.4994813335757749,0.10286811622262482,-1.2281351670800933
-0.3541563558134467,-0.5427574458077759,-1.3629422597661602,0.361940732115889,-0.5723858753634389
-0.8604111662231999,0.043207314400352664,-0.04464384258228776,-0.07696881082092419,-1.2973037176299906
-0.5265773404423127,-0.21032582419734402,-0.8656899134079808,0.21498687772321765,-0.8879752291404083
-0.6354654073077955,-0.023292598699354482,-0.5507146936721931,0.16022459133767192,-1.108850718702369
-0.3879832720632497,-0.29538045554722586,-1.1686801566092002,0.3463027189271997,-0.613527595828666
-0.699365316738571,0.10048726441305053,-0.333149744393438,0.044952671400447085,-1.098840269629274
-0.3935451408024956,-0.4920418170374504,-1.221400471450103,0.2349703815548919,-0.6200597354909716
-0.5612786593639225,0.017331871591575915,-0.6857508621314533,0.23968898537205657,-0.9823928936502136
0.9796911477975532,0.7336306455831274,0.679574469292527,0.7684937321964314,-0.9256194413303593
-1.0017061700817838,0.9164279193788912,0.6464411536264605,-0.2649224573642893,-0.6467481748291122
-0.6481174443944894,-0.053649933188143935,-0.527511674194169,0.1342292870069191,-1.0739696302769353
-1.1183121341233218,0.9566919704724637,0.8934855983478897,-0.45669821713960596,-0.3190423773428619
-0.7180841014186007,-0.11438933920624934,-0.47909378601189184,-0.02817466008826195,-1.1445629326898856
-0.7415094196276457,-0.7754162821721883,-0.9459142224096431,0.5191713884455582,-3.25969561667726
-0.6805759300708397,-0.010622911182096248,-0.5490580180780721,-0.05670624121045493,-1.0301897933732627
-0.639144617011267,1.3904390011707193,-0.009066025741927601,0.022055519404582707,-0.8287398064633399
-0.9169152136692611,-0.37852428545273364,-0.8627361792762092,-0.7922420598117258,-0.5294707497285364
-0.4400400614216435,2.226484556428539,-0.6061148762072749,-0.31052805786525417,-0.39006300423113877
-0.7088949788958118,-0.11815499613028699,-1.1071725082928212,-0.6181127822293787,-0.5165097721318866
-0.5727226229072669,-0.1568260059657018,-1.4182063608861513,-0.44501826944996403,-0.3552016497800513
-0.7142702255172104,0.034409945162616556,-1.0034447773372288,-0.6055297729092852,-0.5577513984721078
-0.750745489789352,1.2687870776383572,-0.30742172180724103,-0.6817204279072433,0.015826135944759002
-0.885862422835435,-0.7229457661631756,-1.0175594155406174,-0.6311847190870243,-0.9645259890899379
-0.8833291758861119,0.399880661348136,-0.4699060256854632,-0.6476096591624269,-0.9496942046683301
-1.1367213094358362,0.741593834623225,0.1528805753504499,-0.9497420241824045,-0.35658566222653265
-0.862626592870227,1.7660639573456811,0.13602201294641564,-0.7027541699887211,-0.2475057458449863
-0.4062615001301037,2.0396367758871916,-0.6502453574841122,-0.19270253307515647,-0.34214826019817307
-0.8888500668651923,0.42391120529021276,-0.43335051547909137,-0.614866959928526,-0.9780144780883588
-0.3414805848591314,2.151933056623517,-0.7082459883169402,-0.142419095451993,-0.1762772868029352
-0.8018547268730989,1.51429331106692,-0.07479215240299973,-0.6455324629943209,-0.19542790398237203
-0.8707031864541369,0.10859388168441157,-0.5554272998244418,-0.6362518586399553,-0.8166802570128389
-0.7733689763286726,1.9899845671528251,0.35809978463711695,-0.6743683945308647,-0.39041240900977275
-0.3851155500432044,1.9599031528162756,-0.6875860526141478,-0.14664980892635632,-0.33702701894132236
-0.5153510812417926,2.398566650557927,-0.24406419480935249,-0.21567373330162473,-0.6433059948677985
-0.8784070009235817,0.5645498890429825,-0.3529257279574217,-0.5469432937686344,-1.050583144775957
-1.0602899564514927,0.7381488849188755,0.1558163886194264,-0.6859784483331555,-1.2351043785799969
-0.8880381296737264,1.5692993438854503,0.1678539625222861,-0.6644414443834533,-0.3106459976328992
-0.9238543794487734,0.8932985532506863,-0.10211397094740776,-0.5173926291809775,-1.2073556207311242
0.12560962048086727,1.7192160370247345,0.944917799018564,2.654538046292194,-2.251831357005534
-0.367091471040529,1.3955890780224325,1.786897169468043,2.172495678985259,-2.205503877369861
-0.6000862450694948,-1.3859130748202557,0.929112918184196,1.9302014533992489,-2.592528208196514
-0.40536721982660856,0.32674864504594214,1.348590298971554,2.2482245774228358,-2.9669811052641664
-0.24498378539485638,-0.11207583612511296,0.8057389019147037,2.221667134716849,-2.794141554322743
-0.3247831139169285,1.2851251426411392,1.638800052365952,2.1306402201232655,-2.255534822511468
0.047829121012627804,1.7660772124349078,1.1358104411713061,2.535078212115227,-2.3053300141393853
0.15486919387273207,2.007353317505114,1.3281893777451812,2.5959931421111375,-2.5021664112209474
0.35461482915276565,1.612794759194008,0.7291322279138317,2.606945797710513,-2.1899618051951757
-0.04554942152969296,0.9660941169501857,1.211785478410383,2.1791083035650534,-1.9309973087513486
-1.6300297606133118,-3.014402806419502,3.887190109664667,4.772293674487917,-1.02054458224801
-1.582701540424,-3.1071203821820643,3.3145665740928583,3.839472775672686,-1.248115204820642
-1.6290476465677726,-3.2362192483587506,3.2877036677345255,3.5162538448451017,-1.455180888391576
-1.9373639740488342,-3.2696040682660006,3.769301920043513,3.6745154679853176,-1.0780302783329185
-1.8184966279815646,-3.7132019363043653,3.769936630432602,3.515969190440689,-1.428705878528576
-1.4679275676921626,-1.5125962764828855,3.6574362493147334,3.5874801862358563,-0.6144041994314506
-1.5264877984074658,-0.9396691058928529,4.065832278693795,3.1288700990098293,-0.8608933901748405
-1.9348785618308866,-3.2253220346302163,3.8346688081249494,3.971229512544048,-0.9421494371627318
-1.4169542293936124,-2.0111185599042973,3.6396799317795545,3.847806903846988,-0.4060840731862159
-1.799816451393546,-3.922935105422282,2.9920284479537798,3.944533571866854,-1.8013519572748828
-1.923244563105508,-4.417589929803886,3.1467945874229817,4.047433955675881,-1.7265535085194013
-2.153359347520298,-5.000239080922656,3.51579103538064,4.117951260840578,-1.699420218259433
-1.999865836408097,-3.567209692031495,4.128533624882745,4.392912522427782,-2.342183215023549
-2.00721219035236,-4.303893786584987,3.8812700996653176,4.151191734573049,-2.2771218079769975
-1.9088234853994868,-2.1135945201464508,3.9338087726968634,3.0352668618617105,-1.556551775657633
-2.2053619185460605,-2.9887666366383523,4.533581543325007,3.698567896339962,-1.2676202433445676
-2.290974724136728,-4.081286065464425,4.103285213794652,3.6184192673126523,-2.1818497683262787
-1.7304652024673954,-3.6574307189563133,3.2021340097457758,3.9734028430477064,-2.222971707583459
-2.132660070235488,-4.373951839096822,3.5647742848474393,3.637679278420877,-2.008221462688847
-1.669189165602208,-3.6546838058983053,2.55292549879125,2.9717720301221684,-2.454331330838767
-1.6715707486298734,-4.3019028866359585,2.8591401648492734,3.9365333287746496,-2.1796363079617183
-2.004267866524899,-4.423989885478887,3.236642386079872,3.550710436256387,-2.0990917167135326
