Paro - marcha,datetime,Verano - invierno,% compuerta exterior,Alarma,Filtro sucio,Algoritmos,Verano - Invierno Tienda,Rooftop,Energía Contador,Humedad interior,Humedad exterior,CO2,Potencia Rooftop,Potencia General,Presión Alta C1,Presión Baja C1,Presión Alta C2,Presión Baja C2,Presión Alta C3,Presión Alta C4,Presión Baja C3,Presión Baja C4,Tª exterior,Tª interior,Tª impulsión,Tª retorno,Tª SET verano,Tª SET invierno,Tª consigna activa
0.0,2020-02-04 00:00:00,0.0,0.0,0.0,0.0,1.0,1.0,286681.68,662718.0,42.0,89.9,750.0,0.28,4.0,11.52,11.39,11.45,11.52,11.43,11.62,11.43,11.48,13.2,24.0,17.9,16.5,24.0,20.0,24.7
0.0,2020-02-04 00:05:00,,0.0,0.0,,,,,,42.1,89.8,752.0,0.32,,11.52,11.39,11.39,11.45,11.42,11.36,11.42,11.48,13.1,24.0,17.8,16.4,,,
0.0,2020-02-04 00:10:00,,0.0,0.0,,,1.0,,,42.0,89.8,746.0,0.32,,11.45,11.33,11.39,11.39,11.31,11.53,11.29,11.39,13.1,24.0,17.8,16.2,,,24.7
0.0,2020-02-04 00:15:00,0.0,0.0,0.0,0.0,1.0,,286681.75,662719.0,42.1,89.4,742.0,0.32,4.0,11.45,11.33,11.39,11.39,11.36,11.51,11.34,11.42,13.2,24.0,17.8,16.2,24.0,20.0,
0.0,2020-02-04 00:20:00,,0.0,0.0,,,1.0,,,42.0,88.8,738.0,0.28,,11.45,11.39,11.39,11.39,11.31,11.28,11.23,11.43,13.2,23.9,17.8,16.1,,,24.7
0.0,2020-02-04 00:25:00,,0.0,0.0,,,,,,42.0,87.7,734.0,0.32,,11.45,11.39,11.39,11.39,11.25,11.54,11.34,11.42,13.2,23.9,17.8,16.1,,,
0.0,2020-02-04 00:30:00,0.0,0.0,0.0,0.0,1.0,1.0,286681.83,662720.0,41.9,87.8,728.0,0.36,4.0,11.45,11.39,11.39,11.39,11.25,11.58,11.5,11.33,13.2,23.9,17.7,16.0,24.0,20.0,24.7
0.0,2020-02-04 00:35:00,,0.0,0.0,,,,,,42.0,87.7,722.0,0.36,,11.45,11.39,11.39,11.39,11.34,11.4,11.28,11.48,13.2,23.9,17.6,16.0,,,
0.0,2020-02-04 00:40:00,,0.0,0.0,,,1.0,,,42.0,88.2,718.0,0.36,,11.45,11.39,11.39,11.39,11.34,11.45,11.22,11.34,13.2,23.9,17.6,16.0,,,24.7
0.0,2020-02-04 00:45:00,0.0,0.0,0.0,0.0,1.0,,286681.91,662721.0,42.0,88.8,720.0,0.36,4.0,11.39,11.39,11.39,11.39,11.22,11.56,11.4,11.37,13.1,23.8,17.5,15.9,24.0,20.0,
0.0,2020-02-04 00:50:00,,0.0,0.0,,,1.0,,,42.0,88.9,718.0,0.36,,11.45,11.39,11.39,11.39,11.11,11.37,11.42,11.28,13.1,23.8,17.5,15.8,,,24.7
0.0,2020-02-04 00:55:00,,0.0,0.0,,,,,,42.1,89.7,716.0,0.32,,11.39,11.39,11.33,11.33,11.26,11.37,11.26,11.22,12.9,23.8,17.4,15.7,,,
0.0,2020-02-04 01:00:00,0.0,0.0,0.0,0.0,1.0,1.0,286681.99,662721.0,41.9,89.9,708.0,0.32,0.0,11.39,11.33,11.33,11.33,11.23,11.4,11.36,11.22,12.8,23.8,17.5,15.6,24.0,20.0,24.7
0.0,2020-02-04 01:05:00,,0.0,0.0,,,,,,42.0,89.8,704.0,0.32,,11.33,11.33,11.27,11.27,11.09,11.45,11.37,11.28,12.7,23.8,17.5,15.5,,,
0.0,2020-02-04 01:10:00,,0.0,0.0,,,1.0,,,41.9,89.9,702.0,0.32,,11.33,11.27,11.27,11.27,11.08,11.26,11.36,11.33,12.7,23.8,17.4,15.4,,,24.7
0.0,2020-02-04 01:15:00,0.0,0.0,0.0,0.0,1.0,,286682.07,662722.0,42.0,89.9,702.0,0.32,4.0,11.33,11.27,11.27,11.27,11.11,11.37,11.36,11.31,12.7,23.7,17.4,15.3,24.0,20.0,
0.0,2020-02-04 01:20:00,,0.0,0.0,,,1.0,,,42.0,89.9,704.0,0.32,,11.33,11.27,11.27,11.27,11.18,11.14,11.12,11.25,12.7,23.7,17.3,15.3,,,24.7
0.0,2020-02-04 01:25:00,,0.0,0.0,,,,,,42.1,89.8,704.0,0.32,,11.33,11.27,11.27,11.27,11.18,11.29,11.08,11.23,12.6,23.7,17.2,15.2,,,
0.0,2020-02-04 01:30:00,0.0,0.0,0.0,0.0,1.0,1.0,286682.15,662723.0,42.2,89.8,724.0,0.28,4.0,11.27,11.21,11.21,11.21,11.11,11.2,11.15,11.26,12.5,23.7,17.3,15.1,24.0,20.0,24.7
0.0,2020-02-04 01:35:00,,0.0,0.0,,,,,,42.3,89.2,754.0,0.28,,11.27,11.21,11.21,11.21,11.29,11.45,11.26,11.51,12.9,23.6,17.5,15.1,,,
0.0,2020-02-04 01:40:00,,0.0,0.0,,,1.0,,,42.3,89.1,766.0,0.28,,11.27,11.21,11.21,11.21,11.25,11.63,11.42,11.45,13.0,23.6,17.6,15.1,,,24.7
0.0,2020-02-04 01:45:00,0.0,0.0,0.0,0.0,1.0,,286682.23,662724.0,42.1,88.5,748.0,0.32,4.0,11.33,11.21,11.21,11.21,11.42,11.45,11.37,11.56,13.1,23.6,17.7,15.1,24.0,20.0,
0.0,2020-02-04 01:50:00,,0.0,0.0,,,1.0,,,42.1,87.8,718.0,0.32,,11.33,11.27,11.27,11.27,11.33,11.63,11.5,11.48,13.4,23.6,17.7,15.1,,,24.7
0.0,2020-02-04 01:55:00,,0.0,0.0,,,,,,42.0,87.7,704.0,0.24,,11.33,11.27,11.27,11.27,11.4,11.45,11.31,11.5,13.2,23.7,17.5,15.1,,,
0.0,2020-02-04 02:00:00,0.0,0.0,0.0,0.0,1.0,1.0,286682.31,662725.0,41.8,89.6,698.0,0.28,4.0,11.27,11.21,11.27,11.21,11.22,11.53,11.48,11.36,12.9,23.7,17.3,15.0,24.0,20.0,24.7
0.0,2020-02-04 02:05:00,,0.0,0.0,,,,,,41.8,89.8,700.0,0.28,,11.27,11.21,11.27,11.27,11.37,11.36,11.18,11.48,12.7,23.7,17.2,14.9,,,
0.0,2020-02-04 02:10:00,,0.0,0.0,,,1.0,,,42.1,89.8,722.0,0.36,,11.27,11.15,11.21,11.21,11.22,11.23,11.23,11.29,12.6,23.6,17.3,14.8,,,24.7
0.0,2020-02-04 02:15:00,0.0,0.0,0.0,0.0,1.0,,286682.39,662726.0,42.0,89.9,710.0,0.32,4.0,11.27,11.15,11.21,11.21,11.11,11.33,11.34,11.15,12.5,23.6,17.3,14.7,24.0,20.0,
0.0,2020-02-04 02:20:00,,0.0,0.0,,,1.0,,,42.0,89.8,722.0,0.32,,11.21,11.15,11.21,11.15,11.17,11.2,11.09,11.25,12.4,23.6,17.4,14.6,,,24.7
0.0,2020-02-04 02:25:00,,0.0,0.0,,,,,,42.0,89.7,704.0,0.32,,11.21,11.08,11.15,11.15,11.11,11.28,11.31,11.29,12.4,23.6,17.3,14.6,,,
0.0,2020-02-04 02:30:00,0.0,0.0,0.0,0.0,1.0,1.0,286682.47,662726.0,42.3,89.8,732.0,0.32,0.0,11.15,11.08,11.15,11.08,11.11,11.36,11.23,11.15,12.4,23.5,17.5,14.5,24.0,20.0,24.7
0.0,2020-02-04 02:35:00,,0.0,0.0,,,,,,42.2,89.9,738.0,0.32,,11.15,11.08,11.15,11.08,11.15,11.15,11.14,11.28,12.4,23.5,17.7,14.5,,,
0.0,2020-02-04 02:40:00,,0.0,0.0,,,1.0,,,42.4,89.8,742.0,0.32,,11.15,11.02,11.15,11.08,11.25,11.43,11.06,11.28,12.6,23.4,17.7,14.5,,,24.7
0.0,2020-02-04 02:45:00,0.0,0.0,0.0,0.0,1.0,,286682.54,662727.0,42.4,89.9,732.0,0.32,4.0,11.15,11.02,11.15,11.08,11.05,11.15,11.26,11.29,12.5,23.4,17.7,14.5,24.0,20.0,
0.0,2020-02-04 02:50:00,,0.0,0.0,,,1.0,,,41.8,89.9,704.0,0.32,,11.08,11.02,11.08,11.08,11.06,11.25,11.22,11.28,12.3,23.4,17.3,14.5,,,24.7
0.0,2020-02-04 02:55:00,,0.0,0.0,,,,,,41.9,89.8,696.0,0.32,,11.15,11.08,11.15,11.08,11.0,11.29,11.18,11.18,12.3,23.5,17.1,14.4,,,
0.0,2020-02-04 03:00:00,0.0,0.0,0.0,0.0,1.0,1.0,286682.62,662728.0,41.9,89.9,706.0,0.32,4.0,11.15,11.02,11.15,11.08,11.02,11.11,10.91,11.0,12.1,23.5,17.1,14.3,24.0,20.0,24.7
0.0,2020-02-04 03:05:00,,0.0,0.0,,,,,,41.9,89.9,686.0,0.32,,11.08,11.02,11.08,11.08,10.98,11.05,10.89,10.97,12.0,23.5,17.0,14.2,,,
0.0,2020-02-04 03:10:00,,0.0,0.0,,,1.0,,,41.9,89.9,680.0,0.28,,11.08,10.96,11.08,11.02,10.89,10.91,10.86,11.03,11.9,23.5,17.0,14.2,,,24.6
0.0,2020-02-04 03:15:00,0.0,0.0,0.0,0.0,1.0,,286682.7,662729.0,42.1,89.9,686.0,0.32,4.0,11.08,10.96,11.08,11.02,10.95,11.0,10.78,10.91,11.9,23.5,17.0,14.1,24.0,20.0,
0.0,2020-02-04 03:20:00,,0.0,0.0,,,1.0,,,42.0,89.9,706.0,0.28,,11.02,10.96,11.02,11.02,10.8,11.11,10.86,10.92,11.8,23.4,17.0,14.1,,,24.7
0.0,2020-02-04 03:25:00,,0.0,0.0,,,,,,42.0,89.9,702.0,0.32,,10.96,10.9,10.96,10.96,10.75,10.94,10.95,10.98,11.7,23.4,17.0,14.0,,,
0.0,2020-02-04 03:30:00,0.0,0.0,0.0,0.0,1.0,1.0,286682.78,662730.0,42.1,89.9,688.0,0.32,4.0,10.96,10.9,10.9,10.9,10.89,11.02,10.78,10.84,11.8,23.4,16.9,13.9,24.0,20.0,24.7
0.0,2020-02-04 03:35:00,,0.0,0.0,,,,,,42.1,89.8,680.0,0.32,,10.96,10.9,10.96,10.96,10.94,11.12,10.95,11.08,12.0,23.4,16.8,13.9,,,
0.0,2020-02-04 03:40:00,,0.0,0.0,,,1.0,,,42.0,89.8,702.0,0.32,,11.02,10.96,11.02,11.02,11.0,11.26,11.22,11.14,12.4,23.4,17.1,14.0,,,24.7
0.0,2020-02-04 03:45:00,0.0,0.0,0.0,0.0,1.0,,286682.86,662731.0,42.0,89.5,706.0,0.28,4.0,11.08,11.02,11.08,11.08,11.11,11.31,11.03,11.34,12.5,23.4,17.3,14.0,24.0,20.0,
0.0,2020-02-04 03:50:00,,0.0,0.0,,,1.0,,,42.1,89.5,704.0,0.32,,11.08,11.02,11.08,11.02,11.06,11.26,11.29,11.17,12.5,23.4,17.4,14.0,,,24.6
0.0,2020-02-04 03:55:00,,0.0,0.0,,,,,,42.0,89.7,686.0,0.32,,11.08,10.96,11.02,11.02,10.98,11.17,11.2,11.22,12.4,23.4,17.1,14.0,,,
0.0,2020-02-04 04:00:00,0.0,0.0,0.0,0.0,1.0,1.0,286682.93,662731.0,42.1,89.6,694.0,0.32,0.0,11.08,10.96,11.02,11.02,11.06,11.43,11.31,11.15,12.4,23.4,17.1,14.0,24.0,20.0,24.6
0.0,2020-02-04 04:05:00,,0.0,0.0,,,,,,42.0,89.0,694.0,0.32,,11.08,10.96,11.08,11.02,11.23,11.48,11.12,11.28,12.5,23.4,17.2,14.0,,,
0.0,2020-02-04 04:10:00,,0.0,0.0,,,1.0,,,42.1,88.0,696.0,0.32,,11.08,11.02,11.08,11.08,11.12,11.34,11.29,11.33,12.6,23.3,17.3,14.0,,,24.6
0.0,2020-02-04 04:15:00,0.0,0.0,0.0,0.0,1.0,,286683.01,662732.0,42.2,87.5,696.0,0.28,4.0,11.08,11.02,11.15,11.08,11.25,11.29,11.14,11.39,12.7,23.3,17.4,14.0,24.0,20.0,
0.0,2020-02-04 04:20:00,,0.0,0.0,,,1.0,,,42.1,86.7,696.0,0.32,,11.15,11.02,11.15,11.15,11.28,11.33,11.25,11.42,12.9,23.3,17.4,14.1,,,24.6
0.0,2020-02-04 04:25:00,,0.0,0.0,,,,,,42.0,86.8,696.0,0.32,,11.15,11.08,11.15,11.15,11.18,11.34,11.26,11.5,12.9,23.3,17.5,14.1,,,
0.0,2020-02-04 04:30:00,0.0,0.0,0.0,0.0,1.0,1.0,286683.09,662733.0,42.1,86.8,694.0,0.32,4.0,11.15,11.08,11.15,11.15,11.23,11.51,11.31,11.4,12.8,23.3,17.5,14.1,24.0,20.0,24.8
0.0,2020-02-04 04:35:00,,0.0,0.0,,,,,,42.1,86.7,682.0,0.24,,11.15,11.02,11.15,11.08,11.17,11.36,11.33,11.42,12.6,23.3,17.2,14.1,,,
0.0,2020-02-04 04:40:00,,0.0,0.0,,,1.0,,,41.8,87.1,666.0,0.32,,11.08,11.02,11.08,11.08,11.11,11.43,11.18,11.2,12.4,23.3,16.9,14.0,,,24.75
0.0,2020-02-04 04:45:00,0.0,0.0,0.0,0.0,1.0,,286683.17,662734.0,41.9,87.2,668.0,0.32,4.0,11.08,11.02,11.08,11.08,11.03,11.2,11.23,11.2,12.3,23.3,16.9,13.9,24.3,20.3,
0.0,2020-02-04 04:50:00,,0.0,0.0,,,1.0,,,41.9,87.1,674.0,0.32,,11.08,11.02,11.08,11.02,11.14,11.34,11.06,11.15,12.3,23.3,16.9,13.9,,,24.7
0.0,2020-02-04 04:55:00,,0.0,0.0,,,,,,42.0,87.3,684.0,0.32,,11.08,10.96,11.02,11.02,11.06,11.15,10.95,11.23,12.3,23.2,17.1,13.9,,,
0.0,2020-02-04 05:00:00,0.0,0.0,0.0,0.0,1.0,1.0,286683.25,662735.0,42.2,87.5,686.0,0.28,4.0,11.08,10.96,11.02,11.02,11.05,11.11,11.09,11.26,12.3,23.2,17.3,13.9,24.3,20.3,24.8
0.0,2020-02-04 05:05:00,,0.0,0.0,,,,,,42.1,87.7,688.0,0.28,,11.08,10.96,11.02,11.02,11.0,11.22,11.17,11.31,12.3,23.1,17.3,13.9,,,
0.0,2020-02-04 05:10:00,,0.0,0.0,,,1.0,,,42.0,87.8,682.0,0.32,,11.02,10.96,11.02,10.96,10.97,11.23,10.91,11.18,12.2,23.1,17.3,13.9,,,24.7
0.0,2020-02-04 05:15:00,0.0,0.0,0.0,0.0,1.0,,286683.33,662736.0,42.0,87.8,682.0,0.32,4.0,11.02,10.96,10.96,10.96,10.92,11.2,11.17,11.06,12.2,23.1,17.4,13.9,24.3,20.3,
0.0,2020-02-04 05:20:00,,0.0,0.0,,,1.0,,,42.1,87.8,680.0,0.28,,11.02,10.9,10.96,10.96,10.97,11.36,11.17,11.22,12.2,23.1,17.4,13.9,,,24.8
0.0,2020-02-04 05:25:00,,0.0,0.0,,,,,,42.2,86.7,678.0,0.28,,11.02,10.96,10.96,10.96,11.0,11.4,11.18,11.2,12.4,23.1,17.4,13.9,,,
0.0,2020-02-04 05:30:00,0.0,0.0,0.0,0.0,1.0,1.0,286683.4,662736.0,42.0,86.3,678.0,0.28,0.0,11.02,10.96,11.02,10.96,11.03,11.23,10.98,11.34,12.4,23.1,17.4,13.9,24.3,20.3,24.75
0.0,2020-02-04 05:35:00,,0.0,0.0,,,,,,41.9,86.0,676.0,0.32,,11.02,10.96,11.02,11.02,11.08,11.18,11.14,11.23,12.4,23.1,17.5,13.9,,,
0.0,2020-02-04 05:40:00,,0.0,0.0,,,1.0,,,42.1,85.4,674.0,0.32,,11.02,10.96,11.02,11.02,11.17,11.31,11.08,11.36,12.4,23.1,17.5,13.9,,,24.75
0.0,2020-02-04 05:45:00,0.0,0.0,0.0,0.0,1.0,,286683.48,662737.0,42.0,84.5,674.0,0.32,4.0,11.02,10.96,11.02,11.02,11.05,11.25,11.29,11.26,12.5,23.1,17.6,13.9,24.3,20.3,
0.0,2020-02-04 05:50:00,,0.0,0.0,,,1.0,,,42.0,83.7,672.0,0.28,,11.08,10.96,11.08,11.02,11.25,11.36,11.2,11.4,12.6,23.0,17.6,13.9,,,24.7
0.0,2020-02-04 05:55:00,,0.0,0.0,,,,,,42.1,83.6,670.0,0.32,,11.08,11.02,11.08,11.02,11.17,11.31,11.25,11.28,12.6,23.0,17.7,13.9,,,
0.0,2020-02-04 06:00:00,0.0,0.0,0.0,0.0,1.0,1.0,286683.56,662738.0,41.9,83.9,670.0,0.32,4.0,11.08,11.02,11.08,11.02,11.05,11.48,11.2,11.29,12.6,23.0,17.7,13.9,24.3,20.3,24.7
0.0,2020-02-04 06:05:00,,0.0,0.0,,,,,,41.9,83.8,670.0,0.32,,11.08,11.02,11.08,11.02,11.09,11.47,11.11,11.28,12.6,23.0,17.7,13.9,,,
0.0,2020-02-04 06:10:00,,0.0,0.0,,,1.0,,,42.0,83.7,668.0,0.32,,11.08,11.02,11.08,11.02,11.05,11.22,11.2,11.25,12.5,23.0,17.7,14.0,,,24.7
0.0,2020-02-04 06:15:00,0.0,0.0,0.0,0.0,1.0,,286683.64,662739.0,42.1,83.5,666.0,0.32,4.0,11.08,11.02,11.08,11.02,11.22,11.47,11.12,11.28,12.5,22.9,17.7,14.0,24.3,20.3,
0.0,2020-02-04 06:20:00,,0.0,0.0,,,1.0,,,42.0,83.7,666.0,0.28,,11.08,10.96,11.02,11.02,11.06,11.15,11.25,11.28,12.5,22.9,17.7,14.0,,,24.7
0.0,2020-02-04 06:25:00,,0.0,0.0,,,,,,41.8,84.5,666.0,0.32,,11.02,10.96,11.02,11.02,11.02,11.36,11.11,11.17,12.2,22.9,17.5,14.0,,,
0.0,2020-02-04 06:30:00,0.0,0.0,0.0,0.0,1.0,1.0,286683.71,662740.0,41.9,84.3,656.0,0.28,4.0,11.08,10.96,11.02,11.02,10.94,11.06,11.0,11.11,12.1,23.0,17.3,13.9,24.3,20.3,24.7
0.0,2020-02-04 06:35:00,,0.0,0.0,,,,,,41.4,84.2,644.0,0.28,,11.02,10.96,11.02,10.96,10.86,11.06,11.0,10.97,11.9,23.0,17.1,13.8,,,
0.0,2020-02-04 06:40:00,,0.0,0.0,,,1.0,,,41.5,84.7,642.0,0.28,,10.96,10.9,10.96,10.96,10.88,11.14,10.88,10.95,11.7,23.1,17.0,13.7,,,24.8
0.0,2020-02-04 06:45:00,0.0,0.0,0.0,0.0,1.0,,286683.79,662741.0,41.4,85.2,644.0,0.28,4.0,10.9,10.84,10.9,10.9,10.88,11.06,10.78,10.88,11.5,23.1,16.9,13.7,24.3,20.3,
0.0,2020-02-04 06:50:00,,0.0,0.0,,,1.0,,,41.5,85.6,648.0,0.32,,10.84,10.78,10.84,10.84,10.73,10.72,10.83,10.91,11.3,23.1,16.7,13.7,,,24.7
0.0,2020-02-04 06:55:00,,0.0,0.0,,,,,,41.3,85.8,644.0,0.32,,10.84,10.71,10.78,10.78,10.72,10.95,10.75,10.77,11.1,23.1,16.6,13.6,,,
0.0,2020-02-04 07:00:00,0.0,0.0,0.0,0.0,1.0,1.0,286683.87,662741.0,41.1,86.3,642.0,0.32,0.0,10.78,10.65,10.71,10.71,10.66,10.94,10.52,10.67,11.0,23.1,16.6,13.5,24.3,20.3,24.7
0.0,2020-02-04 07:05:00,,0.0,0.0,,,,,,41.1,86.4,644.0,0.28,,10.71,10.65,10.65,10.65,10.58,10.92,10.7,10.7,10.9,23.1,16.6,13.5,,,
0.0,2020-02-04 07:10:00,,0.0,0.0,,,1.0,,,41.4,86.4,646.0,0.28,,10.65,10.59,10.65,10.59,10.44,10.89,10.6,10.63,10.8,23.0,16.7,13.4,,,24.75
0.0,2020-02-04 07:15:00,0.0,0.0,0.0,0.0,1.0,,286683.95,662742.0,41.3,86.2,642.0,0.32,4.0,10.65,10.59,10.59,10.59,10.52,10.7,10.64,10.78,10.9,23.0,16.8,13.4,24.3,20.3,
0.0,2020-02-04 07:20:00,,0.0,0.0,,,1.0,,,41.3,86.0,646.0,0.32,,10.71,10.59,10.59,10.59,10.69,10.7,10.58,10.75,11.0,23.0,17.0,13.4,,,24.75
0.0,2020-02-04 07:25:00,,0.0,0.0,,,,,,41.2,85.5,650.0,0.28,,10.71,10.65,10.65,10.65,10.67,10.78,10.67,10.84,11.2,23.0,17.1,13.4,,,
0.0,2020-02-04 07:30:00,0.0,0.0,0.0,0.0,1.0,1.0,286684.03,662743.0,41.2,85.3,644.0,0.32,4.0,10.71,10.65,10.65,10.65,10.66,10.89,10.83,10.91,11.2,23.0,17.0,13.4,24.3,20.3,24.75
0.0,2020-02-04 07:35:00,,0.0,0.0,,,,,,41.0,85.0,644.0,0.28,,10.71,10.65,10.65,10.65,10.66,10.77,10.84,10.83,11.2,23.0,17.0,13.4,,,
0.0,2020-02-04 07:40:00,,0.0,0.0,,,1.0,,,41.2,84.1,644.0,0.32,,10.71,10.65,10.65,10.65,10.61,10.97,10.89,10.73,11.3,23.0,17.0,13.4,,,24.75
0.0,2020-02-04 07:45:00,0.0,0.0,0.0,0.0,1.0,,286684.11,662744.0,41.0,83.0,650.0,0.32,4.0,10.78,10.71,10.71,10.65,10.83,10.89,10.84,11.02,11.5,22.9,17.1,13.4,24.3,20.3,
0.0,2020-02-04 07:50:00,,0.0,0.0,,,1.0,,,41.0,82.7,648.0,0.32,,10.78,10.71,10.71,10.71,10.84,10.98,10.91,10.95,11.6,22.9,17.3,13.4,,,24.75
0.0,2020-02-04 07:55:00,,0.0,0.0,,,,,,41.1,82.4,648.0,0.36,,10.78,10.71,10.78,10.71,10.81,11.15,11.03,10.91,11.7,22.9,17.3,13.4,,,
0.0,2020-02-04 08:00:00,0.0,0.0,0.0,0.0,1.0,1.0,286684.19,662746.0,41.4,81.9,646.0,0.28,8.0,10.84,10.78,10.78,10.78,10.75,11.23,10.98,11.02,11.8,22.9,17.4,13.5,24.3,20.3,24.75
0.0,2020-02-04 08:05:00,,0.0,0.0,,,,,,41.3,81.6,648.0,0.32,,10.84,10.78,10.78,10.78,10.86,11.02,11.03,11.06,11.8,22.9,17.4,13.5,,,
0.0,2020-02-04 08:10:00,,0.0,0.0,,,1.0,,,41.0,82.0,646.0,0.28,,10.84,10.78,10.78,10.78,10.78,10.92,11.05,11.02,11.8,22.9,17.3,13.5,,,24.75
0.0,2020-02-04 08:15:00,0.0,0.0,0.0,0.0,1.0,,286684.27,662750.0,41.0,81.2,644.0,0.28,16.0,10.9,10.84,10.84,10.84,10.69,11.03,11.0,10.94,11.7,22.9,17.3,13.5,24.3,20.3,
0.0,2020-02-04 08:20:00,,0.0,0.0,,,1.0,,,41.0,77.9,646.0,0.28,,10.96,10.84,10.96,10.96,10.92,11.05,10.83,11.09,12.0,22.9,17.3,13.5,,,24.75
0.0,2020-02-04 08:25:00,,0.0,0.0,,,,,,41.0,74.9,646.0,0.28,,11.08,10.96,11.15,11.15,11.0,11.09,10.84,11.15,12.2,22.9,17.3,13.6,,,
0.0,2020-02-04 08:30:00,0.0,0.0,0.0,0.0,1.0,1.0,286684.34,662755.0,40.9,71.7,642.0,0.28,20.0,11.21,11.08,11.33,11.27,11.06,11.17,10.89,11.33,12.4,22.9,17.3,13.7,24.3,20.3,24.75
0.0,2020-02-04 08:35:00,,0.0,0.0,,,,,,40.9,68.6,644.0,0.28,,11.27,11.21,11.45,11.45,11.0,11.11,11.14,11.26,12.8,22.9,17.3,13.7,,,
0.0,2020-02-04 08:40:00,,0.0,0.0,,,1.0,,,40.7,66.2,646.0,0.28,,11.45,11.39,11.64,11.64,11.05,11.36,11.14,11.2,13.3,22.9,17.3,13.8,,,24.5
0.0,2020-02-04 08:45:00,0.0,0.0,0.0,0.0,1.0,,286684.42,662760.0,40.6,71.8,644.0,0.36,20.0,11.64,11.64,11.82,11.82,11.02,11.23,11.17,11.25,14.2,22.9,17.1,13.9,24.0,20.0,
0.0,2020-02-04 08:50:00,,0.0,0.0,,,1.0,,,40.3,74.5,626.0,0.28,,11.82,11.76,12.01,12.01,11.17,11.29,11.14,11.31,15.2,23.0,17.0,13.9,,,24.5
0.0,2020-02-04 08:55:00,,0.0,0.0,,,,,,40.2,76.3,624.0,0.32,,12.01,11.95,12.19,12.19,11.02,11.33,11.22,11.39,16.4,23.1,16.9,14.0,,,
0.0,2020-02-04 09:00:00,0.0,0.0,0.0,0.0,1.0,1.0,286684.5,662768.0,40.1,76.1,632.0,0.28,32.0,12.19,12.13,12.32,12.32,11.17,11.58,11.28,11.33,17.2,23.1,17.1,14.1,24.0,20.0,24.5
0.0,2020-02-04 09:05:00,,0.0,0.0,,,,,,40.1,75.4,628.0,0.36,,12.44,12.38,12.5,12.56,11.22,11.53,11.34,11.48,18.2,23.2,17.1,14.3,,,
0.0,2020-02-04 09:10:00,,0.0,0.0,,,1.0,,,39.7,73.8,626.0,0.28,,12.62,12.56,12.75,12.69,11.43,11.54,11.4,11.62,19.0,23.2,17.2,14.5,,,24.4
0.0,2020-02-04 09:15:00,0.0,0.0,0.0,0.0,1.0,,286684.57,662778.0,39.5,73.3,624.0,0.36,40.0,12.75,12.75,12.87,12.93,11.51,11.84,11.45,11.73,19.1,23.3,17.5,14.7,24.0,20.0,
0.0,2020-02-04 09:20:00,,0.0,0.0,,,1.0,,,39.6,72.9,624.0,0.32,,12.99,12.93,12.99,13.05,11.65,11.79,11.67,11.78,19.3,23.3,17.6,14.9,,,24.3
0.0,2020-02-04 09:25:00,,0.0,0.0,,,,,,39.9,72.1,628.0,0.32,,13.18,13.05,13.18,13.24,11.76,12.15,11.82,11.95,19.6,23.3,17.8,15.1,,,
0.0,2020-02-04 09:30:00,0.0,0.0,0.0,0.0,1.0,1.0,286684.65,662788.0,39.9,71.6,638.0,0.28,40.0,13.24,13.24,13.3,13.36,11.82,12.19,12.1,11.98,19.7,23.3,18.1,15.4,24.0,20.0,24.3
1.0,2020-02-04 09:35:00,,0.0,0.0,,,,,,39.6,71.4,634.0,9.16,,13.79,13.73,13.92,13.98,11.88,12.19,12.08,12.23,19.8,23.3,21.0,20.5,,,
1.0,2020-02-04 09:40:00,,0.0,0.0,,,1.0,,,39.7,70.3,642.0,9.16,,13.92,13.86,14.1,14.22,12.05,12.44,12.24,12.27,20.4,23.4,21.9,21.1,,,24.2
1.0,2020-02-04 09:45:00,0.0,0.0,0.0,0.0,1.0,,286686.9,662801.0,39.7,69.2,646.0,9.08,52.0,14.16,14.1,14.29,14.41,12.23,12.37,12.3,12.46,20.9,23.4,22.3,21.4,23.7,19.7,
1.0,2020-02-04 09:50:00,,0.0,0.0,,,1.0,,,39.5,68.4,640.0,9.2,,14.29,14.22,14.47,14.53,12.26,12.69,12.46,12.48,21.3,23.4,22.5,21.6,,,24.1
1.0,2020-02-04 09:55:00,,0.0,0.0,,,,,,39.2,68.7,632.0,9.2,,14.41,14.35,14.59,14.66,12.48,12.75,12.4,12.6,21.2,23.5,22.7,21.8,,,
1.0,2020-02-04 10:00:00,0.0,0.0,0.0,0.0,1.0,1.0,286689.2,662813.0,39.1,67.9,634.0,8.96,48.0,14.53,14.47,14.72,14.78,12.46,12.71,12.48,12.74,21.2,23.5,22.8,21.9,23.7,19.7,24.1
1.0,2020-02-04 10:05:00,,0.0,0.0,,,,,,39.3,67.1,638.0,8.92,,14.72,14.66,14.84,14.96,12.55,12.78,12.66,12.82,21.1,23.5,22.9,22.0,,,
1.0,2020-02-04 10:10:00,,0.0,0.0,,,1.0,,,39.0,66.7,638.0,9.12,,14.9,14.78,14.96,15.09,12.69,12.93,12.75,12.83,21.3,23.5,23.0,22.1,,,24.1
1.0,2020-02-04 10:15:00,0.0,0.0,0.0,0.0,1.0,,286691.44,662826.0,39.0,66.3,628.0,9.16,52.0,15.03,14.9,15.09,15.15,12.69,13.08,12.91,12.96,21.6,23.6,23.1,22.1,23.7,19.7,
1.0,2020-02-04 10:20:00,,0.0,0.0,,,1.0,,,38.8,65.9,626.0,9.12,,15.21,15.03,15.21,15.27,12.74,13.16,12.89,13.02,22.3,23.6,23.2,22.2,,,24.1
1.0,2020-02-04 10:25:00,,0.0,0.0,,,,,,38.8,65.9,626.0,9.12,,15.27,15.03,15.27,15.33,12.83,13.14,13.05,13.13,22.7,23.7,23.3,22.3,,,
1.0,2020-02-04 10:30:00,0.0,0.0,0.0,0.0,1.0,1.0,286693.73,662839.0,38.9,65.9,630.0,9.12,52.0,15.33,15.27,15.33,15.46,13.05,13.27,12.98,13.14,23.1,23.7,23.4,22.4,23.7,19.7,24.1
1.0,2020-02-04 10:35:00,,0.0,0.0,,,,,,38.7,65.3,632.0,9.12,,15.21,15.27,15.39,15.46,12.98,13.13,12.98,13.13,23.1,23.7,23.5,22.5,,,
1.0,2020-02-04 10:40:00,,0.0,0.0,,,1.0,,,38.5,64.7,628.0,9.12,,15.21,15.15,15.39,15.46,13.0,13.41,13.2,13.22,23.1,23.8,23.5,22.5,,,24.0
1.0,2020-02-04 10:45:00,1.0,0.0,0.0,0.0,1.0,,286696.0,662852.0,38.5,64.8,628.0,9.16,52.0,15.21,15.15,15.33,15.52,12.94,13.22,13.14,13.3,22.9,23.8,23.6,22.6,23.7,19.7,
1.0,2020-02-04 10:50:00,,0.0,0.0,,,1.0,,,38.7,65.0,628.0,9.12,,15.27,15.15,15.39,15.52,13.13,13.39,13.16,13.25,23.0,23.7,23.6,22.6,,,24.0
1.0,2020-02-04 10:55:00,,0.0,0.0,,,,,,38.5,64.8,626.0,9.12,,15.39,15.27,15.46,15.58,13.09,13.34,13.38,13.39,23.0,23.6,23.7,22.7,,,
1.0,2020-02-04 11:00:00,1.0,0.0,0.0,0.0,1.0,,286698.29,662865.0,38.7,64.6,626.0,9.12,52.0,15.52,15.39,15.58,15.64,13.19,13.65,13.5,13.48,22.9,23.6,23.8,22.8,23.7,19.7,
1.0,2020-02-04 11:05:00,,0.0,0.0,,,,,,38.7,64.7,626.0,9.16,,15.52,15.39,15.52,15.64,13.44,13.59,13.45,13.51,22.9,23.6,23.9,22.8,,,
1.0,2020-02-04 11:10:00,,0.0,0.0,,,1.0,,,38.7,64.1,624.0,9.08,,15.58,15.46,15.58,15.64,13.53,13.76,13.58,13.67,23.1,23.6,23.9,22.9,,,24.0
1.0,2020-02-04 11:15:00,1.0,0.0,0.0,0.0,1.0,,286700.57,662878.0,38.4,62.4,626.0,9.04,52.0,15.64,15.52,15.64,15.7,13.59,13.84,13.83,13.83,23.1,23.6,24.0,23.0,23.7,19.7,
1.0,2020-02-04 11:20:00,,0.0,0.0,,,1.0,,,38.5,62.7,624.0,9.12,,15.7,15.58,15.64,15.76,13.67,14.09,13.89,13.86,23.0,23.5,24.1,23.1,,,24.0
1.0,2020-02-04 11:25:00,,0.0,0.0,,,,,,38.4,61.5,622.0,9.12,,15.7,15.58,15.7,15.83,13.92,13.96,13.87,13.98,23.4,23.5,24.2,23.1,,,
1.0,2020-02-04 11:30:00,1.0,0.0,0.0,0.0,1.0,1.0,286702.84,662891.0,38.7,60.3,618.0,9.08,52.0,15.7,15.64,15.7,15.83,13.93,14.12,14.09,14.15,23.5,23.6,24.2,23.2,23.7,19.7,24.0
1.0,2020-02-04 11:35:00,,0.0,0.0,,,,,,38.6,59.6,620.0,9.12,,15.76,15.64,15.76,15.83,13.99,14.28,14.23,14.24,23.8,23.6,24.3,23.3,,,
1.0,2020-02-04 11:40:00,,0.0,0.0,,,1.0,,,38.5,59.0,620.0,9.12,,15.76,15.7,15.76,15.83,14.15,14.21,14.09,14.24,24.0,23.6,24.3,23.3,,,24.0
1.0,2020-02-04 11:45:00,1.0,0.0,0.0,0.0,1.0,,286705.12,662904.0,38.7,58.8,624.0,9.08,52.0,15.83,15.76,15.83,15.89,14.15,14.38,14.37,14.38,24.7,23.6,24.4,23.4,23.7,19.7,
1.0,2020-02-04 11:50:00,,0.0,0.0,,,1.0,,,38.6,58.8,622.0,9.08,,15.83,15.76,15.83,15.89,14.2,14.43,14.43,14.46,25.3,23.6,24.5,23.5,,,24.0
1.0,2020-02-04 11:55:00,,0.0,0.0,,,,,,38.6,57.8,622.0,9.12,,15.89,15.76,15.83,15.89,14.28,14.52,14.48,14.46,25.6,23.6,24.5,23.5,,,
1.0,2020-02-04 12:00:00,1.0,0.0,0.0,0.0,1.0,,286707.39,662918.0,38.5,57.3,624.0,9.04,56.0,15.89,15.83,15.89,15.95,14.48,14.76,14.51,14.71,25.9,23.7,24.6,23.6,23.7,19.7,
1.0,2020-02-04 12:05:00,,0.0,0.0,,,,,,38.7,55.9,626.0,9.04,,15.89,15.83,16.01,16.01,14.73,14.73,14.62,14.83,26.4,23.7,24.7,23.7,,,
1.0,2020-02-04 12:10:00,,0.0,0.0,,,1.0,,,38.4,55.4,626.0,9.04,,15.89,15.83,16.07,16.01,14.73,14.99,14.76,14.85,26.0,23.7,24.7,23.8,,,24.0
1.0,2020-02-04 12:15:00,1.0,0.0,0.0,0.0,1.0,,286709.66,662931.0,38.2,55.0,624.0,9.04,52.0,15.95,15.83,16.07,16.01,14.71,15.05,14.76,14.89,25.9,23.8,24.8,23.8,23.7,19.7,
1.0,2020-02-04 12:20:00,,0.0,0.0,,,1.0,,,38.3,54.3,624.0,9.0,,15.95,15.83,16.13,16.07,14.79,14.94,14.83,14.93,25.1,23.8,24.8,23.9,,,24.0
1.0,2020-02-04 12:25:00,,0.0,0.0,,,,,,38.3,54.7,626.0,8.88,,15.95,15.89,16.13,16.07,14.76,15.02,14.93,14.86,25.0,23.7,24.9,24.0,,,
1.0,2020-02-04 12:30:00,1.0,0.0,0.0,0.0,1.0,1.0,286711.89,662944.0,38.1,54.0,626.0,9.08,52.0,15.95,15.89,16.13,16.07,15.02,15.1,14.89,14.97,24.9,23.7,24.9,24.0,23.7,19.7,24.0
1.0,2020-02-04 12:35:00,,0.0,0.0,,,,,,38.5,53.9,628.0,9.16,,16.01,15.89,16.13,16.07,14.96,14.94,14.82,15.03,24.8,23.7,25.0,24.0,,,
1.0,2020-02-04 12:40:00,,0.0,0.0,,,1.0,,,38.4,53.4,628.0,9.0,,16.01,15.89,16.07,16.13,15.0,15.07,14.89,15.05,25.1,23.7,25.0,24.1,,,24.0
1.0,2020-02-04 12:45:00,1.0,0.0,0.0,0.0,1.0,,286714.16,662957.0,38.2,52.8,628.0,8.96,52.0,16.01,15.95,16.07,16.13,14.94,15.14,15.08,15.1,25.1,23.7,25.1,24.1,23.7,19.7,
1.0,2020-02-04 12:50:00,,0.0,0.0,,,1.0,,,38.3,52.5,628.0,8.96,,16.01,15.95,16.07,16.13,15.02,15.16,15.11,15.08,25.0,23.8,25.1,24.2,,,24.0
1.0,2020-02-04 12:55:00,,0.0,0.0,,,,,,38.1,52.5,630.0,9.04,,16.07,15.95,16.07,16.13,15.03,15.33,15.22,15.19,25.4,23.8,25.2,24.2,,,
1.0,2020-02-04 13:00:00,1.0,0.0,0.0,0.0,1.0,1.0,286716.42,662971.0,38.5,51.1,632.0,9.04,56.0,16.07,15.95,16.07,16.13,15.11,15.38,15.32,15.22,25.6,23.8,25.2,24.2,23.7,19.7,24.0
1.0,2020-02-04 13:05:00,,0.0,0.0,,,,,,38.3,50.9,634.0,9.04,,16.13,16.01,16.13,16.2,15.14,15.48,15.33,15.33,25.8,23.8,25.3,24.3,,,
1.0,2020-02-04 13:10:00,,0.0,0.0,,,1.0,,,38.0,50.0,638.0,9.04,,16.13,16.01,16.13,16.2,15.33,15.66,15.38,15.45,26.3,23.8,25.3,24.3,,,24.0
1.0,2020-02-04 13:15:00,1.0,0.0,0.0,0.0,1.0,,286718.67,662984.0,38.0,50.0,640.0,9.0,52.0,16.2,16.07,16.13,16.2,15.44,15.7,15.36,15.53,26.3,23.8,25.4,24.4,23.7,19.7,
1.0,2020-02-04 13:20:00,,0.0,0.0,,,1.0,,,38.0,49.8,644.0,8.92,,16.2,16.07,16.13,16.26,15.3,15.52,15.47,15.52,26.1,23.9,25.4,24.4,,,24.0
1.0,2020-02-04 13:25:00,,0.0,0.0,,,,,,37.9,49.6,644.0,8.92,,16.2,16.07,16.2,16.26,15.42,15.7,15.39,15.67,26.1,23.9,25.4,24.4,,,
1.0,2020-02-04 13:30:00,1.0,0.0,0.0,0.0,1.0,1.0,286720.91,662997.0,37.9,48.3,644.0,9.0,52.0,16.2,16.07,16.2,16.26,15.41,15.55,15.52,15.55,25.1,23.9,25.4,24.5,23.7,19.7,23.5
1.0,2020-02-04 13:35:00,,0.0,0.0,,,,,,37.8,48.6,640.0,30.76,,24.63,7.39,15.7,15.83,10.88,15.05,11.06,14.77,24.7,23.9,17.6,24.5,,,
1.0,2020-02-04 13:40:00,,0.0,0.0,,,1.0,,,37.6,48.2,642.0,30.88,,24.69,7.33,15.76,15.83,10.32,15.16,10.27,15.0,24.7,23.9,16.0,24.0,,,23.5
1.0,2020-02-04 13:45:00,1.0,0.0,0.0,0.0,1.0,,286727.82,663015.0,37.5,48.3,640.0,31.0,72.0,24.88,7.2,15.76,15.83,10.28,15.48,10.22,15.19,25.1,23.9,15.7,23.6,23.0,19.5,
1.0,2020-02-04 13:50:00,,0.0,0.0,,,1.0,,,37.4,47.2,642.0,31.04,,24.88,7.33,15.64,15.7,10.1,15.56,10.32,15.41,25.4,23.9,15.4,23.3,,,23.5
1.0,2020-02-04 13:55:00,,0.0,0.0,,,,,,37.2,47.2,644.0,30.96,,24.88,7.39,15.58,15.64,10.04,15.5,10.18,15.28,25.3,23.9,15.3,23.2,,,
1.0,2020-02-04 14:00:00,1.0,0.0,0.0,0.0,1.0,1.0,286735.56,663033.0,37.2,46.1,642.0,31.16,72.0,24.88,7.33,15.46,15.58,10.12,15.56,10.1,15.32,25.7,23.9,15.2,23.1,23.0,19.5,23.5
1.0,2020-02-04 14:05:00,,0.0,0.0,,,,,,37.4,46.1,644.0,31.2,,25.0,7.27,15.39,15.46,10.04,15.39,10.15,15.41,25.7,23.8,15.1,23.0,,,
1.0,2020-02-04 14:10:00,,0.0,0.0,,,1.0,,,37.4,46.1,648.0,31.36,,25.19,7.2,15.33,15.46,10.05,15.63,10.12,15.47,25.9,23.7,15.2,22.9,,,23.5
1.0,2020-02-04 14:15:00,1.0,0.0,0.0,0.0,1.0,,286743.38,663052.0,37.4,45.4,646.0,30.96,76.0,24.75,6.9,15.33,15.46,10.02,15.67,9.98,15.38,25.9,23.7,15.0,22.9,23.0,19.5,
1.0,2020-02-04 14:20:00,,0.0,0.0,,,1.0,,,37.3,45.3,646.0,31.2,,24.88,7.14,15.27,15.39,9.98,15.61,10.02,15.32,26.2,23.7,14.9,22.8,,,23.5
1.0,2020-02-04 14:25:00,,0.0,0.0,,,,,,37.6,45.1,648.0,31.6,,25.37,7.08,15.21,15.33,9.93,15.48,10.1,15.33,26.0,23.6,14.8,22.8,,,
1.0,2020-02-04 14:30:00,1.0,0.0,0.0,0.0,1.0,1.0,286751.23,663071.0,37.5,45.7,650.0,31.28,76.0,25.0,6.96,15.21,15.33,9.83,15.52,10.05,15.22,26.4,23.6,14.8,22.7,23.0,19.5,23.5
1.0,2020-02-04 14:35:00,,0.0,0.0,,,,,,37.4,45.7,646.0,31.68,,25.37,7.14,15.15,15.27,9.91,15.5,10.04,15.22,26.5,23.5,14.7,22.7,,,
1.0,2020-02-04 14:40:00,,0.0,0.0,,,1.0,,,37.6,45.3,646.0,31.84,,25.55,7.08,15.09,15.27,9.93,15.27,10.07,15.13,26.4,23.5,14.6,22.7,,,23.5
1.0,2020-02-04 14:45:00,1.0,0.0,0.0,0.0,1.0,,286759.1,663089.0,37.8,44.8,646.0,31.68,72.0,25.43,6.9,15.09,15.27,9.77,15.34,10.01,15.3,26.6,23.5,14.6,22.6,23.0,19.5,
1.0,2020-02-04 14:50:00,,0.0,0.0,,,1.0,,,37.5,44.0,648.0,31.44,,25.12,7.08,15.03,15.21,9.9,15.33,9.87,15.1,26.6,23.4,14.5,22.6,,,23.5
1.0,2020-02-04 14:55:00,,0.0,0.0,,,,,,37.7,44.5,644.0,31.48,,25.31,7.2,15.03,15.21,9.77,15.22,9.99,15.19,26.4,23.4,14.5,22.6,,,
1.0,2020-02-04 15:00:00,1.0,0.0,0.0,0.0,1.0,1.0,286767.03,663108.0,37.7,43.3,644.0,31.8,76.0,25.74,6.96,15.09,15.27,9.82,15.27,10.02,15.02,27.1,23.4,14.5,22.6,23.0,19.5,23.5
1.0,2020-02-04 15:05:00,,0.0,0.0,,,,,,37.7,43.3,644.0,31.64,,25.43,6.96,15.03,15.21,9.87,15.25,9.94,15.02,27.1,23.4,14.5,22.6,,,
1.0,2020-02-04 15:10:00,,0.0,0.0,,,1.0,,,37.5,42.7,640.0,31.76,,25.74,7.14,15.09,15.27,9.79,15.27,9.96,15.11,27.4,23.4,14.4,22.6,,,23.5
1.0,2020-02-04 15:15:00,1.0,0.0,0.0,0.0,1.0,,286774.98,663127.0,37.5,42.5,638.0,31.84,76.0,25.86,7.2,15.03,15.21,9.8,15.14,9.91,15.02,27.5,23.4,14.5,22.6,23.0,19.5,
1.0,2020-02-04 15:20:00,,0.0,0.0,,,1.0,,,37.7,42.2,640.0,31.88,,25.92,7.02,15.03,15.21,9.83,15.08,10.05,15.07,27.5,23.4,14.4,22.6,,,23.5
1.0,2020-02-04 15:25:00,,0.0,0.0,,,,,,37.4,41.9,640.0,32.0,,25.92,6.9,15.09,15.21,9.83,15.11,9.91,15.07,27.5,23.3,14.4,22.6,,,
1.0,2020-02-04 15:30:00,1.0,0.0,0.0,0.0,1.0,1.0,286782.9,663145.0,37.4,41.3,640.0,32.0,72.0,25.92,6.9,15.09,15.21,9.76,15.19,10.05,15.03,27.8,23.3,14.4,22.7,23.0,19.5,23.5
1.0,2020-02-04 15:35:00,,0.0,0.0,,,,,,37.4,40.9,642.0,31.92,,25.92,7.08,15.15,15.21,9.82,15.21,9.91,15.14,28.2,23.3,14.4,22.7,,,
1.0,2020-02-04 15:40:00,,0.0,0.0,,,1.0,,,37.3,41.5,642.0,32.08,,26.11,7.27,15.15,15.21,9.85,15.07,10.05,15.1,28.1,23.3,14.4,22.7,,,23.5
1.0,2020-02-04 15:45:00,1.0,0.0,0.0,0.0,1.0,,286790.93,663164.0,37.2,41.5,642.0,32.2,76.0,26.11,7.2,15.15,15.21,9.82,15.24,9.9,15.1,28.0,23.3,14.4,22.7,23.0,19.5,
1.0,2020-02-04 15:50:00,,0.0,0.0,,,1.0,,,37.1,41.2,644.0,32.08,,25.92,6.96,15.21,15.21,9.87,15.18,9.79,15.14,28.1,23.3,14.5,22.7,,,23.5
1.0,2020-02-04 15:55:00,,0.0,0.0,,,,,,37.1,40.6,644.0,32.28,,26.17,7.08,15.21,15.21,9.8,15.25,9.94,15.08,28.4,23.3,14.4,22.7,,,
1.0,2020-02-04 16:00:00,1.0,0.0,0.0,0.0,1.0,1.0,286798.96,663183.0,37.1,41.0,642.0,32.32,76.0,26.05,7.2,15.21,15.21,9.94,15.07,9.79,15.13,28.2,23.3,14.4,22.7,23.0,19.5,23.5
1.0,2020-02-04 16:05:00,,0.0,0.0,,,,,,37.1,40.9,644.0,32.24,,26.23,7.2,15.21,15.21,9.8,15.14,9.9,15.22,28.0,23.3,14.4,22.7,,,
1.0,2020-02-04 16:10:00,,0.0,0.0,,,1.0,,,37.0,41.0,646.0,32.52,,26.42,7.02,15.27,15.21,9.9,15.16,10.04,15.19,28.0,23.3,14.4,22.7,,,23.5
1.0,2020-02-04 16:15:00,1.0,0.0,0.0,0.0,1.0,,286807.07,663202.0,37.1,40.2,650.0,32.36,76.0,26.29,7.08,15.27,15.21,9.88,15.24,10.02,15.25,28.6,23.3,14.4,22.8,23.0,19.5,
1.0,2020-02-04 16:20:00,,0.0,0.0,,,1.0,,,37.1,40.0,650.0,32.44,,26.48,6.96,15.27,15.21,9.9,15.25,10.01,15.25,28.7,23.3,14.5,22.8,,,23.5
1.0,2020-02-04 16:25:00,,0.0,0.0,,,,,,37.0,40.7,654.0,32.16,,26.05,6.96,15.21,15.21,9.96,15.28,9.79,15.08,28.5,23.3,14.5,22.8,,,
1.0,2020-02-04 16:30:00,1.0,0.0,0.0,0.0,1.0,1.0,286815.1,663221.0,37.1,40.5,654.0,32.24,76.0,26.17,7.08,15.21,15.21,9.94,15.08,9.9,15.16,28.5,23.3,14.4,22.8,23.0,19.5,23.5
1.0,2020-02-04 16:35:00,,0.0,0.0,,,,,,36.8,40.4,654.0,32.2,,26.17,7.2,15.21,15.21,9.91,15.11,9.79,15.07,28.3,23.3,14.5,22.8,,,
1.0,2020-02-04 16:40:00,,0.0,0.0,,,1.0,,,37.0,40.8,658.0,32.24,,26.11,7.27,15.21,15.21,9.94,15.08,9.85,15.13,28.1,23.3,14.4,22.8,,,23.5
1.0,2020-02-04 16:45:00,1.0,0.0,0.0,0.0,1.0,,286823.17,663239.0,37.0,40.8,662.0,32.28,72.0,26.23,7.27,15.21,15.21,9.77,15.24,9.91,15.02,28.2,23.3,14.4,22.8,23.0,19.5,
1.0,2020-02-04 16:50:00,,0.0,0.0,,,1.0,,,37.0,40.7,666.0,32.32,,26.23,7.27,15.21,15.15,9.87,15.14,9.87,15.13,28.0,23.2,14.4,22.7,,,23.5
1.0,2020-02-04 16:55:00,,0.0,0.0,,,,,,37.1,40.7,666.0,32.28,,26.23,7.14,15.15,15.15,9.88,15.03,9.91,15.1,28.2,23.2,14.4,22.7,,,
1.0,2020-02-04 17:00:00,1.0,0.0,0.0,0.0,1.0,1.0,286831.26,663258.0,37.1,41.5,666.0,32.44,76.0,26.17,7.14,15.15,15.21,9.88,15.02,9.88,15.07,27.9,23.2,14.4,22.7,23.0,19.5,23.5
1.0,2020-02-04 17:05:00,,0.0,0.0,,,,,,37.1,41.7,666.0,32.28,,26.11,7.14,15.15,15.15,9.77,15.18,9.79,15.03,27.9,23.2,14.4,22.7,,,
1.0,2020-02-04 17:10:00,,0.0,0.0,,,1.0,,,36.9,41.7,668.0,32.36,,26.17,7.02,15.15,15.15,9.8,15.07,9.94,15.0,27.9,23.2,14.4,22.7,,,23.5
1.0,2020-02-04 17:15:00,1.0,0.0,0.0,0.0,1.0,,286839.28,663277.0,37.0,41.7,670.0,32.28,76.0,26.17,7.08,15.15,15.15,9.83,15.11,9.74,15.03,28.2,23.2,14.4,22.7,23.0,19.5,
1.0,2020-02-04 17:20:00,,0.0,0.0,,,1.0,,,37.1,41.3,674.0,32.16,,26.11,6.96,15.09,15.15,9.8,15.07,9.74,14.94,28.2,23.2,14.4,22.7,,,23.5
1.0,2020-02-04 17:25:00,,0.0,0.0,,,,,,37.0,42.0,680.0,32.0,,25.92,6.96,15.09,15.15,9.7,14.91,9.8,14.99,28.0,23.2,14.3,22.7,,,
1.0,2020-02-04 17:30:00,1.0,0.0,0.0,0.0,1.0,1.0,286847.33,663296.0,37.0,42.5,682.0,31.88,76.0,25.62,6.96,15.03,15.15,9.7,15.13,9.88,14.97,27.8,23.2,14.3,22.6,23.0,19.5,23.5
1.0,2020-02-04 17:35:00,,0.0,0.0,,,,,,37.0,42.5,684.0,31.92,,25.68,7.08,14.96,15.09,9.77,15.11,9.85,14.99,27.7,23.2,14.2,22.6,,,
1.0,2020-02-04 17:40:00,,0.0,0.0,,,1.0,,,37.1,42.7,690.0,31.76,,25.74,7.14,14.96,15.09,9.71,14.93,9.96,15.02,27.7,23.2,14.2,22.6,,,23.5
1.0,2020-02-04 17:45:00,1.0,0.0,0.0,0.0,1.0,,286855.34,663315.0,37.1,42.4,696.0,31.92,76.0,25.74,7.14,14.9,15.09,9.8,14.97,9.8,14.97,27.7,23.2,14.2,22.6,23.0,19.5,
1.0,2020-02-04 17:50:00,,0.0,0.0,,,1.0,,,36.8,43.9,700.0,31.92,,25.37,7.14,14.84,15.03,9.59,14.93,9.94,14.97,27.2,23.2,14.2,22.5,,,23.5
1.0,2020-02-04 17:55:00,,0.0,0.0,,,,,,37.0,46.9,706.0,31.84,,25.25,7.14,14.84,15.03,9.76,14.93,9.73,14.93,26.8,23.2,14.0,22.4,,,
1.0,2020-02-04 18:00:00,1.0,0.0,0.0,0.0,1.0,1.0,286863.28,663333.0,37.0,46.8,712.0,31.88,72.0,25.43,7.02,14.84,15.03,9.65,14.97,9.82,14.89,26.4,23.2,14.1,22.3,23.0,19.5,23.5
1.0,2020-02-04 18:05:00,,0.0,0.0,,,,,,37.0,47.9,716.0,31.6,,24.82,6.96,14.84,14.96,9.59,14.97,9.79,14.74,26.1,23.2,14.0,22.2,,,
1.0,2020-02-04 18:10:00,,0.0,0.0,,,1.0,,,37.0,47.7,720.0,31.44,,24.82,6.77,14.78,14.9,9.68,14.88,9.77,14.73,25.8,23.3,13.8,22.2,,,23.5
1.0,2020-02-04 18:15:00,1.0,0.0,0.0,0.0,1.0,,286871.14,663352.0,37.1,48.6,724.0,31.08,76.0,24.32,6.84,14.72,14.9,9.65,14.89,9.73,14.66,25.3,23.3,13.9,22.1,23.0,19.5,
1.0,2020-02-04 18:20:00,,0.0,0.0,,,1.0,,,37.0,49.5,732.0,31.0,,24.08,6.96,14.72,14.84,9.7,14.79,9.62,14.79,24.8,23.2,13.8,22.0,,,23.5
1.0,2020-02-04 18:25:00,,0.0,0.0,,,,,,37.1,47.5,728.0,31.04,,24.26,7.08,14.72,14.84,9.63,14.74,9.6,14.62,24.8,23.2,13.7,22.0,,,
1.0,2020-02-04 18:30:00,1.0,0.0,0.0,0.0,1.0,1.0,286878.89,663371.0,37.1,47.0,730.0,30.92,76.0,24.08,7.08,14.72,14.78,9.65,14.69,9.62,14.73,24.7,23.2,13.7,21.9,23.0,19.5,23.5
1.0,2020-02-04 18:35:00,,0.0,0.0,,,,,,37.1,45.1,732.0,31.2,,24.26,7.14,14.66,14.78,9.46,14.69,9.73,14.77,24.7,23.2,13.6,21.9,,,
1.0,2020-02-04 18:40:00,,0.0,0.0,,,1.0,,,37.1,45.3,740.0,31.24,,24.14,7.08,14.66,14.78,9.53,14.65,9.71,14.54,24.4,23.2,13.5,21.8,,,23.5
1.0,2020-02-04 18:45:00,1.0,0.0,0.0,0.0,1.0,,286886.69,663390.0,37.0,44.0,744.0,31.24,76.0,24.32,7.02,14.66,14.78,9.53,14.74,9.59,14.65,24.4,23.2,13.5,21.8,23.0,19.5,
1.0,2020-02-04 18:50:00,,0.0,0.0,,,1.0,,,37.3,43.3,742.0,31.32,,24.26,6.71,14.66,14.78,9.59,14.74,9.63,14.69,24.5,23.2,13.5,21.8,,,23.5
1.0,2020-02-04 18:55:00,,0.0,0.0,,,,,,37.0,43.8,744.0,31.0,,24.02,6.71,14.66,14.72,9.49,14.68,9.54,14.54,24.4,23.2,13.5,21.8,,,
1.0,2020-02-04 19:00:00,1.0,0.0,0.0,0.0,1.0,1.0,286894.48,663408.0,37.1,44.0,740.0,30.96,72.0,23.89,6.65,14.66,14.78,9.46,14.48,9.79,14.62,24.2,23.2,13.4,21.8,23.0,19.5,23.5
1.0,2020-02-04 19:05:00,,0.0,0.0,,,,,,37.1,44.2,740.0,30.8,,23.58,6.71,14.59,14.78,9.45,14.74,9.74,14.55,24.0,23.2,13.5,21.7,,,
1.0,2020-02-04 19:10:00,,0.0,0.0,,,1.0,,,37.0,45.5,744.0,30.64,,23.34,6.59,14.59,14.72,9.56,14.6,9.59,14.6,23.5,23.2,13.3,21.6,,,23.5
1.0,2020-02-04 19:15:00,1.0,0.0,0.0,0.0,1.0,,286902.13,663427.0,37.0,46.7,748.0,30.64,76.0,23.15,6.59,14.53,14.72,9.34,14.6,9.62,14.38,23.1,23.2,13.2,21.5,23.0,19.5,
1.0,2020-02-04 19:20:00,,0.0,0.0,,,1.0,,,37.0,47.3,746.0,30.4,,22.97,6.47,14.53,14.59,9.48,14.51,9.45,14.35,22.7,23.1,13.2,21.4,,,23.5
1.0,2020-02-04 19:25:00,,0.0,0.0,,,,,,36.9,48.6,742.0,30.36,,22.78,6.47,14.41,14.47,9.4,14.44,9.54,14.34,22.5,23.1,13.1,21.4,,,
1.0,2020-02-04 19:30:00,1.0,0.0,0.0,0.0,1.0,1.0,286908.62,663444.0,36.8,49.2,742.0,9.64,68.0,14.78,11.95,14.41,14.47,12.4,14.38,12.52,14.21,22.2,23.1,18.2,21.4,23.0,19.5,23.5
1.0,2020-02-04 19:35:00,,0.0,0.0,,,,,,37.2,49.8,734.0,9.6,,14.59,12.87,14.53,14.66,13.13,14.62,13.45,14.58,22.0,23.2,20.1,21.6,,,
1.0,2020-02-04 19:40:00,,0.0,0.0,,,1.0,,,37.0,50.7,730.0,9.48,,14.47,13.55,14.66,14.72,13.84,14.86,13.96,14.62,21.7,23.2,21.3,21.9,,,23.5
1.0,2020-02-04 19:45:00,1.0,0.0,0.0,0.0,1.0,,286911.0,663458.0,36.9,51.4,726.0,9.56,56.0,14.22,14.16,14.78,14.9,14.26,14.89,14.41,14.68,21.5,23.3,22.1,22.2,23.0,19.5,
1.0,2020-02-04 19:50:00,,0.0,0.0,,,1.0,,,36.7,52.0,730.0,9.52,,14.35,14.35,14.9,14.96,14.51,14.82,14.54,14.93,21.3,23.3,22.6,22.4,,,23.5
1.0,2020-02-04 19:55:00,,0.0,0.0,,,,,,36.8,51.6,724.0,9.6,,14.41,14.41,14.96,15.03,14.65,15.0,14.76,14.79,21.3,23.4,23.0,22.6,,,
1.0,2020-02-04 20:00:00,1.0,0.0,0.0,0.0,1.0,1.0,286913.39,663471.0,36.7,52.0,718.0,9.52,52.0,14.47,14.41,15.03,15.03,14.74,15.05,14.91,14.83,21.2,23.4,23.2,22.8,23.0,19.5,24.0
1.0,2020-02-04 20:05:00,,0.0,0.0,,,,,,36.7,51.9,702.0,9.52,,14.47,14.41,15.03,15.15,14.83,15.03,14.76,14.99,21.1,23.5,23.4,22.9,,,
1.0,2020-02-04 20:10:00,,0.0,0.0,,,1.0,,,36.6,51.1,702.0,9.56,,14.47,14.47,15.09,15.15,14.93,15.18,14.89,14.94,21.1,23.5,23.6,23.0,,,24.0
1.0,2020-02-04 20:15:00,1.0,0.0,0.0,0.0,1.0,,286915.79,663484.0,36.6,48.9,704.0,9.52,52.0,14.53,14.47,15.09,15.15,14.97,14.99,14.97,15.02,21.1,23.5,23.7,23.2,23.5,19.5,
1.0,2020-02-04 20:20:00,,0.0,0.0,,,1.0,,,36.6,48.2,708.0,9.56,,14.53,14.47,15.09,15.21,14.89,15.1,15.21,14.96,21.2,23.6,23.9,23.3,,,24.0
1.0,2020-02-04 20:25:00,,0.0,0.0,,,,,,36.6,47.6,710.0,9.52,,14.66,14.53,15.09,15.21,14.96,15.07,14.97,15.05,21.6,23.6,24.0,23.4,,,
1.0,2020-02-04 20:30:00,1.0,0.0,0.0,0.0,1.0,1.0,286918.15,663498.0,36.7,48.0,700.0,9.6,56.0,14.66,14.53,15.03,15.21,14.96,14.97,15.05,15.08,21.5,23.6,24.1,23.4,23.5,19.5,24.0
1.0,2020-02-04 20:35:00,,0.0,0.0,,,,,,36.6,47.4,698.0,9.52,,14.59,14.53,15.03,15.21,14.8,14.82,14.96,14.94,21.4,23.7,24.1,23.5,,,
1.0,2020-02-04 20:40:00,,0.0,0.0,,,1.0,,,36.6,48.1,690.0,9.56,,14.47,14.41,14.96,15.15,14.55,14.69,14.85,14.74,21.2,23.7,24.1,23.5,,,24.0
1.0,2020-02-04 20:45:00,1.0,0.0,0.0,0.0,1.0,,286920.54,663511.0,36.6,47.5,684.0,9.6,52.0,14.41,14.35,14.96,15.09,14.71,14.65,14.89,14.76,21.4,23.8,24.2,23.5,23.5,19.5,
1.0,2020-02-04 20:50:00,,0.0,0.0,,,1.0,,,36.5,47.6,678.0,9.52,,14.35,14.29,14.84,15.03,14.58,14.58,14.89,14.69,21.3,23.8,24.2,23.6,,,24.1
1.0,2020-02-04 20:55:00,,0.0,0.0,,,,,,36.3,47.6,670.0,9.56,,14.35,14.29,14.72,14.84,14.55,14.57,14.73,14.73,21.3,23.8,24.3,23.6,,,
1.0,2020-02-04 21:00:00,1.0,0.0,0.0,0.0,1.0,1.0,286922.91,663524.0,36.4,48.0,666.0,9.52,52.0,14.29,14.22,14.53,14.72,14.49,14.6,14.54,14.63,21.2,23.8,24.4,23.6,23.5,19.5,24.1
0.0,2020-02-04 21:05:00,,0.0,0.0,,,,,,36.2,48.3,660.0,0.32,,14.22,14.16,14.47,14.59,14.34,14.58,14.38,14.44,21.0,23.8,24.2,23.9,,,
0.0,2020-02-04 21:10:00,,0.0,0.0,,,1.0,,,35.8,48.7,656.0,0.28,,14.16,14.1,14.41,14.47,14.26,14.55,14.38,14.4,20.9,23.8,23.8,23.9,,,24.1
0.0,2020-02-04 21:15:00,1.0,0.0,0.0,0.0,1.0,,286923.29,663536.0,36.2,48.3,652.0,0.28,48.0,14.16,14.1,14.35,14.35,14.23,14.43,14.15,14.4,20.8,23.8,23.4,23.7,23.5,19.5,
0.0,2020-02-04 21:20:00,,0.0,0.0,,,1.0,,,35.9,48.5,652.0,0.32,,14.1,14.04,14.29,14.29,14.26,14.28,14.26,14.32,20.7,23.8,23.2,23.5,,,24.5
0.0,2020-02-04 21:25:00,,0.0,0.0,,,,,,36.0,48.5,652.0,0.28,,14.04,13.98,14.22,14.22,14.06,14.21,14.23,14.34,20.6,23.9,23.0,23.2,,,
0.0,2020-02-04 21:30:00,1.0,0.0,0.0,0.0,1.0,1.0,286923.36,663547.0,35.8,49.0,664.0,0.28,44.0,13.98,13.92,14.16,14.22,14.03,14.28,14.23,14.13,20.4,23.9,23.0,23.1,24.0,20.0,24.5
0.0,2020-02-04 21:35:00,,0.0,0.0,,,,,,35.7,48.9,662.0,0.32,,13.86,13.86,14.1,14.16,14.06,14.24,14.03,14.13,20.1,23.9,22.8,23.0,,,
0.0,2020-02-04 21:40:00,,0.0,0.0,,,1.0,,,35.5,49.5,664.0,0.32,,13.79,13.79,13.98,14.1,14.03,14.15,13.99,14.07,19.9,24.0,22.7,22.8,,,24.5
0.0,2020-02-04 21:45:00,1.0,0.0,0.0,0.0,1.0,,286923.44,663558.0,35.3,50.5,674.0,0.28,44.0,13.73,13.73,13.98,14.04,13.95,13.9,13.92,13.89,19.7,24.0,22.5,22.6,24.0,20.0,
0.0,2020-02-04 21:50:00,,0.0,0.0,,,1.0,,,35.3,51.6,678.0,0.32,,13.67,13.67,13.86,13.92,13.73,13.9,13.67,13.79,19.5,24.0,22.4,22.4,,,24.5
0.0,2020-02-04 21:55:00,,0.0,0.0,,,,,,35.0,52.2,678.0,0.32,,13.67,13.61,13.79,13.86,13.62,13.76,13.81,13.79,19.2,24.0,22.4,22.1,,,
0.0,2020-02-04 22:00:00,1.0,0.0,0.0,0.0,1.0,1.0,286923.51,663568.0,35.0,53.6,674.0,0.32,40.0,13.55,13.55,13.73,13.73,13.51,13.67,13.54,13.64,18.9,24.0,22.3,21.9,24.0,20.0,24.5
0.0,2020-02-04 22:05:00,,0.0,0.0,,,,,,34.9,53.7,674.0,0.32,,13.49,13.49,13.67,13.67,13.51,13.68,13.42,13.5,18.8,24.0,22.1,21.7,,,
0.0,2020-02-04 22:10:00,,0.0,0.0,,,1.0,,,34.5,54.3,668.0,0.36,,13.42,13.42,13.55,13.61,13.39,13.51,13.47,13.45,18.5,24.0,21.9,21.7,,,24.5
0.0,2020-02-04 22:15:00,1.0,0.0,0.0,0.0,1.0,,286923.59,663574.0,35.0,54.2,672.0,0.32,24.0,13.42,13.36,13.49,13.61,13.25,13.54,13.5,13.5,18.5,24.0,21.7,21.5,24.0,20.0,
0.0,2020-02-04 22:20:00,,0.0,0.0,,,1.0,,,34.8,54.2,674.0,0.28,,13.36,13.36,13.49,13.55,13.2,13.61,13.47,13.38,18.5,24.0,21.6,21.2,,,24.4
0.0,2020-02-04 22:25:00,,0.0,0.0,,,,,,34.9,54.7,676.0,0.36,,13.36,13.3,13.42,13.49,13.31,13.59,13.48,13.34,18.4,24.0,21.6,21.0,,,
0.0,2020-02-04 22:30:00,1.0,0.0,0.0,0.0,1.0,1.0,286923.67,663584.0,34.8,55.3,678.0,0.28,40.0,13.36,13.3,13.42,13.42,13.27,13.38,13.28,13.44,18.3,24.0,21.5,20.8,24.0,20.0,24.4
0.0,2020-02-04 22:35:00,,0.0,0.0,,,,,,34.5,55.7,680.0,0.28,,13.3,13.24,13.36,13.36,13.11,13.19,13.33,13.33,18.1,24.0,21.4,20.7,,,
0.0,2020-02-04 22:40:00,,0.0,0.0,,,1.0,,,34.3,56.4,684.0,0.32,,13.24,13.18,13.3,13.3,13.08,13.19,13.36,13.3,17.8,24.0,21.2,20.5,,,24.4
0.0,2020-02-04 22:45:00,1.0,0.0,0.0,0.0,1.0,,286923.75,663593.0,34.4,57.4,686.0,0.28,36.0,13.18,13.12,13.24,13.24,13.11,13.31,13.14,13.14,17.6,24.1,21.1,20.4,24.0,20.0,
0.0,2020-02-04 22:50:00,,0.0,0.0,,,1.0,,,34.3,58.6,698.0,0.28,,13.12,13.12,13.18,13.24,13.14,13.34,13.09,13.19,17.7,24.1,21.0,20.3,,,24.4
0.0,2020-02-04 22:55:00,,0.0,0.0,,,,,,34.4,58.7,698.0,0.28,,13.12,13.12,13.18,13.18,13.25,13.23,13.09,13.34,17.8,24.1,21.0,20.3,,,
0.0,2020-02-04 23:00:00,1.0,0.0,0.0,0.0,1.0,1.0,286923.82,663602.0,34.4,58.3,696.0,0.36,36.0,13.18,13.12,13.18,13.18,13.25,13.36,13.3,13.42,18.1,24.1,21.0,20.2,24.0,20.0,24.75
0.0,2020-02-04 23:05:00,,0.0,0.0,,,,,,34.4,58.8,698.0,0.36,,13.12,13.12,13.18,13.18,13.19,13.47,13.42,13.39,18.1,24.1,21.0,20.2,,,
0.0,2020-02-04 23:10:00,,0.0,0.0,,,1.0,,,34.4,59.7,698.0,0.28,,13.12,13.05,13.12,13.12,13.08,13.31,13.36,13.41,18.1,24.2,21.0,20.0,,,24.75
1.0,2020-02-04 23:15:00,1.0,0.0,0.0,0.0,1.0,,286923.9,663612.0,33.8,60.3,696.0,0.28,40.0,13.05,12.99,13.12,13.12,13.2,13.27,13.08,13.27,18.0,24.2,20.7,19.9,24.0,20.0,
1.0,2020-02-04 23:20:00,,0.0,0.0,,,1.0,,,33.4,60.2,710.0,8.8,,13.05,13.05,13.18,13.24,13.22,13.51,13.17,13.42,18.0,24.2,23.2,22.7,,,24.75
1.0,2020-02-04 23:25:00,,0.0,0.0,,,,,,33.7,60.6,724.0,8.76,,13.05,12.99,13.24,13.24,13.22,13.28,13.27,13.36,17.8,24.2,23.8,22.9,,,
1.0,2020-02-04 23:30:00,1.0,0.0,0.0,0.0,1.0,1.0,286926.1,663623.0,33.4,61.5,728.0,8.76,44.0,12.99,12.93,13.12,13.18,13.19,13.17,13.14,13.27,17.5,24.2,23.9,22.9,24.0,20.0,24.75
1.0,2020-02-04 23:35:00,,0.0,0.0,,,,,,33.8,61.4,728.0,8.72,,12.93,12.87,13.05,13.05,13.02,13.13,13.14,13.17,17.3,24.2,24.0,23.1,,,
1.0,2020-02-04 23:40:00,,0.0,0.0,,,1.0,,,34.0,62.0,730.0,8.72,,12.87,12.87,12.99,13.05,13.11,13.19,13.02,13.03,17.3,24.2,24.1,23.2,,,24.75
1.0,2020-02-04 23:45:00,1.0,0.0,0.0,0.0,1.0,,286928.29,663635.0,34.5,61.3,752.0,8.72,48.0,12.93,12.93,13.05,13.05,13.33,13.36,13.19,13.44,17.9,24.2,24.2,23.3,24.0,20.0,
1.0,2020-02-04 23:50:00,,0.0,0.0,,,1.0,,,34.0,62.2,752.0,8.76,,12.93,12.93,13.05,13.05,13.13,13.36,13.42,13.41,17.8,24.3,24.2,23.1,,,24.75
1.0,2020-02-04 23:55:00,,0.0,0.0,,,,,,33.9,61.5,734.0,8.76,,12.99,12.93,13.05,13.05,13.13,13.2,13.17,13.22,17.8,24.3,24.2,23.2,,,
,2020-02-04 23:59:00,,,,,,,,663646.0,,,,,,,,,,,,,,,,,,,,
1.0,2020-02-05 00:00:00,1.0,0.0,0.0,0.0,1.0,1.0,286930.47,663646.0,33.6,63.1,736.0,8.8,44.0,12.93,12.87,12.99,12.99,13.16,13.22,13.06,13.03,17.5,24.3,24.2,23.2,24.0,20.0,24.6
1.0,2020-02-05 00:05:00,,0.0,0.0,,,,,,34.1,66.0,736.0,8.72,,12.87,12.81,12.99,12.99,12.85,12.97,13.02,13.02,17.2,24.4,24.2,23.1,,,
1.0,2020-02-05 00:10:00,,0.0,0.0,,,1.0,,,33.9,68.3,738.0,8.68,,12.81,12.75,12.93,12.93,12.78,13.09,13.03,12.91,17.1,24.4,24.2,23.1,,,24.6
1.0,2020-02-05 00:15:00,1.0,0.0,0.0,0.0,1.0,,286932.66,663658.0,33.9,69.5,740.0,8.68,48.0,12.75,12.75,12.87,12.87,12.78,12.96,12.66,12.8,16.9,24.4,24.2,23.0,24.0,20.0,
1.0,2020-02-05 00:20:00,,0.0,0.0,,,1.0,,,34.0,71.0,738.0,8.68,,12.75,12.69,12.87,12.81,12.53,12.89,12.78,12.69,16.7,24.4,24.2,23.1,,,24.7
1.0,2020-02-05 00:25:00,,0.0,0.0,,,,,,33.7,71.8,740.0,8.72,,12.69,12.62,12.81,12.75,12.61,12.66,12.66,12.74,16.5,24.4,24.2,23.1,,,
1.0,2020-02-05 00:30:00,1.0,0.0,0.0,0.0,1.0,1.0,286934.83,663669.0,34.0,72.3,734.0,8.76,44.0,12.62,12.56,12.75,12.69,12.58,12.8,12.69,12.6,16.2,24.4,24.2,23.2,24.0,20.0,24.7
1.0,2020-02-05 00:35:00,,0.0,0.0,,,,,,34.1,73.0,728.0,8.72,,12.56,12.56,12.69,12.62,12.49,12.71,12.75,12.68,16.0,24.4,24.2,23.2,,,
1.0,2020-02-05 00:40:00,,0.0,0.0,,,1.0,,,34.3,75.5,726.0,8.76,,12.44,12.44,12.56,12.56,12.51,12.64,12.52,12.66,15.8,24.4,24.2,23.1,,,24.75
1.0,2020-02-05 00:45:00,1.0,0.0,0.0,0.0,1.0,,286937.02,663680.0,34.3,75.9,726.0,8.8,44.0,12.38,12.32,12.44,12.44,12.46,12.58,12.55,12.43,15.6,24.4,24.2,23.1,24.2,20.2,
1.0,2020-02-05 00:50:00,,0.0,0.0,,,1.0,,,34.4,76.6,724.0,8.84,,12.32,12.25,12.38,12.44,12.38,12.53,12.38,12.35,15.4,24.4,24.2,23.0,,,24.6
1.0,2020-02-05 00:55:00,,0.0,0.0,,,,,,34.4,76.8,726.0,8.76,,12.25,12.19,12.32,12.32,12.26,12.4,12.3,12.23,15.3,24.4,24.2,23.0,,,
1.0,2020-02-05 01:00:00,1.0,0.0,0.0,0.0,1.0,1.0,286939.21,663692.0,34.4,77.9,724.0,8.76,48.0,12.19,12.13,12.25,12.25,12.1,12.38,12.19,12.15,15.1,24.4,24.2,23.0,24.2,20.2,24.6
1.0,2020-02-05 01:05:00,,0.0,0.0,,,,,,34.2,78.6,724.0,8.76,,12.13,12.07,12.19,12.19,11.9,12.16,12.19,11.98,14.8,24.5,24.1,23.0,,,
1.0,2020-02-05 01:10:00,,0.0,0.0,,,1.0,,,34.4,78.2,726.0,8.72,,12.07,12.01,12.13,12.13,11.93,11.95,11.93,12.08,14.7,24.5,24.1,23.0,,,24.6
1.0,2020-02-05 01:15:00,1.0,0.0,0.0,0.0,1.0,,286941.4,663703.0,34.5,78.8,736.0,8.72,44.0,12.01,11.95,12.07,12.07,11.82,11.88,11.85,12.05,14.6,24.5,24.1,22.8,24.2,20.2,
1.0,2020-02-05 01:20:00,,0.0,0.0,,,1.0,,,34.5,79.0,732.0,8.68,,11.95,11.88,11.95,12.01,11.81,11.92,11.95,11.9,14.5,24.5,24.1,22.9,,,24.6
1.0,2020-02-05 01:25:00,,0.0,0.0,,,,,,34.5,78.9,728.0,8.68,,11.88,11.82,11.95,11.95,11.73,11.92,11.93,11.84,14.4,24.5,24.1,22.8,,,
1.0,2020-02-05 01:30:00,1.0,0.0,0.0,0.0,1.0,1.0,286943.58,663714.0,34.5,77.2,728.0,8.8,44.0,11.82,11.82,11.88,11.95,11.79,12.05,11.9,11.9,14.4,24.5,24.1,22.9,24.2,20.2,24.7
1.0,2020-02-05 01:35:00,,0.0,0.0,,,,,,34.5,76.4,728.0,8.76,,11.82,11.76,11.88,11.88,11.81,11.92,11.98,12.01,14.3,24.5,24.1,22.9,,,
1.0,2020-02-05 01:40:00,,0.0,0.0,,,1.0,,,34.5,73.7,728.0,8.8,,11.82,11.82,11.88,11.95,11.93,11.96,11.81,12.04,14.7,24.5,24.1,23.0,,,24.7
1.0,2020-02-05 01:45:00,1.0,80.0,0.0,0.0,1.0,,286945.77,663726.0,34.7,76.5,724.0,8.8,48.0,11.82,11.82,11.88,11.88,11.9,11.92,11.85,11.98,14.3,24.5,24.1,23.0,24.2,20.2,
1.0,2020-02-05 01:50:00,,80.0,0.0,,,1.0,,,34.8,76.8,720.0,19.16,,11.76,11.76,11.82,11.82,11.79,12.03,11.78,11.95,14.1,24.5,25.1,23.0,,,24.6
1.0,2020-02-05 01:55:00,,80.0,0.0,,,,,,34.6,76.6,720.0,19.16,,11.7,11.7,11.76,11.76,11.73,12.04,11.85,11.87,14.1,24.5,25.2,23.0,,,
1.0,2020-02-05 02:00:00,1.0,80.0,0.0,0.0,1.0,1.0,286950.0,663739.0,34.9,75.9,716.0,19.0,52.0,11.7,11.7,11.76,11.76,11.92,11.87,11.74,11.9,14.1,24.5,25.3,23.1,24.2,20.2,24.6
1.0,2020-02-05 02:05:00,,80.0,0.0,,,,,,34.8,76.4,718.0,18.96,,11.7,11.64,11.7,11.7,11.82,12.08,11.85,11.87,14.0,24.5,25.3,23.1,,,
1.0,2020-02-05 02:10:00,,80.0,0.0,,,1.0,,,34.8,76.4,718.0,19.0,,11.7,11.64,11.7,11.7,11.78,11.85,11.99,11.9,14.0,24.5,25.4,23.2,,,24.7
1.0,2020-02-05 02:15:00,1.0,0.0,0.0,0.0,1.0,,286954.83,663753.0,34.6,74.7,714.0,23.44,56.0,11.7,11.64,11.76,11.7,12.1,12.26,11.96,12.12,14.7,24.5,25.4,23.2,24.2,20.2,
1.0,2020-02-05 02:20:00,,80.0,0.0,,,1.0,,,34.9,73.8,714.0,9.88,,11.76,11.7,11.76,11.76,12.12,12.15,12.12,12.27,14.9,24.5,24.5,23.3,,,24.6
1.0,2020-02-05 02:25:00,,0.0,0.0,,,,,,34.9,74.6,712.0,9.8,,11.82,11.76,11.82,11.82,12.04,12.27,12.16,12.12,14.9,24.5,24.5,23.2,,,
1.0,2020-02-05 02:30:00,1.0,80.0,0.0,0.0,1.0,1.0,286957.68,663765.0,34.6,77.6,704.0,19.0,48.0,11.7,11.7,11.76,11.76,11.99,12.21,12.08,12.04,14.0,24.5,25.3,23.1,24.2,20.2,24.5
1.0,2020-02-05 02:35:00,,80.0,0.0,,,,,,35.1,78.7,702.0,19.0,,11.7,11.64,11.7,11.7,12.03,12.15,11.92,11.93,13.9,24.5,25.3,23.0,,,
1.0,2020-02-05 02:40:00,,80.0,0.0,,,1.0,,,34.9,78.3,698.0,18.76,,11.64,11.58,11.7,11.7,11.93,11.95,11.81,11.95,14.1,24.5,25.3,23.1,,,24.5
1.0,2020-02-05 02:45:00,1.0,0.0,0.0,0.0,1.0,,286962.19,663778.0,34.9,79.5,694.0,10.28,52.0,11.7,11.64,11.7,11.7,11.92,12.04,11.85,11.88,14.4,24.6,24.6,23.1,24.2,20.2,
1.0,2020-02-05 02:50:00,,0.0,0.0,,,1.0,,,34.9,78.9,694.0,9.88,,11.7,11.7,11.76,11.76,11.79,12.01,12.01,11.79,14.6,24.6,24.4,23.1,,,24.5
1.0,2020-02-05 02:55:00,,0.0,0.0,,,,,,35.0,79.8,688.0,9.92,,11.76,11.7,11.82,11.82,11.9,11.93,11.78,11.98,14.7,24.6,24.3,23.0,,,
1.0,2020-02-05 03:00:00,1.0,0.0,0.0,0.0,1.0,1.0,286964.67,663790.0,35.0,80.5,688.0,9.84,48.0,11.82,11.76,11.82,11.82,11.79,11.81,11.93,11.93,14.7,24.6,24.3,23.0,24.2,20.2,24.5
0.0,2020-02-05 03:05:00,,0.0,0.0,,,,,,35.0,80.8,686.0,0.28,,11.76,11.7,11.82,11.82,11.73,11.96,11.9,11.84,14.3,24.6,24.0,23.1,,,
0.0,2020-02-05 03:10:00,,0.0,0.0,,,1.0,,,34.6,81.6,684.0,0.36,,11.7,11.7,11.76,11.76,11.76,11.85,11.93,11.85,14.0,24.6,23.4,22.7,,,24.5
0.0,2020-02-05 03:15:00,1.0,0.0,0.0,0.0,1.0,,286964.92,663799.0,35.3,82.6,686.0,0.28,36.0,11.7,11.64,11.7,11.76,11.73,11.74,11.73,11.85,14.0,24.6,23.0,22.2,24.2,20.2,
0.0,2020-02-05 03:20:00,,0.0,0.0,,,1.0,,,35.0,82.8,678.0,0.36,,11.64,11.64,11.7,11.7,11.65,11.71,11.59,11.84,14.0,24.6,22.5,21.5,,,24.5
0.0,2020-02-05 03:25:00,,0.0,0.0,,,,,,35.0,83.6,672.0,0.32,,11.64,11.58,11.7,11.7,11.62,11.76,11.68,11.82,13.9,24.6,22.0,21.1,,,
0.0,2020-02-05 03:30:00,1.0,0.0,0.0,0.0,1.0,1.0,286965.0,663800.0,35.0,83.3,670.0,0.36,4.0,11.64,11.58,11.64,11.7,11.67,11.71,11.7,11.63,13.9,24.6,21.6,20.7,24.2,20.2,24.5
0.0,2020-02-05 03:35:00,,0.0,0.0,,,,,,35.2,82.9,670.0,0.28,,11.64,11.58,11.64,11.7,11.65,11.74,11.63,11.67,13.9,24.6,21.2,20.2,,,
0.0,2020-02-05 03:40:00,,0.0,0.0,,,1.0,,,35.0,82.6,662.0,0.36,,11.7,11.64,11.64,11.76,11.62,11.76,11.7,11.7,14.1,24.5,20.7,19.9,,,24.6
0.0,2020-02-05 03:45:00,1.0,0.0,0.0,0.0,1.0,,286965.08,663801.0,35.2,83.2,652.0,0.36,4.0,11.76,11.7,11.7,11.76,11.6,11.84,11.78,11.63,14.1,24.5,20.1,19.7,24.2,20.2,
0.0,2020-02-05 03:50:00,,0.0,0.0,,,1.0,,,35.3,83.1,646.0,0.28,,11.76,11.7,11.7,11.82,11.76,12.01,11.68,11.74,14.3,24.5,19.6,19.5,,,24.6
0.0,2020-02-05 03:55:00,,0.0,0.0,,,,,,35.5,81.9,636.0,0.32,,11.82,11.76,11.76,11.82,11.76,11.93,11.71,11.68,14.4,24.4,19.3,19.4,,,
0.0,2020-02-05 04:00:00,1.0,0.0,0.0,0.0,1.0,1.0,286965.16,663802.0,35.3,81.1,634.0,0.28,4.0,11.82,11.76,11.76,11.82,11.6,11.84,11.9,11.9,14.4,24.4,19.1,19.2,24.2,20.2,24.6
0.0,2020-02-05 04:05:00,,0.0,0.0,,,,,,35.5,80.0,632.0,0.28,,11.82,11.7,11.76,11.82,11.78,11.81,11.65,11.79,14.4,24.3,18.7,19.2,,,
0.0,2020-02-05 04:10:00,,0.0,0.0,,,1.0,,,35.5,80.5,626.0,0.32,,11.76,11.7,11.76,11.82,11.76,11.79,11.78,11.81,14.3,24.3,18.5,19.0,,,24.6
0.0,2020-02-05 04:15:00,1.0,0.0,0.0,0.0,1.0,,286965.24,663802.0,35.4,80.5,624.0,0.32,0.0,11.76,11.7,11.76,11.76,11.65,11.88,11.85,11.71,14.3,24.3,18.3,18.9,24.2,20.2,
0.0,2020-02-05 04:20:00,,0.0,0.0,,,1.0,,,35.6,80.9,624.0,0.28,,11.76,11.7,11.7,11.76,11.59,11.76,11.73,11.74,14.2,24.2,18.1,18.6,,,24.7
0.0,2020-02-05 04:25:00,,0.0,0.0,,,,,,35.6,81.3,628.0,0.36,,11.76,11.64,11.64,11.76,11.7,11.81,11.62,11.79,14.0,24.2,18.0,18.3,,,
0.0,2020-02-05 04:30:00,1.0,0.0,0.0,0.0,1.0,1.0,286965.32,663803.0,35.5,81.2,632.0,0.36,4.0,11.7,11.64,11.64,11.7,11.6,11.74,11.58,11.74,13.9,24.2,18.0,18.1,24.2,20.2,24.7
0.0,2020-02-05 04:35:00,,0.0,0.0,,,,,,35.5,81.6,630.0,0.36,,11.64,11.58,11.64,11.7,11.4,11.68,11.62,11.68,13.7,24.2,18.0,17.8,,,
0.0,2020-02-05 04:40:00,,0.0,0.0,,,1.0,,,35.6,81.7,630.0,0.32,,11.58,11.52,11.58,11.64,11.37,11.74,11.51,11.54,13.5,24.1,17.9,17.7,,,24.7
0.0,2020-02-05 04:45:00,1.0,0.0,0.0,0.0,1.0,,286965.4,663803.0,35.6,81.7,634.0,0.32,0.0,11.52,11.45,11.52,11.58,11.28,11.5,11.42,11.56,13.3,24.1,17.8,17.4,24.2,20.2,
0.0,2020-02-05 04:50:00,,0.0,0.0,,,1.0,,,35.6,82.1,630.0,0.28,,11.52,11.39,11.45,11.45,11.29,11.59,11.37,11.47,13.1,24.1,17.7,17.1,,,24.7
0.0,2020-02-05 04:55:00,,0.0,0.0,,,,,,35.6,81.6,640.0,0.32,,11.45,11.33,11.39,11.39,11.23,11.58,11.28,11.39,13.0,24.1,17.7,16.9,,,
0.0,2020-02-05 05:00:00,1.0,0.0,0.0,0.0,1.0,1.0,286965.48,663804.0,35.6,82.9,632.0,0.32,4.0,11.39,11.27,11.33,11.33,11.26,11.42,11.18,11.4,12.7,24.1,17.6,16.8,24.2,20.2,24.7
0.0,2020-02-05 05:05:00,,0.0,0.0,,,,,,35.6,83.1,634.0,0.32,,11.33,11.27,11.27,11.27,11.15,11.47,11.11,11.28,12.6,24.1,17.5,16.6,,,
0.0,2020-02-05 05:10:00,,0.0,0.0,,,1.0,,,35.7,82.8,640.0,0.32,,11.27,11.21,11.21,11.27,11.09,11.22,11.33,11.33,12.5,24.0,17.4,16.4,,,24.7
0.0,2020-02-05 05:15:00,1.0,0.0,0.0,0.0,1.0,,286965.55,663805.0,35.7,81.6,636.0,0.32,4.0,11.27,11.21,11.21,11.21,11.05,11.26,11.2,11.37,12.5,24.0,17.4,16.2,24.2,20.2,
0.0,2020-02-05 05:20:00,,0.0,0.0,,,1.0,,,35.7,81.4,632.0,0.32,,11.21,11.21,11.21,11.21,10.97,11.36,11.15,11.2,12.6,24.0,17.3,16.1,,,24.7
0.0,2020-02-05 05:25:00,,0.0,0.0,,,,,,35.5,81.4,628.0,0.32,,11.21,11.21,11.21,11.21,11.11,11.26,11.14,11.28,12.5,24.0,17.2,16.1,,,
0.0,2020-02-05 05:30:00,1.0,0.0,0.0,0.0,1.0,1.0,286965.63,663805.0,35.4,81.6,632.0,0.28,0.0,11.21,11.15,11.21,11.21,11.02,11.26,11.23,11.05,12.5,24.0,17.1,16.1,24.2,20.2,24.7
0.0,2020-02-05 05:35:00,,0.0,0.0,,,,,,35.4,81.7,630.0,0.32,,11.21,11.15,11.21,11.21,11.08,11.12,11.17,11.18,12.5,24.0,17.1,16.0,,,
0.0,2020-02-05 05:40:00,,0.0,0.0,,,1.0,,,35.4,81.7,634.0,0.32,,11.21,11.21,11.21,11.21,11.15,11.31,11.08,11.26,12.7,24.0,17.2,15.8,,,24.7
0.0,2020-02-05 05:45:00,1.0,0.0,0.0,0.0,1.0,,286965.71,663806.0,35.8,82.1,636.0,0.32,4.0,11.21,11.21,11.21,11.21,11.14,11.14,11.18,11.33,12.7,23.9,17.2,15.8,24.2,20.2,
0.0,2020-02-05 05:50:00,,0.0,0.0,,,1.0,,,35.6,82.5,636.0,0.32,,11.21,11.21,11.21,11.21,11.03,11.33,11.14,11.28,12.7,23.9,17.2,15.8,,,24.7
0.0,2020-02-05 05:55:00,,0.0,0.0,,,,,,35.6,83.0,638.0,0.28,,11.21,11.15,11.21,11.21,10.98,11.4,11.29,11.2,12.6,23.9,17.1,15.8,,,
0.0,2020-02-05 06:00:00,1.0,0.0,0.0,0.0,1.0,1.0,286965.79,663807.0,35.4,83.7,640.0,0.36,4.0,11.21,11.21,11.21,11.21,10.97,11.11,11.17,11.25,12.6,23.9,17.1,15.7,24.2,20.2,24.7
0.0,2020-02-05 06:05:00,,0.0,0.0,,,,,,35.6,83.6,634.0,0.32,,11.21,11.21,11.21,11.21,11.06,11.28,11.15,11.26,12.6,23.9,17.0,15.7,,,
0.0,2020-02-05 06:10:00,,0.0,0.0,,,1.0,,,35.7,83.6,638.0,0.36,,11.21,11.21,11.21,11.21,11.18,11.33,11.02,11.12,12.6,23.9,17.1,15.6,,,24.7
0.0,2020-02-05 06:15:00,1.0,0.0,0.0,0.0,1.0,,286965.87,663807.0,35.6,84.0,632.0,0.32,0.0,11.21,11.21,11.21,11.21,11.06,11.31,11.2,11.17,12.6,23.8,17.1,15.6,24.2,20.2,
0.0,2020-02-05 06:20:00,,0.0,0.0,,,1.0,,,35.5,83.9,634.0,0.28,,11.21,11.21,11.21,11.21,10.97,11.26,11.28,11.11,12.6,23.8,17.1,15.6,,,24.75
0.0,2020-02-05 06:25:00,,0.0,0.0,,,,,,35.6,83.9,638.0,0.32,,11.27,11.21,11.21,11.21,11.09,11.34,11.02,11.12,12.7,23.8,17.2,15.5,,,
0.0,2020-02-05 06:30:00,1.0,0.0,0.0,0.0,1.0,1.0,286965.95,663808.0,35.6,83.9,636.0,0.28,4.0,11.27,11.21,11.21,11.27,11.11,11.18,11.02,11.22,12.7,23.8,17.2,15.5,24.2,20.2,24.75
0.0,2020-02-05 06:35:00,,0.0,0.0,,,,,,35.6,83.6,636.0,0.32,,11.27,11.21,11.27,11.27,11.14,11.14,11.06,11.25,12.8,23.8,17.1,15.5,,,
0.0,2020-02-05 06:40:00,,0.0,0.0,,,1.0,,,35.6,83.3,634.0,0.32,,11.27,11.21,11.21,11.27,11.12,11.42,11.11,11.2,12.9,23.8,17.1,15.5,,,24.7
0.0,2020-02-05 06:45:00,1.0,0.0,0.0,0.0,1.0,,286966.02,663808.0,35.6,83.4,634.0,0.32,0.0,11.27,11.27,11.21,11.27,11.11,11.17,11.09,11.31,12.9,23.8,17.1,15.5,24.2,20.2,
0.0,2020-02-05 06:50:00,,0.0,0.0,,,1.0,,,35.7,83.2,640.0,0.32,,11.33,11.27,11.27,11.27,11.18,11.42,11.18,11.29,13.0,23.7,17.2,15.5,,,24.7
0.0,2020-02-05 06:55:00,,0.0,0.0,,,,,,35.7,82.9,640.0,0.32,,11.33,11.33,11.27,11.27,11.08,11.23,11.29,11.36,13.0,23.7,17.2,15.4,,,
0.0,2020-02-05 07:00:00,1.0,0.0,0.0,0.0,1.0,1.0,286966.1,663809.0,36.0,82.5,638.0,0.28,4.0,11.33,11.33,11.27,11.27,11.06,11.33,11.28,11.4,13.1,23.7,17.2,15.4,24.2,20.2,24.7
0.0,2020-02-05 07:05:00,,0.0,0.0,,,,,,35.6,82.7,640.0,0.32,,11.33,11.33,11.27,11.27,11.29,11.2,11.2,11.36,13.1,23.7,17.3,15.4,,,
0.0,2020-02-05 07:10:00,,0.0,0.0,,,1.0,,,35.7,83.0,638.0,0.36,,11.33,11.33,11.27,11.27,11.25,11.31,11.12,11.47,13.1,23.7,17.3,15.4,,,24.7
0.0,2020-02-05 07:15:00,1.0,0.0,0.0,0.0,1.0,,286966.18,663810.0,35.7,83.1,640.0,0.28,4.0,11.33,11.33,11.27,11.33,11.17,11.47,11.15,11.31,13.1,23.7,17.3,15.3,24.2,20.2,
0.0,2020-02-05 07:20:00,,0.0,0.0,,,1.0,,,35.8,84.0,638.0,0.32,,11.39,11.33,11.27,11.33,11.23,11.53,11.26,11.37,13.2,23.7,17.3,15.3,,,24.7
0.0,2020-02-05 07:25:00,,0.0,0.0,,,,,,35.7,85.3,640.0,0.32,,11.39,11.33,11.33,11.33,11.29,11.33,11.34,11.42,13.2,23.6,17.4,15.3,,,
0.0,2020-02-05 07:30:00,1.0,0.0,0.0,0.0,1.0,1.0,286966.26,663810.0,35.8,84.7,640.0,0.32,0.0,11.39,11.39,11.33,11.33,11.31,11.43,11.2,11.47,13.3,23.6,17.4,15.3,24.2,20.2,24.7
0.0,2020-02-05 07:35:00,,0.0,0.0,,,,,,35.8,86.2,640.0,0.32,,11.45,11.39,11.33,11.39,11.18,11.47,11.39,11.34,13.3,23.6,17.4,15.3,,,
0.0,2020-02-05 07:40:00,,0.0,0.0,,,1.0,,,35.9,86.7,642.0,0.28,,11.45,11.39,11.39,11.39,11.39,11.51,11.26,11.36,12.8,23.6,17.5,15.3,,,24.7
0.0,2020-02-05 07:45:00,1.0,0.0,0.0,0.0,1.0,,286966.34,663811.0,35.9,88.9,642.0,0.32,4.0,11.45,11.39,11.39,11.39,11.2,11.54,11.48,11.37,12.1,23.6,17.5,15.3,24.2,20.2,
0.0,2020-02-05 07:50:00,,0.0,0.0,,,1.0,,,36.0,89.9,640.0,0.36,,11.45,11.39,11.39,11.39,11.25,11.53,11.48,11.43,12.1,23.6,17.5,15.3,,,24.7
0.0,2020-02-05 07:55:00,,0.0,0.0,,,,,,35.9,89.8,636.0,0.28,,11.45,11.39,11.39,11.39,11.22,11.36,11.48,11.47,12.2,23.6,17.5,15.3,,,
0.0,2020-02-05 08:00:00,1.0,0.0,0.0,0.0,1.0,1.0,286966.42,663812.0,36.1,89.9,638.0,0.28,4.0,11.39,11.39,11.33,11.39,11.23,11.53,11.33,11.31,12.2,23.5,17.5,15.2,24.2,20.2,24.7
0.0,2020-02-05 08:05:00,,0.0,0.0,,,,,,36.1,89.8,640.0,0.32,,11.45,11.39,11.39,11.39,11.18,11.37,11.29,11.39,12.4,23.5,17.5,15.2,,,
0.0,2020-02-05 08:10:00,,0.0,0.0,,,1.0,,,36.0,89.8,636.0,0.28,,11.45,11.45,11.39,11.45,11.18,11.37,11.45,11.4,12.4,23.6,17.5,15.2,,,24.7
0.0,2020-02-05 08:15:00,1.0,0.0,0.0,0.0,1.0,,286966.5,663816.0,35.8,89.8,636.0,0.32,16.0,11.45,11.45,11.45,11.45,11.39,11.45,11.42,11.45,12.5,23.6,17.4,15.2,24.2,20.2,
0.0,2020-02-05 08:20:00,,0.0,0.0,,,1.0,,,36.1,89.8,640.0,0.28,,11.45,11.45,11.45,11.45,11.4,11.65,11.31,11.47,12.6,23.6,17.4,15.1,,,24.7
0.0,2020-02-05 08:25:00,,0.0,0.0,,,,,,35.9,89.8,640.0,0.28,,11.52,11.45,11.45,11.45,11.23,11.47,11.53,11.48,12.6,23.6,17.4,15.1,,,
0.0,2020-02-05 08:30:00,1.0,0.0,0.0,0.0,1.0,1.0,286966.57,663821.0,36.2,89.8,638.0,0.32,20.0,11.45,11.45,11.45,11.45,11.39,11.37,11.39,11.51,12.6,23.6,17.4,15.1,24.2,20.2,24.8
0.0,2020-02-05 08:35:00,,0.0,0.0,,,,,,36.2,89.8,638.0,0.28,,11.45,11.45,11.45,11.45,11.42,11.67,11.42,11.54,12.7,23.7,17.3,15.1,,,
0.0,2020-02-05 08:40:00,,0.0,0.0,,,1.0,,,36.5,89.9,642.0,0.28,,11.45,11.45,11.45,11.45,11.34,11.54,11.54,11.39,12.7,23.7,17.2,15.1,,,24.8
0.0,2020-02-05 08:45:00,1.0,0.0,0.0,0.0,1.0,,286966.64,663826.0,36.2,89.8,640.0,0.32,20.0,11.45,11.45,11.39,11.45,11.4,11.45,11.43,11.6,12.7,23.8,17.2,15.1,24.2,20.2,
0.0,2020-02-05 08:50:00,,0.0,0.0,,,1.0,,,36.4,89.9,646.0,0.32,,11.39,11.39,11.39,11.39,11.26,11.6,11.43,11.5,12.7,23.8,17.1,15.1,,,24.8
0.0,2020-02-05 08:55:00,,0.0,0.0,,,,,,36.4,89.8,650.0,0.28,,11.39,11.39,11.39,11.39,11.42,11.63,11.26,11.45,12.7,23.8,17.2,15.1,,,
0.0,2020-02-05 09:00:00,1.0,0.0,0.0,0.0,1.0,1.0,286966.72,663831.0,36.6,89.8,650.0,0.32,20.0,11.39,11.33,11.39,11.39,11.33,11.36,11.45,11.5,12.5,23.8,17.2,15.1,24.2,20.2,24.8
0.0,2020-02-05 09:05:00,,0.0,0.0,,,,,,36.6,89.8,648.0,0.28,,11.39,11.33,11.33,11.39,11.23,11.36,11.43,11.53,12.5,23.8,17.2,15.1,,,
0.0,2020-02-05 09:10:00,,0.0,0.0,,,1.0,,,36.7,89.9,652.0,0.32,,11.39,11.33,11.33,11.39,11.33,11.43,11.36,11.37,12.4,23.8,17.2,15.0,,,24.75
0.0,2020-02-05 09:15:00,1.0,0.0,0.0,0.0,1.0,,286966.79,663836.0,36.7,89.9,652.0,0.28,20.0,11.39,11.33,11.33,11.39,11.28,11.47,11.28,11.36,12.6,23.8,17.2,15.0,24.2,20.2,
0.0,2020-02-05 09:20:00,,0.0,0.0,,,1.0,,,36.7,89.9,652.0,0.28,,11.39,11.33,11.33,11.39,11.33,11.45,11.34,11.42,12.8,23.8,17.2,15.0,,,24.75
0.0,2020-02-05 09:25:00,,0.0,0.0,,,,,,36.7,89.9,652.0,0.32,,11.39,11.39,11.39,11.39,11.4,11.53,11.42,11.53,13.0,23.8,17.2,15.0,,,
,2020-02-05 09:30:00,,,,,,1.0,,663841.0,,,,,20.0,,,,,,,,,,,,,,,24.8
0.0,2020-02-05 09:30:01,1.0,0.0,0.0,0.0,1.0,,286966.87,,36.9,89.9,650.0,0.32,,11.39,11.39,11.39,11.39,11.28,11.53,11.4,11.43,13.1,23.8,17.2,15.0,24.2,20.2,
1.0,2020-02-05 09:35:00,,0.0,0.0,,,,,,37.2,89.9,642.0,9.2,,11.45,11.45,11.52,11.52,11.36,11.6,11.62,11.51,13.2,23.9,21.0,20.3,,,
1.0,2020-02-05 09:40:00,,0.0,0.0,,,1.0,,,37.4,89.9,640.0,9.16,,11.52,11.52,11.58,11.58,11.43,11.59,11.67,11.68,13.3,23.9,21.9,21.0,,,24.7
1.0,2020-02-05 09:45:00,1.0,0.0,0.0,0.0,1.0,,286969.13,663848.0,37.6,89.9,642.0,9.2,28.0,11.58,11.52,11.58,11.58,11.53,11.68,11.45,11.59,13.3,23.9,22.3,21.1,24.2,20.2,
1.0,2020-02-05 09:50:00,,0.0,0.0,,,1.0,,,37.8,89.8,642.0,9.12,,11.58,11.52,11.58,11.64,11.48,11.62,11.68,11.71,13.4,23.9,22.4,21.3,,,24.8
1.0,2020-02-05 09:55:00,,0.0,0.0,,,,,,37.8,89.9,644.0,9.12,,11.64,11.52,11.58,11.64,11.56,11.76,11.6,11.79,13.5,23.9,22.6,21.4,,,
1.0,2020-02-05 10:00:00,1.0,0.0,0.0,0.0,1.0,1.0,286971.41,663857.0,37.8,89.9,646.0,9.16,36.0,11.7,11.58,11.64,11.64,11.73,11.85,11.6,11.76,13.5,23.9,22.7,21.5,24.2,20.2,24.75
1.0,2020-02-05 10:05:00,,0.0,0.0,,,,,,37.9,89.8,642.0,9.24,,11.7,11.58,11.64,11.7,11.68,11.73,11.68,11.73,13.6,24.0,22.8,21.6,,,
1.0,2020-02-05 10:10:00,,0.0,0.0,,,1.0,,,38.0,89.8,642.0,9.12,,11.7,11.64,11.64,11.7,11.68,11.68,11.67,11.79,13.7,24.0,22.9,21.7,,,24.7
1.0,2020-02-05 10:15:00,1.0,0.0,0.0,0.0,1.0,,286973.7,663869.0,38.0,89.9,642.0,9.12,48.0,11.7,11.64,11.64,11.7,11.59,11.92,11.85,11.6,13.7,24.0,22.9,21.7,24.2,20.2,
1.0,2020-02-05 10:20:00,,0.0,0.0,,,1.0,,,38.0,89.8,644.0,9.16,,11.7,11.64,11.64,11.7,11.78,11.74,11.67,11.81,13.7,24.1,23.0,21.8,,,24.7
1.0,2020-02-05 10:25:00,,0.0,0.0,,,,,,38.1,89.8,642.0,9.16,,11.76,11.64,11.7,11.76,11.67,11.9,11.67,11.84,13.8,24.1,23.1,21.9,,,
1.0,2020-02-05 10:30:00,1.0,0.0,0.0,0.0,1.0,1.0,286975.99,663882.0,38.2,89.8,646.0,9.04,52.0,11.7,11.7,11.7,11.76,11.73,11.9,11.84,11.81,13.8,24.1,23.2,21.9,24.2,20.2,24.7
1.0,2020-02-05 10:35:00,,0.0,0.0,,,,,,38.3,89.8,646.0,9.0,,11.76,11.7,11.76,11.82,11.71,11.99,11.84,11.78,13.9,24.1,23.2,22.1,,,
1.0,2020-02-05 10:40:00,,0.0,0.0,,,1.0,,,38.2,89.9,648.0,9.04,,11.82,11.76,11.82,11.82,11.7,11.92,11.92,11.87,14.0,24.1,23.3,22.1,,,24.7
1.0,2020-02-05 10:45:00,1.0,0.0,0.0,0.0,1.0,,286978.25,663895.0,38.4,89.9,646.0,9.08,52.0,11.82,11.82,11.82,11.88,11.81,11.99,12.04,11.85,14.1,24.2,23.4,22.2,24.2,20.2,
1.0,2020-02-05 10:50:00,,0.0,0.0,,,1.0,,,38.5,89.9,646.0,8.96,,11.88,11.82,11.82,11.88,11.88,12.05,11.96,11.98,14.1,24.2,23.5,22.2,,,24.7
1.0,2020-02-05 10:55:00,,0.0,0.0,,,,,,38.4,89.8,646.0,9.04,,11.88,11.82,11.88,11.82,11.85,11.96,11.93,11.98,14.1,24.2,23.5,22.3,,,
1.0,2020-02-05 11:00:00,1.0,0.0,0.0,0.0,1.0,1.0,286980.51,663908.0,38.4,89.9,648.0,9.08,52.0,11.88,11.82,11.88,11.88,11.96,11.87,11.85,11.99,14.3,24.2,23.6,22.3,24.2,20.2,24.7
1.0,2020-02-05 11:05:00,,0.0,0.0,,,,,,38.8,89.8,650.0,9.0,,11.88,11.88,11.88,11.88,12.03,12.18,11.85,11.99,14.3,24.2,23.6,22.4,,,
1.0,2020-02-05 11:10:00,,0.0,0.0,,,1.0,,,38.5,89.9,652.0,9.16,,11.95,11.88,11.88,11.88,12.01,12.05,12.04,12.05,14.3,24.2,23.6,22.4,,,24.7
1.0,2020-02-05 11:15:00,1.0,0.0,0.0,0.0,1.0,,286982.76,663920.0,38.8,89.8,656.0,9.04,48.0,11.95,11.88,11.95,11.88,12.07,12.13,11.99,11.95,14.3,24.2,23.7,22.4,24.2,20.2,
1.0,2020-02-05 11:20:00,,0.0,0.0,,,1.0,,,38.8,89.9,658.0,9.08,,12.01,11.95,12.01,11.95,12.05,12.21,11.95,11.99,14.6,24.2,23.7,22.5,,,24.7
1.0,2020-02-05 11:25:00,,0.0,0.0,,,,,,38.9,89.9,658.0,9.0,,12.13,12.01,12.07,12.07,12.08,12.16,12.12,12.12,14.7,24.2,23.8,22.6,,,
1.0,2020-02-05 11:30:00,1.0,0.0,0.0,0.0,1.0,1.0,286985.03,663933.0,38.9,89.9,660.0,9.04,52.0,12.13,12.07,12.13,12.13,12.15,12.32,12.03,12.12,14.8,24.3,23.9,22.6,24.2,20.2,24.6
1.0,2020-02-05 11:35:00,,0.0,0.0,,,,,,39.0,89.9,662.0,9.0,,12.19,12.13,12.13,12.19,12.1,12.38,12.07,12.18,14.7,24.3,23.9,22.7,,,
1.0,2020-02-05 11:40:00,,0.0,0.0,,,1.0,,,39.2,89.9,668.0,9.08,,12.13,12.07,12.13,12.13,12.07,12.19,12.01,12.21,14.6,24.3,23.9,22.6,,,24.6
1.0,2020-02-05 11:45:00,1.0,0.0,0.0,0.0,1.0,,286987.29,663946.0,39.2,89.8,662.0,9.08,52.0,12.19,12.19,12.13,12.19,12.1,12.38,12.12,12.3,14.9,24.3,24.0,22.7,24.2,20.2,
1.0,2020-02-05 11:50:00,,0.0,0.0,,,1.0,,,39.0,89.7,668.0,8.96,,12.19,12.19,12.13,12.19,12.18,12.46,12.13,12.27,14.9,24.3,24.0,22.7,,,24.6
1.0,2020-02-05 11:55:00,,0.0,0.0,,,,,,39.4,88.8,666.0,9.08,,12.25,12.25,12.25,12.25,12.29,12.43,12.23,12.46,15.1,24.3,24.0,22.8,,,
1.0,2020-02-05 12:00:00,1.0,0.0,0.0,0.0,1.0,1.0,286989.55,663959.0,39.3,88.2,666.0,9.08,52.0,12.38,12.32,12.32,12.38,12.18,12.68,12.53,12.43,15.2,24.3,24.1,22.8,24.2,20.2,24.6
1.0,2020-02-05 12:05:00,,0.0,0.0,,,,,,39.1,87.6,670.0,9.12,,12.44,12.38,12.38,12.38,12.46,12.58,12.43,12.38,15.5,24.3,24.1,22.9,,,
1.0,2020-02-05 12:10:00,,0.0,0.0,,,1.0,,,39.6,87.3,670.0,9.04,,12.44,12.44,12.44,12.44,12.4,12.72,12.33,12.4,15.3,24.4,24.1,22.9,,,24.6
1.0,2020-02-05 12:15:00,1.0,0.0,0.0,0.0,1.0,,286991.82,663972.0,39.7,87.0,670.0,9.0,52.0,12.56,12.5,12.5,12.56,12.38,12.53,12.64,12.49,15.4,24.4,24.2,22.9,24.2,20.2,
1.0,2020-02-05 12:20:00,,0.0,0.0,,,1.0,,,39.8,86.1,672.0,9.04,,12.5,12.44,12.44,12.5,12.48,12.57,12.49,12.44,15.4,24.4,24.2,23.0,,,24.5
1.0,2020-02-05 12:25:00,,0.0,0.0,,,,,,39.6,85.7,678.0,9.08,,12.5,12.5,12.5,12.56,12.57,12.88,12.57,12.66,15.8,24.4,24.2,23.0,,,
1.0,2020-02-05 12:30:00,1.0,0.0,0.0,0.0,1.0,1.0,286994.07,663985.0,39.5,84.1,680.0,9.04,52.0,12.62,12.56,12.62,12.69,12.68,12.77,12.63,12.78,16.4,24.4,24.3,23.1,24.2,20.2,24.5
1.0,2020-02-05 12:35:00,,0.0,0.0,,,,,,39.4,83.0,678.0,9.0,,12.75,12.75,12.81,12.81,12.58,12.85,12.8,12.83,16.0,24.4,24.4,23.2,,,
1.0,2020-02-05 12:40:00,,0.0,0.0,,,1.0,,,39.5,82.7,682.0,9.04,,12.81,12.81,12.87,12.87,12.72,12.82,12.89,12.86,16.2,24.4,24.4,23.2,,,24.5
1.0,2020-02-05 12:45:00,1.0,0.0,0.0,0.0,1.0,,286996.34,663998.0,39.5,81.5,686.0,9.08,52.0,12.87,12.81,12.87,12.87,12.82,13.14,12.69,12.86,16.4,24.4,24.5,23.3,24.2,20.2,
1.0,2020-02-05 12:50:00,,0.0,0.0,,,1.0,,,39.7,81.5,686.0,9.08,,12.81,12.81,12.81,12.81,12.83,12.91,12.85,13.0,16.2,24.4,24.5,23.3,,,24.5
1.0,2020-02-05 12:55:00,,0.0,0.0,,,,,,39.8,81.3,688.0,9.08,,12.75,12.75,12.75,12.75,12.86,13.03,12.74,12.85,16.1,24.5,24.5,23.3,,,
1.0,2020-02-05 13:00:00,1.0,0.0,0.0,0.0,1.0,1.0,286998.6,664011.0,39.8,80.8,690.0,9.0,52.0,12.75,12.69,12.75,12.75,12.86,13.09,12.78,12.93,16.1,24.5,24.5,23.3,24.2,20.2,24.5
1.0,2020-02-05 13:05:00,,0.0,0.0,,,,,,39.7,80.3,692.0,9.12,,12.75,12.69,12.69,12.75,12.91,13.09,12.8,13.05,16.3,24.5,24.5,23.3,,,
1.0,2020-02-05 13:10:00,,0.0,0.0,,,1.0,,,39.8,80.5,694.0,9.04,,12.75,12.75,12.69,12.75,12.75,12.97,12.83,13.03,16.0,24.5,24.5,23.3,,,24.5
1.0,2020-02-05 13:15:00,1.0,0.0,0.0,0.0,1.0,,287000.87,664024.0,39.7,80.6,696.0,8.96,52.0,12.69,12.62,12.62,12.69,12.83,13.14,12.96,13.11,16.7,24.5,24.6,23.4,24.2,20.2,
1.0,2020-02-05 13:20:00,,0.0,0.0,,,1.0,,,39.6,79.4,700.0,9.04,,12.75,12.69,12.75,12.75,13.0,13.22,12.96,13.19,16.2,24.5,24.6,23.4,,,24.5
1.0,2020-02-05 13:25:00,,0.0,0.0,,,,,,39.6,79.0,696.0,9.0,,12.75,12.69,12.69,12.75,12.94,13.11,13.02,13.17,16.4,24.5,24.6,23.4,,,
1.0,2020-02-05 13:30:00,1.0,0.0,0.0,0.0,1.0,1.0,287003.12,664037.0,39.8,78.5,700.0,9.12,52.0,12.75,12.69,12.69,12.75,12.94,13.22,13.0,13.22,16.6,24.5,24.6,23.4,24.2,20.2,24.0
1.0,2020-02-05 13:35:00,,0.0,0.0,,,,,,39.5,78.2,700.0,28.64,,10.47,10.22,12.75,12.75,20.13,12.6,7.24,12.49,16.3,24.5,16.1,23.2,,,
1.0,2020-02-05 13:40:00,,0.0,0.0,,,1.0,,,39.8,78.1,704.0,28.32,,10.22,10.1,12.69,12.62,19.52,12.38,7.15,12.41,16.1,24.5,15.2,22.6,,,24.0
1.0,2020-02-05 13:45:00,1.0,0.0,0.0,0.0,1.0,,287009.78,664054.0,39.8,79.3,704.0,28.4,68.0,10.04,9.91,12.44,12.5,19.57,12.46,6.65,12.24,15.7,24.4,14.9,22.2,23.5,20.0,
1.0,2020-02-05 13:50:00,,0.0,0.0,,,1.0,,,39.5,78.3,688.0,28.44,,9.91,9.85,12.5,12.56,19.43,12.35,6.92,12.43,15.8,24.4,14.7,22.0,,,24.0
1.0,2020-02-05 13:55:00,,0.0,0.0,,,,,,39.3,78.3,688.0,28.36,,9.79,9.73,12.5,12.56,19.43,12.43,6.7,12.33,15.9,24.3,14.6,21.8,,,
1.0,2020-02-05 14:00:00,1.0,0.0,0.0,0.0,1.0,1.0,287016.92,664072.0,39.3,79.0,684.0,28.6,72.0,9.73,9.67,12.5,12.5,19.41,12.46,6.92,12.3,15.9,24.2,14.3,21.7,23.5,20.0,24.0
1.0,2020-02-05 14:05:00,,0.0,0.0,,,,,,39.0,78.6,678.0,28.48,,9.67,9.61,12.5,12.56,19.48,12.49,6.73,12.49,16.1,24.2,13.9,21.6,,,
1.0,2020-02-05 14:10:00,,0.0,0.0,,,1.0,,,39.1,77.6,680.0,28.48,,9.67,9.61,12.56,12.56,19.4,12.44,6.58,12.3,15.8,24.1,13.6,21.4,,,24.0
1.0,2020-02-05 14:15:00,1.0,0.0,0.0,0.0,1.0,,287024.02,664090.0,39.0,77.9,676.0,28.56,72.0,9.61,9.54,12.56,12.56,19.69,12.51,6.68,12.3,16.3,24.0,13.6,21.3,23.5,20.0,
1.0,2020-02-05 14:20:00,,0.0,0.0,,,1.0,,,38.7,77.3,676.0,28.76,,9.61,9.54,12.62,12.62,20.02,12.61,6.65,12.38,16.5,23.9,13.4,21.3,,,24.0
1.0,2020-02-05 14:25:00,,0.0,0.0,,,,,,39.0,78.0,686.0,28.64,,9.61,9.48,12.56,12.62,19.38,12.24,6.81,12.3,15.8,23.9,13.2,21.1,,,
1.0,2020-02-05 14:30:00,1.0,0.0,0.0,0.0,1.0,1.0,287031.2,664108.0,38.8,78.5,676.0,28.6,72.0,9.54,9.48,12.5,12.56,19.29,12.32,6.68,12.37,15.9,23.9,13.2,21.0,23.5,20.0,24.0
1.0,2020-02-05 14:35:00,,0.0,0.0,,,,,,38.9,77.5,676.0,28.76,,9.54,9.48,12.56,12.69,19.46,12.52,6.67,12.43,16.6,23.8,13.1,21.1,,,
1.0,2020-02-05 14:40:00,,0.0,0.0,,,1.0,,,38.4,77.4,680.0,28.88,,9.54,9.48,12.69,12.75,20.06,12.6,6.67,12.48,16.8,23.8,13.1,21.0,,,24.0
1.0,2020-02-05 14:45:00,1.0,0.0,0.0,0.0,1.0,,287038.36,664126.0,39.0,77.5,682.0,28.8,72.0,9.48,9.48,12.62,12.62,19.52,12.27,6.68,12.32,16.2,23.7,12.9,20.9,23.5,20.0,
1.0,2020-02-05 14:50:00,,0.0,0.0,,,1.0,,,39.0,77.9,670.0,28.8,,9.48,9.48,12.56,12.62,19.41,12.19,6.68,12.3,16.0,23.7,12.9,20.8,,,24.0
1.0,2020-02-05 14:55:00,,0.0,0.0,,,,,,38.9,78.2,672.0,28.92,,9.48,9.48,12.56,12.62,19.66,12.4,6.58,12.33,16.2,23.7,12.8,20.9,,,
1.0,2020-02-05 15:00:00,1.0,0.0,0.0,0.0,1.0,1.0,287045.59,664143.0,38.9,78.8,674.0,28.8,68.0,9.48,9.48,12.56,12.62,19.52,12.3,6.54,12.29,16.0,23.7,12.8,20.8,23.5,20.0,24.0
1.0,2020-02-05 15:05:00,,0.0,0.0,,,,,,38.9,77.9,672.0,12.88,,11.21,11.15,12.69,12.69,12.35,12.43,11.05,12.21,16.4,23.6,15.4,20.8,,,
1.0,2020-02-05 15:10:00,,0.0,0.0,,,1.0,,,39.0,78.1,666.0,9.44,,12.56,12.5,12.75,12.69,12.4,12.83,12.29,12.69,16.2,23.6,18.5,20.9,,,24.0
1.0,2020-02-05 15:15:00,1.0,0.0,0.0,0.0,1.0,,287049.31,664158.0,39.2,78.0,664.0,9.44,60.0,13.18,13.12,12.81,12.69,12.58,13.13,12.55,12.88,16.4,23.6,19.8,21.2,23.5,20.0,
1.0,2020-02-05 15:20:00,,0.0,0.0,,,1.0,,,39.4,78.2,658.0,9.44,,13.49,13.49,12.69,12.69,12.83,13.14,12.98,12.97,16.0,23.6,20.9,21.4,,,24.0
1.0,2020-02-05 15:25:00,,0.0,0.0,,,,,,39.3,78.8,656.0,9.4,,13.73,13.73,12.69,12.69,13.05,13.11,13.23,12.94,15.9,23.6,21.7,21.6,,,
1.0,2020-02-05 15:30:00,1.0,0.0,0.0,0.0,1.0,1.0,287051.66,664171.0,39.4,78.2,652.0,9.36,52.0,13.73,13.73,12.62,12.69,13.11,12.97,13.22,12.97,15.9,23.6,22.3,21.8,23.5,20.0,24.0
1.0,2020-02-05 15:35:00,,0.0,0.0,,,,,,39.6,78.7,652.0,9.4,,13.79,13.79,12.62,12.62,12.83,12.88,12.88,12.91,15.7,23.6,22.7,21.9,,,
1.0,2020-02-05 15:40:00,,0.0,0.0,,,1.0,,,39.3,77.6,652.0,9.36,,13.67,13.61,12.5,12.56,12.69,12.94,12.91,12.96,15.9,23.7,22.9,22.2,,,24.0
1.0,2020-02-05 15:45:00,1.0,0.0,0.0,0.0,1.0,,287054.0,664184.0,39.4,78.4,652.0,9.32,52.0,13.55,13.55,12.5,12.56,12.71,12.97,12.61,12.88,16.0,23.7,23.2,22.3,23.5,20.0,
1.0,2020-02-05 15:50:00,,0.0,0.0,,,1.0,,,39.3,78.3,644.0,9.36,,12.99,12.93,12.5,12.5,12.61,12.88,12.61,12.88,15.7,23.8,23.4,22.3,,,24.0
1.0,2020-02-05 15:55:00,,0.0,0.0,,,,,,39.3,77.9,646.0,9.36,,12.75,12.62,12.5,12.5,12.48,12.97,12.64,12.74,15.9,23.8,23.6,22.4,,,
1.0,2020-02-05 16:00:00,1.0,0.0,0.0,0.0,1.0,1.0,287056.32,664197.0,39.2,78.4,644.0,9.28,52.0,12.62,12.56,12.5,12.5,12.55,12.82,12.77,12.82,15.8,23.8,23.7,22.5,23.5,20.0,24.0
1.0,2020-02-05 16:05:00,,0.0,0.0,,,,,,39.3,78.3,646.0,9.32,,12.56,12.5,12.5,12.5,12.49,12.93,12.71,12.68,15.5,23.8,23.8,22.5,,,
1.0,2020-02-05 16:10:00,,0.0,0.0,,,1.0,,,39.2,78.4,646.0,9.32,,12.56,12.5,12.5,12.5,12.49,12.85,12.58,12.82,15.7,23.8,23.8,22.6,,,24.0
1.0,2020-02-05 16:15:00,1.0,0.0,0.0,0.0,1.0,,287058.66,664210.0,39.3,79.2,644.0,9.32,52.0,12.56,12.5,12.5,12.5,12.49,12.86,12.52,12.68,15.4,23.8,23.9,22.7,23.5,20.0,
1.0,2020-02-05 16:20:00,,0.0,0.0,,,1.0,,,39.3,77.7,640.0,9.32,,12.5,12.44,12.44,12.44,12.46,12.69,12.6,12.72,15.2,23.8,23.9,22.7,,,24.0
1.0,2020-02-05 16:25:00,,0.0,0.0,,,,,,39.2,78.0,642.0,9.36,,12.44,12.38,12.44,12.44,12.4,12.69,12.63,12.71,15.5,23.9,24.0,22.8,,,
1.0,2020-02-05 16:30:00,1.0,0.0,0.0,0.0,1.0,1.0,287061.0,664223.0,39.1,77.5,642.0,9.28,52.0,12.38,12.38,12.38,12.38,12.4,12.66,12.4,12.64,15.5,23.9,24.0,22.8,23.5,20.0,24.0
1.0,2020-02-05 16:35:00,,0.0,0.0,,,,,,39.0,77.5,642.0,9.28,,12.38,12.38,12.44,12.38,12.38,12.75,12.35,12.66,15.6,23.9,24.0,22.8,,,
1.0,2020-02-05 16:40:00,,0.0,0.0,,,1.0,,,38.9,78.6,644.0,9.32,,12.44,12.38,12.44,12.38,12.35,12.69,12.52,12.61,15.2,23.9,24.0,22.8,,,24.0
1.0,2020-02-05 16:45:00,1.0,0.0,0.0,0.0,1.0,,287063.32,664236.0,39.0,78.4,638.0,9.28,52.0,12.5,12.44,12.5,12.44,12.37,12.61,12.44,12.64,15.4,23.9,24.1,22.8,23.5,20.0,
1.0,2020-02-05 16:50:00,,0.0,0.0,,,1.0,,,38.9,78.9,638.0,9.32,,12.44,12.44,12.5,12.44,12.27,12.58,12.48,12.64,15.3,23.9,24.1,22.8,,,24.0
1.0,2020-02-05 16:55:00,,0.0,0.0,,,,,,38.9,79.0,638.0,9.36,,12.44,12.38,12.44,12.38,12.29,12.53,12.43,12.48,15.3,23.9,24.1,22.8,,,
1.0,2020-02-05 17:00:00,1.0,0.0,0.0,0.0,1.0,1.0,287065.66,664249.0,38.9,79.6,640.0,9.36,52.0,12.44,12.38,12.44,12.38,12.35,12.52,12.26,12.49,15.4,23.9,24.1,22.8,23.5,20.0,24.0
1.0,2020-02-05 17:05:00,,0.0,0.0,,,,,,38.9,79.2,640.0,9.32,,12.38,12.32,12.38,12.38,12.3,12.58,12.51,12.58,15.7,23.9,24.1,22.9,,,
1.0,2020-02-05 17:10:00,,0.0,0.0,,,1.0,,,38.9,79.4,646.0,9.28,,12.32,12.25,12.32,12.32,12.33,12.6,12.52,12.53,15.6,24.0,24.1,22.9,,,24.0
1.0,2020-02-05 17:15:00,1.0,0.0,0.0,0.0,1.0,,287067.98,664262.0,38.9,79.7,640.0,9.4,52.0,12.19,12.13,12.19,12.19,12.35,12.38,12.24,12.49,15.4,24.0,24.1,22.9,23.5,20.0,
1.0,2020-02-05 17:20:00,,0.0,0.0,,,1.0,,,38.8,79.2,642.0,9.52,,12.13,12.07,12.07,12.13,12.27,12.4,12.26,12.48,15.3,24.0,24.1,22.9,,,24.1
1.0,2020-02-05 17:25:00,,0.0,0.0,,,,,,38.8,79.8,644.0,9.28,,12.13,12.01,12.07,12.13,12.21,12.29,12.27,12.43,15.0,24.0,24.1,22.9,,,
1.0,2020-02-05 17:30:00,1.0,0.0,0.0,0.0,1.0,1.0,287070.33,664275.0,38.8,80.6,640.0,9.32,52.0,12.07,12.01,12.01,12.07,12.15,12.26,12.27,12.32,14.8,24.0,24.1,22.9,23.5,20.0,24.1
1.0,2020-02-05 17:35:00,,0.0,0.0,,,,,,38.5,80.6,644.0,9.28,,12.07,12.01,12.01,12.01,12.04,12.38,12.23,12.18,14.9,24.0,24.1,22.8,,,
1.0,2020-02-05 17:40:00,,0.0,0.0,,,1.0,,,38.7,81.2,640.0,9.28,,12.07,11.95,12.01,12.01,12.04,12.43,12.24,12.32,14.7,24.0,24.1,22.8,,,24.1
1.0,2020-02-05 17:45:00,1.0,0.0,0.0,0.0,1.0,,287072.65,664288.0,38.8,81.4,644.0,9.32,52.0,12.07,11.95,12.01,12.01,11.96,12.27,12.15,12.08,14.6,24.1,24.1,22.7,23.5,20.0,
1.0,2020-02-05 17:50:00,,0.0,0.0,,,1.0,,,38.5,81.6,644.0,9.28,,12.01,11.95,11.88,11.95,11.95,12.12,12.18,12.15,14.5,24.1,24.1,22.8,,,24.1
1.0,2020-02-05 17:55:00,,0.0,0.0,,,,,,38.7,81.9,650.0,9.28,,11.95,11.95,11.95,11.95,11.95,12.19,12.21,12.01,14.6,24.1,24.1,22.8,,,
1.0,2020-02-05 18:00:00,1.0,90.0,0.0,0.0,1.0,1.0,287075.07,664301.0,38.8,81.8,664.0,20.52,52.0,11.95,11.88,11.88,11.95,11.93,12.12,12.03,12.01,14.4,24.1,25.0,22.8,23.5,20.0,24.1
1.0,2020-02-05 18:05:00,,0.0,0.0,,,,,,38.6,82.3,658.0,26.84,,11.82,11.82,10.96,10.59,11.67,16.37,11.73,8.24,14.3,24.2,22.3,22.8,,,
1.0,2020-02-05 18:10:00,,0.0,0.0,,,1.0,,,38.7,82.9,662.0,27.28,,11.64,11.58,10.47,10.35,11.54,24.35,11.84,8.13,14.1,24.2,20.9,22.4,,,24.1
1.0,2020-02-05 18:15:00,1.0,0.0,0.0,0.0,1.0,,287080.86,664317.0,38.8,83.0,662.0,25.24,64.0,11.58,11.52,10.41,10.35,11.73,21.17,11.56,7.58,14.1,24.2,20.5,22.0,23.5,20.0,
1.0,2020-02-05 18:20:00,,0.0,0.0,,,1.0,,,38.5,83.6,658.0,23.52,,11.52,11.45,10.35,10.35,11.74,19.88,11.65,7.54,14.0,24.2,20.2,21.9,,,24.1
1.0,2020-02-05 18:25:00,,0.0,0.0,,,,,,38.4,84.0,664.0,25.88,,11.52,11.45,10.35,10.35,11.54,21.49,11.74,6.93,14.0,24.2,20.1,21.8,,,
1.0,2020-02-05 18:30:00,1.0,0.0,0.0,0.0,1.0,1.0,287087.12,664334.0,38.5,84.3,666.0,21.36,68.0,11.52,11.39,10.35,10.35,11.58,17.28,11.7,7.18,13.9,24.2,20.0,21.6,23.5,20.0,24.1
1.0,2020-02-05 18:35:00,,0.0,0.0,,,,,,38.3,84.4,664.0,25.72,,11.52,11.39,10.16,10.16,11.58,22.21,11.47,7.37,13.8,24.1,19.8,21.4,,,
1.0,2020-02-05 18:40:00,,0.0,0.0,,,1.0,,,38.3,85.1,668.0,24.0,,11.52,11.39,10.16,10.1,11.45,21.55,11.71,7.49,13.8,24.0,19.7,21.3,,,24.1
1.0,2020-02-05 18:45:00,1.0,0.0,0.0,0.0,1.0,,287093.33,664351.0,38.4,85.2,670.0,25.72,68.0,11.52,11.39,10.1,10.04,11.45,20.51,11.74,7.26,13.7,24.0,19.6,21.3,23.5,20.0,
1.0,2020-02-05 18:50:00,,0.0,0.0,,,1.0,,,38.4,85.6,680.0,22.68,,11.52,11.45,10.16,10.16,11.42,20.22,11.67,7.58,13.7,24.0,19.7,21.2,,,24.2
1.0,2020-02-05 18:55:00,,0.0,0.0,,,,,,38.5,86.2,674.0,30.24,,11.52,11.45,10.04,10.04,11.47,19.43,11.48,7.48,13.6,24.0,19.6,21.1,,,
1.0,2020-02-05 19:00:00,1.0,0.0,0.0,0.0,1.0,1.0,287099.59,664368.0,38.4,86.4,676.0,25.0,68.0,11.52,11.45,10.1,10.1,11.54,25.9,11.45,7.88,13.6,24.0,19.5,21.1,23.5,20.0,24.2
1.0,2020-02-05 19:05:00,,0.0,0.0,,,,,,38.4,86.6,674.0,22.8,,11.52,11.45,10.1,10.1,11.33,18.2,11.53,6.23,13.6,23.9,19.4,21.0,,,
1.0,2020-02-05 19:10:00,,0.0,0.0,,,1.0,,,38.4,86.9,676.0,28.12,,11.52,11.45,10.04,9.98,11.5,21.35,11.58,7.65,13.5,23.9,19.4,21.0,,,24.2
1.0,2020-02-05 19:15:00,1.0,0.0,0.0,0.0,1.0,,287105.82,664385.0,38.5,87.1,682.0,25.0,68.0,11.52,11.45,10.1,10.04,11.33,22.95,11.65,7.58,13.5,23.9,19.3,20.9,23.5,20.0,
1.0,2020-02-05 19:20:00,,0.0,0.0,,,1.0,,,38.3,87.2,688.0,23.04,,11.45,11.39,10.04,9.98,11.37,16.94,11.43,6.89,13.4,23.8,19.2,20.9,,,24.2
1.0,2020-02-05 19:25:00,,0.0,0.0,,,,,,38.4,87.4,686.0,29.04,,11.39,11.39,9.98,9.91,11.47,23.2,11.39,7.74,13.4,23.8,19.2,20.8,,,
1.0,2020-02-05 19:30:00,1.0,0.0,0.0,0.0,1.0,1.0,287112.07,664402.0,38.4,87.8,686.0,24.88,68.0,11.39,11.39,10.04,10.04,11.39,20.87,11.42,6.87,13.3,23.8,19.2,20.8,23.5,20.0,24.2
1.0,2020-02-05 19:35:00,,0.0,0.0,,,,,,38.4,87.8,686.0,22.96,,11.39,11.33,10.04,10.04,11.23,17.01,11.45,7.01,13.2,23.8,19.2,20.8,,,
1.0,2020-02-05 19:40:00,,0.0,0.0,,,1.0,,,38.3,88.2,692.0,29.84,,11.33,11.27,9.98,9.91,11.36,24.02,11.33,7.79,13.1,23.8,19.1,20.7,,,24.2
1.0,2020-02-05 19:45:00,1.0,0.0,0.0,0.0,1.0,,287117.44,664418.0,38.5,88.5,690.0,10.4,64.0,11.64,11.64,12.19,12.25,11.34,11.5,11.36,11.59,13.0,23.7,20.6,20.7,23.5,20.0,
1.0,2020-02-05 19:50:00,,0.0,0.0,,,1.0,,,38.5,88.6,692.0,10.28,,11.64,11.58,12.56,12.62,11.31,11.63,11.36,11.76,12.9,23.7,21.2,20.9,,,24.2
1.0,2020-02-05 19:55:00,,0.0,0.0,,,,,,38.4,88.5,696.0,10.28,,11.58,11.52,12.99,13.05,11.28,11.68,11.53,11.7,12.9,23.8,21.8,21.1,,,
1.0,2020-02-05 20:00:00,1.0,0.0,0.0,0.0,1.0,1.0,287120.0,664431.0,38.3,89.0,696.0,10.28,52.0,11.58,11.52,13.36,13.36,11.29,11.62,11.33,11.73,12.8,23.8,22.3,21.4,23.5,20.0,24.75
1.0,2020-02-05 20:05:00,,0.0,0.0,,,,,,38.5,89.0,706.0,10.2,,11.52,11.45,13.24,13.24,11.2,11.7,11.48,11.53,12.8,23.9,22.6,21.5,,,
1.0,2020-02-05 20:10:00,,0.0,0.0,,,1.0,,,38.5,89.6,708.0,10.24,,11.52,11.39,12.87,12.87,11.23,11.56,11.53,11.42,12.7,23.9,22.8,21.7,,,24.75
1.0,2020-02-05 20:15:00,1.0,0.0,0.0,0.0,1.0,,287122.57,664445.0,38.5,89.9,710.0,10.24,56.0,11.45,11.39,12.56,12.56,11.31,11.4,11.22,11.53,12.6,23.9,23.0,21.8,24.2,20.2,
1.0,2020-02-05 20:20:00,,63.3,0.0,,,1.0,,,38.8,89.9,714.0,10.96,,11.39,11.33,12.32,12.32,11.22,11.48,11.43,11.36,12.5,24.0,23.2,21.9,,,24.75
1.0,2020-02-05 20:25:00,,63.3,0.0,,,,,,38.5,89.8,714.0,11.36,,11.33,11.27,12.01,12.07,11.25,11.33,11.25,11.43,12.5,24.0,23.3,22.0,,,
1.0,2020-02-05 20:30:00,1.0,63.3,0.0,0.0,1.0,1.0,287125.3,664458.0,38.6,89.8,718.0,11.56,52.0,11.33,11.27,11.82,11.82,11.14,11.51,11.29,11.43,12.5,24.0,23.4,22.1,24.2,20.2,24.75
1.0,2020-02-05 20:35:00,,66.6,0.0,,,,,,38.6,89.8,714.0,12.92,,11.27,11.21,11.64,11.7,11.05,11.23,11.34,11.39,12.4,24.1,23.6,22.1,,,
1.0,2020-02-05 20:40:00,,66.6,0.0,,,1.0,,,38.5,89.9,714.0,12.88,,11.21,11.21,11.52,11.58,11.14,11.43,11.28,11.2,12.3,24.1,23.6,22.2,,,24.75
1.0,2020-02-05 20:45:00,1.0,70.0,0.0,0.0,1.0,,287128.52,664472.0,38.7,89.9,704.0,12.4,56.0,11.21,11.15,11.39,11.45,11.09,11.31,11.15,11.31,12.2,24.2,23.7,22.2,24.2,20.2,
1.0,2020-02-05 20:50:00,,70.0,0.0,,,1.0,,,38.4,89.9,704.0,12.44,,11.15,11.08,11.33,11.39,11.0,11.23,11.18,11.33,12.2,24.2,23.7,22.3,,,24.75
1.0,2020-02-05 20:55:00,,70.0,0.0,,,,,,38.4,89.8,702.0,12.52,,11.08,11.02,11.27,11.33,11.06,11.37,11.29,11.18,12.0,24.2,23.7,22.3,,,
1.0,2020-02-05 21:00:00,1.0,70.0,0.0,0.0,1.0,1.0,287131.64,664485.0,38.5,89.8,714.0,12.6,52.0,11.08,10.96,11.21,11.27,11.14,11.31,11.02,11.12,11.9,24.2,23.7,22.3,24.2,20.2,24.75
0.0,2020-02-05 21:05:00,,0.0,0.0,,,,,,38.8,89.9,710.0,0.28,,11.02,10.9,11.08,11.21,10.88,11.05,11.11,11.15,11.8,24.2,23.4,22.4,,,
0.0,2020-02-05 21:10:00,,0.0,0.0,,,1.0,,,38.5,89.8,706.0,0.32,,10.96,10.9,11.02,11.15,10.84,11.26,11.11,11.08,11.8,24.2,22.8,22.0,,,24.75
0.0,2020-02-05 21:15:00,1.0,0.0,0.0,0.0,1.0,,287132.15,664496.0,38.6,89.8,706.0,0.32,44.0,10.9,10.84,11.02,11.08,10.91,11.11,11.12,10.94,11.7,24.3,22.2,21.4,24.2,20.2,
0.0,2020-02-05 21:20:00,,0.0,0.0,,,1.0,,,38.6,89.9,708.0,0.32,,10.9,10.84,11.02,11.02,10.95,11.11,10.94,11.05,11.7,24.3,21.7,20.8,,,24.75
0.0,2020-02-05 21:25:00,,0.0,0.0,,,,,,38.6,89.9,706.0,0.32,,10.84,10.78,10.96,10.96,10.89,10.95,10.98,11.02,11.5,24.3,21.2,20.3,,,
0.0,2020-02-05 21:30:00,1.0,0.0,0.0,0.0,1.0,1.0,287132.23,664507.0,38.5,89.9,698.0,0.32,44.0,10.78,10.71,10.96,10.9,10.72,11.03,10.98,10.95,11.5,24.3,20.7,19.8,24.2,20.2,24.75
0.0,2020-02-05 21:35:00,,0.0,0.0,,,,,,38.5,89.9,698.0,0.36,,10.78,10.71,10.9,10.9,10.69,11.05,10.88,10.84,11.5,24.4,20.2,19.4,,,
0.0,2020-02-05 21:40:00,,0.0,0.0,,,1.0,,,38.5,89.9,698.0,0.36,,10.71,10.65,10.84,10.84,10.73,10.97,10.67,10.89,11.3,24.4,19.8,19.0,,,24.75
0.0,2020-02-05 21:45:00,1.0,0.0,0.0,0.0,1.0,,287132.31,664518.0,38.2,89.8,698.0,0.28,44.0,10.71,10.59,10.78,10.78,10.73,10.92,10.91,10.86,11.2,24.4,19.5,18.6,24.2,20.2,
0.0,2020-02-05 21:50:00,,0.0,0.0,,,1.0,,,38.2,89.8,706.0,0.32,,10.65,10.59,10.78,10.71,10.6,10.69,10.72,10.78,10.9,24.4,19.2,18.3,,,24.75
0.0,2020-02-05 21:55:00,,0.0,0.0,,,,,,38.5,89.9,702.0,0.28,,10.59,10.53,10.71,10.71,10.57,10.86,10.78,10.67,10.8,24.4,18.9,17.9,,,
0.0,2020-02-05 22:00:00,1.0,0.0,0.0,0.0,1.0,1.0,287132.39,664528.0,38.4,89.9,700.0,0.28,40.0,10.59,10.53,10.65,10.65,10.55,10.86,10.53,10.66,10.7,24.4,18.7,17.6,24.2,20.2,24.75
0.0,2020-02-05 22:05:00,,0.0,0.0,,,,,,38.2,89.8,704.0,0.36,,10.53,10.47,10.65,10.65,10.46,10.6,10.67,10.7,10.7,24.4,18.4,17.3,,,
0.0,2020-02-05 22:10:00,,0.0,0.0,,,1.0,,,38.1,89.8,700.0,0.36,,10.53,10.47,10.59,10.65,10.43,10.61,10.52,10.7,10.6,24.4,18.2,17.0,,,24.75
0.0,2020-02-05 22:15:00,1.0,0.0,0.0,0.0,1.0,,287132.47,664530.0,38.1,89.9,700.0,0.28,8.0,10.53,10.47,10.65,10.65,10.58,10.86,10.57,10.67,10.7,24.4,17.9,16.8,24.2,20.2,
0.0,2020-02-05 22:20:00,,0.0,0.0,,,1.0,,,38.0,89.9,696.0,0.36,,10.59,10.47,10.65,10.65,10.55,10.77,10.5,10.8,10.9,24.4,17.5,16.5,,,24.75
0.0,2020-02-05 22:25:00,,0.0,0.0,,,,,,38.0,89.8,698.0,0.32,,10.59,10.53,10.65,10.65,10.5,10.69,10.55,10.66,11.0,24.4,17.2,16.5,,,
0.0,2020-02-05 22:30:00,1.0,0.0,0.0,0.0,1.0,1.0,287132.55,664530.0,38.0,89.9,700.0,0.32,0.0,10.65,10.53,10.65,10.65,10.46,10.94,10.73,10.73,11.1,24.3,16.9,16.5,24.2,20.2,24.75
0.0,2020-02-05 22:35:00,,0.0,0.0,,,,,,38.1,89.9,700.0,0.36,,10.65,10.59,10.71,10.71,10.53,10.95,10.7,10.78,11.2,24.2,16.6,16.6,,,
0.0,2020-02-05 22:40:00,,0.0,0.0,,,1.0,,,38.1,89.9,698.0,0.32,,10.65,10.59,10.71,10.71,10.58,10.7,10.63,10.77,11.3,24.2,16.5,16.5,,,24.75
0.0,2020-02-05 22:45:00,1.0,0.0,0.0,0.0,1.0,,287132.63,664531.0,38.1,89.9,700.0,0.36,4.0,10.71,10.59,10.78,10.78,10.73,10.88,10.7,10.72,11.4,24.1,16.2,16.5,24.2,20.2,
0.0,2020-02-05 22:50:00,,0.0,0.0,,,1.0,,,38.1,89.8,696.0,0.36,,10.71,10.65,10.78,10.78,10.63,10.72,10.72,10.84,11.5,24.1,16.1,16.4,,,24.75
0.0,2020-02-05 22:55:00,,0.0,0.0,,,,,,38.1,89.9,692.0,0.32,,10.78,10.71,10.84,10.78,10.64,10.83,10.73,10.8,11.5,24.1,16.0,16.4,,,
0.0,2020-02-05 23:00:00,1.0,0.0,0.0,0.0,1.0,1.0,287132.72,664532.0,38.1,89.9,692.0,0.32,4.0,10.78,10.71,10.84,10.84,10.61,10.83,10.8,10.92,11.6,24.0,15.9,16.3,24.2,20.2,24.0
0.0,2020-02-05 23:05:00,,0.0,0.0,,,,,,38.4,89.9,690.0,0.36,,10.84,10.78,10.9,10.84,10.8,10.8,10.66,10.89,11.8,24.0,15.9,16.2,,,
0.0,2020-02-05 23:10:00,,0.0,0.0,,,1.0,,,38.5,89.8,692.0,0.36,,10.84,10.78,10.9,10.84,10.75,11.09,10.86,10.95,11.8,24.0,15.9,16.2,,,24.0
0.0,2020-02-05 23:15:00,1.0,0.0,0.0,0.0,1.0,,287132.8,664532.0,38.4,89.8,690.0,0.36,0.0,10.84,10.78,10.9,10.9,10.78,11.12,10.72,10.97,11.9,24.0,15.9,16.1,24.2,20.2,
0.0,2020-02-05 23:20:00,,0.0,0.0,,,1.0,,,38.7,89.8,684.0,0.32,,10.84,10.78,10.96,10.9,10.7,10.81,10.86,10.95,11.9,24.0,15.9,16.0,,,24.0
0.0,2020-02-05 23:25:00,,0.0,0.0,,,,,,38.5,89.8,686.0,0.32,,10.9,10.84,10.96,10.9,10.78,10.94,10.78,10.86,11.9,24.0,15.9,15.9,,,
0.0,2020-02-05 23:30:00,1.0,0.0,0.0,0.0,1.0,1.0,287132.88,664533.0,38.6,89.9,684.0,0.32,4.0,10.9,10.84,10.96,10.9,10.8,10.92,10.75,10.97,11.9,24.0,15.8,15.8,24.2,20.2,24.0
0.0,2020-02-05 23:35:00,,0.0,0.0,,,,,,38.7,89.8,680.0,0.32,,10.9,10.84,11.02,10.9,10.72,11.12,11.0,11.02,12.0,24.0,15.8,15.8,,,
0.0,2020-02-05 23:40:00,,0.0,0.0,,,1.0,,,38.8,89.9,676.0,0.32,,10.96,10.84,11.02,10.96,10.91,11.03,10.81,11.05,12.0,24.0,15.8,15.7,,,24.0
0.0,2020-02-05 23:45:00,1.0,0.0,0.0,0.0,1.0,,287132.96,664534.0,38.7,89.8,674.0,0.36,4.0,10.96,10.84,11.02,10.96,10.84,10.97,10.75,11.06,12.0,23.9,15.8,15.6,24.2,20.2,
0.0,2020-02-05 23:50:00,,0.0,0.0,,,1.0,,,38.8,89.8,674.0,0.32,,10.96,10.9,11.08,10.96,10.77,10.97,11.0,11.06,12.0,23.9,15.8,15.5,,,24.0
0.0,2020-02-05 23:55:00,,0.0,0.0,,,,,,38.9,89.9,672.0,0.36,,10.96,10.9,11.08,11.02,10.83,11.15,10.75,10.95,12.0,23.9,15.8,15.4,,,
,2020-02-05 23:59:00,,,,,,,,664534.0,,,,,,,,,,,,,,,,,,,,
